timestamp_ns,timestamp,datetime,bandwidth_mbps,rtt_ms
1775939277125671900,1775939277.1256719,15:27:57.125,427.0,15.27
1775939278145926500,1775939278.1459265,15:27:58.145,419.0,37.2283
1775939279130021300,1775939279.1300213,15:27:59.130,419.0,21.3378
1775939280126254800,1775939280.1262548,15:28:00.126,461.0,17.5924
1775939281127049400,1775939281.1270494,15:28:01.127,472.0,18.3435
1775939282122152000,1775939282.122152,15:28:02.122,472.0,13.3907
1775939283126011100,1775939283.1260111,15:28:03.126,472.0,17.3258
1775939284149221400,1775939284.1492214,15:28:04.149,388.0,40.5325
1775939285135770800,1775939285.1357708,15:28:05.135,357.0,25.2279
1775939286142098000,1775939286.142098,15:28:06.142,472.0,31.8162
1775939287147683600,1775939287.1476836,15:28:07.147,377.0,36.9892
1775939288148056700,1775939288.1480567,15:28:08.148,336.0,37.6327
1775939289131613000,1775939289.131613,15:28:09.131,357.0,19.7972
1775939290130077800,1775939290.1300778,15:28:10.130,398.0,19.2342
1775939291126906200,1775939291.1269062,15:28:11.126,398.0,15.98
1775939292125338800,1775939292.1253388,15:28:12.125,388.0,13.111
1775939293124440400,1775939293.1244404,15:28:13.124,388.0,15.7474
1775939294152752600,1775939294.1527526,15:28:14.152,377.0,44.1479
1775939295136017600,1775939295.1360176,15:28:15.136,377.0,24.7937
1775939296127380000,1775939296.12738,15:28:16.127,409.0,18.6804
1775939297130097600,1775939297.1300976,15:28:17.130,409.0,21.4424
1775939298131141200,1775939298.1311412,15:28:18.131,367.0,21.6451
1775939299123047800,1775939299.1230478,15:28:19.123,398.0,14.4326
1775939300123932600,1775939300.1239326,15:28:20.123,419.0,14.8274
1775939301157614700,1775939301.1576147,15:28:21.157,409.0,46.6138
1775939302170497400,1775939302.1704974,15:28:22.170,430.0,61.8733
1775939303159919500,1775939303.1599195,15:28:23.159,357.0,50.9178
1775939304125799400,1775939304.1257994,15:28:24.125,294.0,17.1441
1775939305125800600,1775939305.1258006,15:28:25.125,336.0,17.1287
1775939306121446800,1775939306.1214468,15:28:26.121,398.0,12.794
1775939307129453000,1775939307.129453,15:28:27.129,409.0,20.7618
1775939308124111400,1775939308.1241114,15:28:28.124,409.0,15.3936
1775939309137634500,1775939309.1376345,15:28:29.137,388.0,29.0492
1775939310121400600,1775939310.1214006,15:28:30.121,430.0,12.7402
1775939311123136800,1775939311.1231368,15:28:31.123,482.0,13.959
1775939312162528300,1775939312.1625283,15:28:32.162,419.0,53.837
1775939313126801000,1775939313.126801,15:28:33.126,357.0,18.1433
1775939314124087600,1775939314.1240876,15:28:34.124,461.0,15.3951
1775939315133844000,1775939315.133844,15:28:35.133,357.0,25.195
1775939316140042300,1775939316.1400423,15:28:36.140,409.0,30.2439
1775939317129706900,1775939317.1297069,15:28:37.129,451.0,19.6594
1775939318133426200,1775939318.1334262,15:28:38.133,472.0,24.7629
1775939319122723300,1775939319.1227233,15:28:39.122,482.0,14.098
1775939320127272400,1775939320.1272724,15:28:40.127,524.0,18.6384
1775939321125635600,1775939321.1256356,15:28:41.125,535.0,17.002
1775939322119402600,1775939322.1194026,15:28:42.119,472.0,10.7817
1775939323123512500,1775939323.1235125,15:28:43.123,440.0,14.8573
1775939324127726000,1775939324.127726,15:28:44.127,524.0,18.7142
1775939325132180500,1775939325.1321805,15:28:45.132,472.0,23.4907
1775939326124156700,1775939326.1241567,15:28:46.124,472.0,15.5004
1775939327135220500,1775939327.1352205,15:28:47.135,461.0,26.5229
1775939328124050600,1775939328.1240506,15:28:48.124,482.0,15.409
1775939329119544300,1775939329.1195443,15:28:49.119,514.0,10.9585
1775939330133803800,1775939330.1338038,15:28:50.133,514.0,22.5995
1775939331123459000,1775939331.123459,15:28:51.123,514.0,14.8216
1775939332127158000,1775939332.127158,15:28:52.127,514.0,18.4051
1775939333136008500,1775939333.1360085,15:28:53.136,440.0,27.227
1775939334133738300,1775939334.1337383,15:28:54.133,367.0,24.5131
1775939335130561400,1775939335.1305614,15:28:55.130,336.0,21.9484
1775939336140742000,1775939336.140742,15:28:56.140,325.0,31.3214
1775939337143991500,1775939337.1439915,15:28:57.143,315.0,35.3612
1775939338125251500,1775939338.1252515,15:28:58.125,262.0,14.2954
1775939339131818500,1775939339.1318185,15:28:59.131,304.0,19.65
1775939340140133900,1775939340.1401339,15:29:00.140,294.0,30.7621
1775939341129579300,1775939341.1295793,15:29:01.129,262.0,20.3527
1775939342116272400,1775939342.1162724,15:29:02.116,304.0,7.634
1775939343131639200,1775939343.1316392,15:29:03.131,252.0,22.9647
1775939344125102300,1775939344.1251023,15:29:04.125,325.0,16.4047
1775939345144976000,1775939345.144976,15:29:05.144,294.0,34.8676
1775939346133688200,1775939346.1336882,15:29:06.133,304.0,24.981
1775939347135704300,1775939347.1357043,15:29:07.135,199.0,27.0889
1775939348127712000,1775939348.127712,15:29:08.127,189.0,19.0976
1775939349128143000,1775939349.128143,15:29:09.128,199.0,19.5417
1775939350137610700,1775939350.1376107,15:29:10.137,105.0,28.9921
1775939351141150700,1775939351.1411507,15:29:11.141,157.0,32.1675
1775939352158067700,1775939352.1580677,15:29:12.158,157.0,48.9723
1775939353126173000,1775939353.126173,15:29:13.126,199.0,17.5762
1775939354134568000,1775939354.134568,15:29:14.134,178.0,25.8994
1775939355137998000,1775939355.137998,15:29:15.137,136.0,29.0919
1775939356156327000,1775939356.156327,15:29:16.156,147.0,47.274
1775939357154800000,1775939357.1548,15:29:17.154,136.0,45.2364
1775939358166158000,1775939358.166158,15:29:18.166,105.0,57.4845
1775939359141245600,1775939359.1412456,15:29:19.141,115.0,32.6484
1775939360203429500,1775939360.2034295,15:29:20.203,126.0,93.5388
1775939361133934700,1775939361.1339347,15:29:21.133,147.0,25.3285
1775939362139959600,1775939362.1399596,15:29:22.139,157.0,31.1249
1775939363146602200,1775939363.1466022,15:29:23.146,157.0,37.9857
1775939364155334700,1775939364.1553347,15:29:24.155,147.0,46.7421
1775939365146052600,1775939365.1460526,15:29:25.146,157.0,35.8494
1775939366145511900,1775939366.1455119,15:29:26.145,157.0,36.6955
1775939367149407400,1775939367.1494074,15:29:27.149,147.0,40.763
1775939368144003000,1775939368.144003,15:29:28.144,157.0,33.2448
1775939369198156600,1775939369.1981566,15:29:29.198,136.0,89.5246
1775939370139283400,1775939370.1392834,15:29:30.139,168.0,30.6907
1775939371136672500,1775939371.1366725,15:29:31.136,157.0,28.0459
1775939372152023300,1775939372.1520233,15:29:32.152,157.0,43.3927
1775939373133726800,1775939373.1337268,15:29:33.133,157.0,25.129
1775939374137687000,1775939374.137687,15:29:34.137,136.0,29.106
1775939375140166300,1775939375.1401663,15:29:35.140,147.0,31.5553
1775939376138742700,1775939376.1387427,15:29:36.138,147.0,30.0125
1775939377149463400,1775939377.1494634,15:29:37.149,168.0,40.8464
1775939378141370500,1775939378.1413705,15:29:38.141,157.0,31.7095
1775939379150194400,1775939379.1501944,15:29:39.150,157.0,41.4851
1775939380129090800,1775939380.1290908,15:29:40.129,168.0,20.3632
1775939381140444500,1775939381.1404445,15:29:41.140,157.0,31.7364
1775939382182881400,1775939382.1828814,15:29:42.182,136.0,74.1916
1775939383171056700,1775939383.1710567,15:29:43.171,94.4,62.3767
1775939384138873000,1775939384.138873,15:29:44.138,147.0,30.1878
1775939385151454000,1775939385.151454,15:29:45.151,147.0,40.9787
1775939386155129700,1775939386.1551297,15:29:46.155,147.0,46.4724
1775939387145445300,1775939387.1454453,15:29:47.145,157.0,35.3539
1775939388210344000,1775939388.210344,15:29:48.210,126.0,101.506
1775939389166547000,1775939389.166547,15:29:49.166,73.4,57.7198
1775939390137490500,1775939390.1374905,15:29:50.137,126.0,28.8191
1775939391139008000,1775939391.139008,15:29:51.139,157.0,30.2908
1775939392161088000,1775939392.161088,15:29:52.161,168.0,52.4796
1775939393142401700,1775939393.1424017,15:29:53.142,157.0,33.7414
1775939394138409600,1775939394.1384096,15:29:54.138,126.0,29.8154
1775939395151273700,1775939395.1512737,15:29:55.151,157.0,42.604
1775939396162874500,1775939396.1628745,15:29:56.162,157.0,54.1929
1775939397140407800,1775939397.1404078,15:29:57.140,168.0,30.6384
1775939398161186000,1775939398.161186,15:29:58.161,178.0,50.6019
1775939399135115900,1775939399.1351159,15:29:59.135,210.0,26.3173
1775939400132211200,1775939400.1322112,15:30:00.132,241.0,22.1417
1775939401191168500,1775939401.1911685,15:30:01.191,231.0,80.7605
1775939402138270100,1775939402.1382701,15:30:02.138,241.0,28.1275
1775939403175536400,1775939403.1755364,15:30:03.175,231.0,64.6658
1775939404126546000,1775939404.126546,15:30:04.126,252.0,17.9453
1775939405131171200,1775939405.1311712,15:30:05.131,252.0,22.5595
1775939406138495400,1775939406.1384954,15:30:06.138,262.0,28.8021
1775939407134132400,1775939407.1341324,15:30:07.134,231.0,25.5012
1775939408126783400,1775939408.1267834,15:30:08.126,294.0,17.6303
1775939409133783800,1775939409.1337838,15:30:09.133,283.0,22.7185
1775939410134496500,1775939410.1344965,15:30:10.134,304.0,24.1854
1775939411138728600,1775939411.1387286,15:30:11.138,315.0,27.7572
1775939412124666700,1775939412.1246667,15:30:12.124,231.0,16.0901
1775939413123716600,1775939413.1237166,15:30:13.123,315.0,15.1149
1775939414157123800,1775939414.1571238,15:30:14.157,273.0,48.5071
1775939415130612000,1775939415.130612,15:30:15.130,294.0,22.0465
1775939416127681500,1775939416.1276815,15:30:16.127,220.0,19.0833
1775939417119743600,1775939417.1197436,15:30:17.119,294.0,11.1254
1775939418134384200,1775939418.1343842,15:30:18.134,262.0,22.9269
1775939419131940600,1775939419.1319406,15:30:19.131,294.0,23.3204
1775939420137510300,1775939420.1375103,15:30:20.137,262.0,25.3477
1775939421128131400,1775939421.1281314,15:30:21.128,283.0,19.4128
1775939422128430600,1775939422.1284306,15:30:22.128,262.0,19.7481
1775939423124010800,1775939423.1240108,15:30:23.124,304.0,15.3075
1775939424129323000,1775939424.129323,15:30:24.129,262.0,20.5732
1775939425130433000,1775939425.130433,15:30:25.130,220.0,21.7812
1775939426134447600,1775939426.1344476,15:30:26.134,199.0,25.7355
1775939427144624700,1775939427.1446247,15:30:27.144,168.0,35.8698
1775939428133433000,1775939428.133433,15:30:28.133,157.0,24.744
1775939429126977200,1775939429.1269772,15:30:29.126,147.0,18.3719
1775939430147739000,1775939430.147739,15:30:30.147,126.0,36.622
1775939431144352700,1775939431.1443527,15:30:31.144,168.0,33.6752
1775939432144545300,1775939432.1445453,15:30:32.144,157.0,35.7859
1775939433135777700,1775939433.1357777,15:30:33.135,168.0,27.05
1775939434139252400,1775939434.1392524,15:30:34.139,178.0,30.6663
1775939435141123300,1775939435.1411233,15:30:35.141,136.0,32.1423
1775939436174002400,1775939436.1740024,15:30:36.174,157.0,65.3758
1775939437152959800,1775939437.1529598,15:30:37.152,94.4,44.2608
1775939438156853700,1775939438.1568537,15:30:38.156,115.0,47.1889
1775939439178867800,1775939439.1788678,15:30:39.178,52.4,70.1104
1775939440185312300,1775939440.1853123,15:30:40.185,94.4,76.5834
1775939441159336800,1775939441.1593368,15:30:41.159,62.9,50.7538
1775939442168969200,1775939442.1689692,15:30:42.168,62.9,60.3787
1775939443233347200,1775939443.2333472,15:30:43.233,52.4,124.6413
1775939444203409400,1775939444.2034094,15:30:44.203,41.9,94.5577
1775939445174606300,1775939445.1746063,15:30:45.174,62.9,65.8336
1775939446168099000,1775939446.168099,15:30:46.168,62.9,59.3837
1775939447200822400,1775939447.2008224,15:30:47.200,73.4,92.1056
1775939448159780500,1775939448.1597805,15:30:48.159,62.9,51.0025
1775939449155845200,1775939449.1558452,15:30:49.155,83.9,47.1281
1775939450168323000,1775939450.168323,15:30:50.168,73.4,59.6611
1775939451166701300,1775939451.1667013,15:30:51.166,73.4,57.9629
1775939452165531900,1775939452.1655319,15:30:52.165,73.4,56.754
1775939453167701500,1775939453.1677015,15:30:53.167,62.9,59.0093
1775939454146384700,1775939454.1463847,15:30:54.146,94.4,36.9099
1775939455142310900,1775939455.1423109,15:30:55.142,126.0,33.7176
1775939456125550700,1775939456.1255507,15:30:56.125,168.0,16.5065
1775939457141710800,1775939457.1417108,15:30:57.141,199.0,30.6218
1775939458140372300,1775939458.1403723,15:30:58.140,157.0,31.7743
1775939459123828600,1775939459.1238286,15:30:59.123,231.0,15.0682
1775939460159077400,1775939460.1590774,15:31:00.159,147.0,50.2882
1775939461137060200,1775939461.1370602,15:31:01.137,168.0,28.448
1775939462197440600,1775939462.1974406,15:31:02.197,126.0,88.0156
1775939463158440600,1775939463.1584406,15:31:03.158,41.9,49.5203
1775939464214091500,1775939464.2140915,15:31:04.214,62.9,105.4575
1775939465172073800,1775939465.1720738,15:31:05.172,41.9,63.4402
1775939466262646200,1775939466.2626462,15:31:06.262,41.9,153.9451
1775939467222077000,1775939467.222077,15:31:07.222,31.5,113.1266
1775939468197633300,1775939468.1976333,15:31:08.197,41.9,88.8139
1775939469203428700,1775939469.2034287,15:31:09.203,42.0,94.7249
1775939470274639400,1775939470.2746394,15:31:10.274,31.5,165.8145
1775939471516927500,1775939471.5169275,15:31:11.516,21.0,408.0755
1775939472639279600,1775939472.6392796,15:31:12.639,21.0,530.4701
1775939473423371300,1775939473.4233713,15:31:13.423,10.5,314.4851
1775939474291908000,1775939474.291908,15:31:14.291,10.5,182.5185
1775939475363444800,1775939475.3634448,15:31:15.363,21.0,254.0448
1775939476239632400,1775939476.2396324,15:31:16.239,21.0,130.7904
1775939477243093000,1775939477.243093,15:31:17.243,31.5,134.3258
1775939478193132400,1775939478.1931324,15:31:18.193,31.5,84.3372
1775939479237291600,1775939479.2372916,15:31:19.237,31.5,128.4323
1775939480247288200,1775939480.2472882,15:31:20.247,31.5,138.5066
1775939481306330000,1775939481.30633,15:31:21.306,41.9,196.7012
1775939482203481200,1775939482.2034812,15:31:22.203,31.5,94.7843
1775939483200122000,1775939483.200122,15:31:23.200,31.5,91.2813
1775939484210425400,1775939484.2104254,15:31:24.210,42.0,101.8266
1775939485224961300,1775939485.2249613,15:31:25.224,41.9,116.1954
1775939486168220500,1775939486.1682205,15:31:26.168,41.9,59.4383
1775939487197013000,1775939487.197013,15:31:27.197,62.9,88.359
1775939488185634100,1775939488.1856341,15:31:28.185,62.9,76.6006
1775939489169575000,1775939489.169575,15:31:29.169,83.9,59.5313
1775939490146986500,1775939490.1469865,15:31:30.146,83.9,38.1286
1775939491163263600,1775939491.1632636,15:31:31.163,105.0,54.5455
1775939492174039400,1775939492.1740394,15:31:32.174,105.0,65.3046
1775939493128062500,1775939493.1280625,15:31:33.128,147.0,19.3674
1775939494142205000,1775939494.142205,15:31:34.142,199.0,33.0878
1775939495141081300,1775939495.1410813,15:31:35.141,210.0,30.669
1775939496137090000,1775939496.13709,15:31:36.137,231.0,28.5041
1775939497137398500,1775939497.1373985,15:31:37.137,241.0,28.7956
1775939498127483000,1775939498.127483,15:31:38.127,315.0,18.4803
1775939499137520600,1775939499.1375206,15:31:39.137,294.0,27.2741
1775939500130939200,1775939500.1309392,15:31:40.130,283.0,22.3416
1775939501131377500,1775939501.1313775,15:31:41.131,304.0,22.7076
1775939502132205200,1775939502.1322052,15:31:42.132,315.0,23.5668
1775939503134644700,1775939503.1346447,15:31:43.134,262.0,25.538
1775939504127240000,1775939504.12724,15:31:44.127,283.0,18.3009
1775939505133988000,1775939505.133988,15:31:45.133,262.0,24.8912
1775939506130511000,1775939506.130511,15:31:46.130,231.0,19.9862
1775939507155616300,1775939507.1556163,15:31:47.155,252.0,45.9538
1775939508142293500,1775939508.1422935,15:31:48.142,168.0,32.1245
1775939509156063300,1775939509.1560633,15:31:49.156,220.0,47.4683
1775939510190033000,1775939510.190033,15:31:50.190,199.0,81.4204
1775939511136227100,1775939511.1362271,15:31:51.136,115.0,27.5546
1775939512144178600,1775939512.1441786,15:31:52.144,136.0,33.9465
1775939513147924000,1775939513.147924,15:31:53.147,168.0,39.341
1775939514139914000,1775939514.139914,15:31:54.139,147.0,31.3278
1775939515154376700,1775939515.1543767,15:31:55.154,136.0,44.952
1775939516138472800,1775939516.1384728,15:31:56.138,126.0,29.7935
1775939517200777500,1775939517.2007775,15:31:57.200,83.9,91.0013
1775939518148970000,1775939518.14897,15:31:58.148,73.4,40.2355
1775939519130090500,1775939519.1300905,15:31:59.130,147.0,21.4834
1775939520144838000,1775939520.144838,15:32:00.144,147.0,36.2298
1775939521136125000,1775939521.136125,15:32:01.136,147.0,27.1436
1775939522169840300,1775939522.1698403,15:32:02.169,168.0,60.3924
1775939523230702000,1775939523.230702,15:32:03.230,147.0,122.0702
1775939524134464700,1775939524.1344647,15:32:04.134,136.0,24.2619
1775939525191880200,1775939525.1918802,15:32:05.191,147.0,82.1455
1775939526138923400,1775939526.1389234,15:32:06.138,147.0,30.2446
1775939527143243800,1775939527.1432438,15:32:07.143,147.0,34.6587
1775939528141810000,1775939528.14181,15:32:08.141,147.0,32.1266
1775939529141181000,1775939529.141181,15:32:09.141,168.0,30.9122
1775939530131447600,1775939530.1314476,15:32:10.131,136.0,21.5082
1775939531142487500,1775939531.1424875,15:32:11.142,157.0,33.527
1775939532141402000,1775939532.141402,15:32:12.141,157.0,32.8129
1775939533151512400,1775939533.1515124,15:32:13.151,136.0,42.8304
1775939534148021000,1775939534.148021,15:32:14.148,157.0,39.4199
1775939535151848600,1775939535.1518486,15:32:15.151,136.0,43.2045
1775939536164064400,1775939536.1640644,15:32:16.164,189.0,53.1727
1775939537130527500,1775939537.1305275,15:32:17.130,273.0,19.3755
1775939538128003600,1775939538.1280036,15:32:18.128,294.0,19.3802
1775939539136220000,1775939539.13622,15:32:19.136,241.0,26.5747
1775939540122205300,1775939540.1222053,15:32:20.122,262.0,13.6071
1775939541150901000,1775939541.150901,15:32:21.150,294.0,40.5984
1775939542135418200,1775939542.1354182,15:32:22.135,294.0,26.7989
1775939543127473600,1775939543.1274736,15:32:23.127,294.0,18.873
1775939544129514000,1775939544.129514,15:32:24.129,283.0,18.2997
1775939545129742000,1775939545.129742,15:32:25.129,283.0,18.8297
1775939546134305000,1775939546.134305,15:32:26.134,283.0,25.6939
1775939547126551600,1775939547.1265516,15:32:27.126,304.0,17.887
1775939548138746300,1775939548.1387463,15:32:28.138,283.0,28.5506
1775939549127364000,1775939549.127364,15:32:29.127,283.0,18.7081
1775939550127965000,1775939550.127965,15:32:30.127,283.0,18.1119
1775939551128675200,1775939551.1286752,15:32:31.128,283.0,19.792
1775939552120327700,1775939552.1203277,15:32:32.120,294.0,11.6628
1775939553125862000,1775939553.125862,15:32:33.125,315.0,17.1356
1775939554127480300,1775939554.1274803,15:32:34.127,262.0,18.8067
1775939555146822000,1775939555.146822,15:32:35.146,231.0,38.1409
1775939556121939400,1775939556.1219394,15:32:36.121,273.0,13.3481
1775939557138239900,1775939557.1382399,15:32:37.138,252.0,27.148
1775939558143033000,1775939558.143033,15:32:38.143,304.0,34.4343
1775939559130266200,1775939559.1302662,15:32:39.130,262.0,21.6593
1775939560143120500,1775939560.1431205,15:32:40.143,252.0,34.5258
1775939561149230200,1775939561.1492302,15:32:41.149,294.0,38.6381
1775939562129524200,1775939562.1295242,15:32:42.129,283.0,18.3903
1775939563130913500,1775939563.1309135,15:32:43.130,283.0,22.2673
1775939564125282000,1775939564.125282,15:32:44.125,252.0,16.6832
1775939565127074500,1775939565.1270745,15:32:45.127,283.0,18.3945
1775939566127347700,1775939566.1273477,15:32:46.127,283.0,18.7219
1775939567126604600,1775939567.1266046,15:32:47.126,294.0,17.9042
1775939568126378000,1775939568.126378,15:32:48.126,315.0,17.6373
1775939569173860000,1775939569.17386,15:32:49.173,273.0,65.2137
1775939570128382000,1775939570.128382,15:32:50.128,304.0,19.7569
1775939571132125400,1775939571.1321254,15:32:51.132,315.0,22.906
1775939572125469000,1775939572.125469,15:32:52.125,262.0,16.5232
1775939573158421800,1775939573.1584218,15:32:53.158,304.0,47.2504
1775939574130059700,1775939574.1300597,15:32:54.130,325.0,19.1921
1775939575129567000,1775939575.129567,15:32:55.129,336.0,19.5496
1775939576132473700,1775939576.1324737,15:32:56.132,346.0,23.7764
1775939577148232000,1775939577.148232,15:32:57.148,262.0,39.5957
1775939578128620100,1775939578.1286201,15:32:58.128,241.0,20.0043
1775939579123821000,1775939579.123821,15:32:59.123,367.0,15.1919
1775939580123715400,1775939580.1237154,15:33:00.123,346.0,15.081
1775939581197713600,1775939581.1977136,15:33:01.197,273.0,89.0973
1775939582122877800,1775939582.1228778,15:33:02.122,241.0,14.2331
1775939583126170200,1775939583.1261702,15:33:03.126,304.0,17.5528
1775939584130596400,1775939584.1305964,15:33:04.130,304.0,19.2101
1775939585182366600,1775939585.1823666,15:33:05.182,220.0,71.8148
1775939586139501000,1775939586.139501,15:33:06.139,136.0,28.8945
1775939587191825200,1775939587.1918252,15:33:07.191,126.0,83.1274
1775939588136007000,1775939588.136007,15:33:08.136,115.0,26.6567
1775939589133552800,1775939589.1335528,15:33:09.133,178.0,24.9266
1775939590157889600,1775939590.1578896,15:33:10.157,178.0,47.6172
1775939591143817700,1775939591.1438177,15:33:11.143,168.0,33.5426
1775939592141446600,1775939592.1414466,15:33:12.141,157.0,32.1858
1775939593145400800,1775939593.1454008,15:33:13.145,168.0,35.1504
1775939594150902700,1775939594.1509027,15:33:14.150,168.0,41.0993
1775939595141890500,1775939595.1418905,15:33:15.141,168.0,33.1924
1775939596139103200,1775939596.1391032,15:33:16.139,157.0,30.4222
1775939597149226400,1775939597.1492264,15:33:17.149,168.0,40.5147
1775939598140983600,1775939598.1409836,15:33:18.140,147.0,32.3836
1775939599188477500,1775939599.1884775,15:33:19.188,126.0,79.9097
1775939600169884000,1775939600.169884,15:33:20.169,94.4,61.0901
1775939601129428400,1775939601.1294284,15:33:21.129,94.4,20.8207
1775939602149669400,1775939602.1496694,15:33:22.149,168.0,41.0745
1775939603131176200,1775939603.1311762,15:33:23.131,157.0,22.5008
1775939604139063600,1775939604.1390636,15:33:24.139,178.0,28.914
1775939605135794900,1775939605.1357949,15:33:25.135,178.0,27.1203
1775939606130265000,1775939606.130265,15:33:26.130,189.0,21.5498
1775939607134664500,1775939607.1346645,15:33:27.134,231.0,26.0603
1775939608126469400,1775939608.1264694,15:33:28.126,294.0,17.8795
1775939609150899000,1775939609.150899,15:33:29.150,304.0,40.2595
1775939610124165300,1775939610.1241653,15:33:30.124,315.0,14.2579
1775939611133208300,1775939611.1332083,15:33:31.133,231.0,22.0853
1775939612133554700,1775939612.1335547,15:33:32.133,315.0,23.2012
1775939613123673200,1775939613.1236732,15:33:33.123,294.0,13.7867
1775939614124151000,1775939614.124151,15:33:34.124,241.0,13.6309
1775939615136160000,1775939615.13616,15:33:35.136,262.0,27.4684
1775939616155739500,1775939616.1557395,15:33:36.155,231.0,46.9817
1775939617148579400,1775939617.1485794,15:33:37.148,157.0,39.871
1775939618129307000,1775939618.129307,15:33:38.129,252.0,18.6075
1775939619147624700,1775939619.1476247,15:33:39.147,294.0,36.8835
1775939620189140000,1775939620.18914,15:33:40.189,294.0,80.5263
1775939621158047400,1775939621.1580474,15:33:41.158,147.0,49.4502
1775939622155495400,1775939622.1554954,15:33:42.155,126.0,46.8086
1775939623139959300,1775939623.1399593,15:33:43.139,136.0,31.3242
1775939624150113600,1775939624.1501136,15:33:44.150,126.0,41.4993
1775939625139690000,1775939625.13969,15:33:45.139,136.0,31.0813
1775939626137570900,1775939626.1375709,15:33:46.137,168.0,28.9575
1775939627140466500,1775939627.1404665,15:33:47.140,178.0,31.8533
1775939628139829200,1775939628.1398292,15:33:48.139,178.0,31.2228
1775939629138238200,1775939629.1382382,15:33:49.138,157.0,29.6284
1775939630147650700,1775939630.1476507,15:33:50.147,168.0,39.0253
1775939631158650200,1775939631.1586502,15:33:51.158,168.0,49.9216
1775939632134550800,1775939632.1345508,15:33:52.134,157.0,24.2108
1775939633139886000,1775939633.139886,15:33:53.139,178.0,31.2837
1775939634147600700,1775939634.1476007,15:33:54.147,136.0,38.7263
1775939635138213400,1775939635.1382134,15:33:55.138,115.0,29.5584
1775939636145893800,1775939636.1458938,15:33:56.145,105.0,37.2174
1775939637152167000,1775939637.152167,15:33:57.152,136.0,43.4099
1775939638144607300,1775939638.1446073,15:33:58.144,126.0,35.331
1775939639142747000,1775939639.142747,15:33:59.142,147.0,34.124
1775939640158262500,1775939640.1582625,15:34:00.158,105.0,49.6082
1775939641160475300,1775939641.1604753,15:34:01.160,94.4,51.7752
1775939642139508700,1775939642.1395087,15:34:02.139,126.0,30.8908
1775939643130901800,1775939643.1309018,15:34:03.130,168.0,22.2931
1775939644132730000,1775939644.13273,15:34:04.132,199.0,24.1231
1775939645134584700,1775939645.1345847,15:34:05.134,210.0,25.9284
1775939646128446800,1775939646.1284468,15:34:06.128,241.0,18.111
1775939647129650800,1775939647.1296508,15:34:07.129,262.0,20.9875
1775939648130208300,1775939648.1302083,15:34:08.130,220.0,21.5021
1775939649127514600,1775939649.1275146,15:34:09.127,294.0,18.8712
1775939650119290600,1775939650.1192906,15:34:10.119,304.0,10.6188
1775939651120255200,1775939651.1202552,15:34:11.120,283.0,11.5949
1775939652138718000,1775939652.138718,15:34:12.138,273.0,30.0588
1775939653146565700,1775939653.1465657,15:34:13.146,336.0,37.9132
1775939654130738300,1775939654.1307383,15:34:14.130,294.0,22.0822
1775939655131895000,1775939655.131895,15:34:15.131,220.0,23.2201
1775939656133554200,1775939656.1335542,15:34:16.133,231.0,24.917
1775939657138798000,1775939657.138798,15:34:17.138,220.0,29.8341
1775939658134405000,1775939658.134405,15:34:18.134,315.0,25.745
1775939659125329300,1775939659.1253293,15:34:19.125,294.0,16.6385
1775939660129529200,1775939660.1295292,15:34:20.129,304.0,20.8593
1775939661194955300,1775939661.1949553,15:34:21.194,304.0,86.3142
1775939662145881400,1775939662.1458814,15:34:22.145,136.0,36.9954
1775939663151061500,1775939663.1510615,15:34:23.151,178.0,42.3191
1775939664134946600,1775939664.1349466,15:34:24.134,147.0,25.4166
1775939665136037000,1775939665.136037,15:34:25.136,168.0,27.4034
1775939666137005800,1775939666.1370058,15:34:26.137,199.0,28.3893
1775939667192277200,1775939667.1922772,15:34:27.192,105.0,83.6458
1775939668161871000,1775939668.161871,15:34:28.161,136.0,53.244
1775939669146883700,1775939669.1468837,15:34:29.146,157.0,38.2355
1775939670150256200,1775939670.1502562,15:34:30.150,115.0,39.9233
1775939671154553200,1775939671.1545532,15:34:31.154,179.0,45.9101
1775939672142980800,1775939672.1429808,15:34:32.142,157.0,34.3739
1775939673138282000,1775939673.138282,15:34:33.138,136.0,29.6709
1775939674155800600,1775939674.1558006,15:34:34.155,157.0,47.1158
1775939675146522500,1775939675.1465225,15:34:35.146,147.0,36.8405
1775939676155894800,1775939676.1558948,15:34:36.155,126.0,47.2784
1775939677136135000,1775939677.136135,15:34:37.136,147.0,27.4794
1775939678134656700,1775939678.1346567,15:34:38.134,157.0,25.9424
1775939679158341000,1775939679.158341,15:34:39.158,147.0,49.4109
1775939680142428400,1775939680.1424284,15:34:40.142,136.0,33.1307
1775939681141212000,1775939681.141212,15:34:41.141,178.0,32.6144
1775939682138058000,1775939682.138058,15:34:42.138,147.0,29.4287
1775939683143818400,1775939683.1438184,15:34:43.143,157.0,35.1902
1775939684131459200,1775939684.1314592,15:34:44.131,147.0,22.8377
1775939685146579500,1775939685.1465795,15:34:45.146,168.0,37.8047
1775939686143060400,1775939686.1430604,15:34:46.143,147.0,34.3976
1775939687149396400,1775939687.1493964,15:34:47.149,168.0,40.7079
1775939688130059200,1775939688.1300592,15:34:48.130,168.0,21.4499
1775939689136117200,1775939689.1361172,15:34:49.136,178.0,27.4427
1775939690137463000,1775939690.137463,15:34:50.137,157.0,28.0091
1775939691142266300,1775939691.1422663,15:34:51.142,189.0,33.6474
1775939692146587400,1775939692.1465874,15:34:52.146,178.0,37.9719
1775939693130490800,1775939693.1304908,15:34:53.130,252.0,21.7809
1775939694129725000,1775939694.129725,15:34:54.129,283.0,21.1192
1775939695130193200,1775939695.1301932,15:34:55.130,273.0,21.5836
1775939696127565600,1775939696.1275656,15:34:56.127,273.0,18.9224
1775939697171601800,1775939697.1716018,15:34:57.171,283.0,62.9988
1775939698181876700,1775939698.1818767,15:34:58.181,262.0,73.257
1775939699124724000,1775939699.124724,15:34:59.124,294.0,16.0623
1775939700134232300,1775939700.1342323,15:35:00.134,283.0,25.6419
1775939701135738800,1775939701.1357388,15:35:01.135,241.0,27.0788
1775939702126668700,1775939702.1266687,15:35:02.126,252.0,18.008
1775939703145858000,1775939703.145858,15:35:03.145,283.0,36.896
1775939704145078400,1775939704.1450784,15:35:04.145,231.0,36.4554
1775939705128074600,1775939705.1280746,15:35:05.128,325.0,19.4531
1775939706127389000,1775939706.127389,15:35:06.127,283.0,18.8023
1775939707132305600,1775939707.1323056,15:35:07.132,294.0,23.6995
1775939708141647000,1775939708.141647,15:35:08.141,178.0,32.5924
1775939709138642800,1775939709.1386428,15:35:09.138,157.0,29.9843
1775939710143459600,1775939710.1434596,15:35:10.143,115.0,34.7797
1775939711235424300,1775939711.2354243,15:35:11.235,105.0,126.0201
1775939712141706700,1775939712.1417067,15:35:12.141,157.0,31.7665
1775939713130120000,1775939713.13012,15:35:13.130,168.0,21.4427
1775939714150369600,1775939714.1503696,15:35:14.150,178.0,40.6855
1775939715153935700,1775939715.1539357,15:35:15.153,189.0,43.8778
1775939716189632000,1775939716.189632,15:35:16.189,178.0,79.1862
1775939717149062000,1775939717.149062,15:35:17.149,178.0,40.0658
1775939718135872800,1775939718.1358728,15:35:18.135,199.0,27.2705
1775939719136241700,1775939719.1362417,15:35:19.136,178.0,27.6601
1775939720144521000,1775939720.144521,15:35:20.144,168.0,34.9001
1775939721142709300,1775939721.1427093,15:35:21.142,168.0,33.3744
1775939722147918200,1775939722.1479182,15:35:22.147,168.0,39.3261
1775939723158804700,1775939723.1588047,15:35:23.158,168.0,50.1945
1775939724146666500,1775939724.1466665,15:35:24.146,168.0,37.9872
1775939725132228100,1775939725.1322281,15:35:25.132,178.0,23.6098
1775939726198257400,1775939726.1982574,15:35:26.198,105.0,89.5185
1775939727173727800,1775939727.1737278,15:35:27.173,83.9,65.1442
1775939728203101000,1775939728.203101,15:35:28.203,94.3,93.3863
1775939729166415200,1775939729.1664152,15:35:29.166,84.0,57.4362
1775939730146938300,1775939730.1469383,15:35:30.146,147.0,38.3055
1775939731139105300,1775939731.1391053,15:35:31.139,178.0,30.5263
1775939732133543700,1775939732.1335437,15:35:32.133,178.0,24.9858
1775939733130765000,1775939733.130765,15:35:33.130,199.0,22.1358
1775939734131206000,1775939734.131206,15:35:34.131,262.0,22.5859
1775939735132113500,1775939735.1321135,15:35:35.132,262.0,23.5239
1775939736134318800,1775939736.1343188,15:35:36.134,262.0,25.7134
1775939737128568600,1775939737.1285686,15:35:37.128,283.0,19.9593
1775939738125402700,1775939738.1254027,15:35:38.125,315.0,16.8411
1775939739123332000,1775939739.123332,15:35:39.123,346.0,14.7077
1775939740128969200,1775939740.1289692,15:35:40.128,294.0,17.1105
1775939741130028000,1775939741.130028,15:35:41.130,273.0,21.4148
1775939742142734000,1775939742.142734,15:35:42.142,294.0,34.1358
1775939743139922400,1775939743.1399224,15:35:43.139,231.0,31.24
1775939744130342500,1775939744.1303425,15:35:44.130,283.0,18.9256
1775939745130668600,1775939745.1306686,15:35:45.130,231.0,20.8748
1775939746139885400,1775939746.1398854,15:35:46.139,315.0,28.9406
1775939747135513000,1775939747.135513,15:35:47.135,315.0,24.1989
1775939748126574000,1775939748.126574,15:35:48.126,294.0,17.8854
1775939749153030900,1775939749.1530309,15:35:49.153,325.0,44.3392
1775939750132308200,1775939750.1323082,15:35:50.132,283.0,21.006
1775939751127976000,1775939751.127976,15:35:51.127,294.0,19.3524
1775939752131513000,1775939752.131513,15:35:52.131,304.0,22.2406
1775939753133094500,1775939753.1330945,15:35:53.133,262.0,22.3743
1775939754141971800,1775939754.1419718,15:35:54.141,273.0,31.3376
1775939755134207500,1775939755.1342075,15:35:55.134,220.0,25.5914
1775939756136055500,1775939756.1360555,15:35:56.136,178.0,26.2587
1775939757138437000,1775939757.138437,15:35:57.138,178.0,28.7847
1775939758142465000,1775939758.142465,15:35:58.142,210.0,32.2977
1775939759138640900,1775939759.1386409,15:35:59.138,178.0,27.7696
1775939760136685800,1775939760.1366858,15:36:00.136,126.0,28.0548
1775939761168163500,1775939761.1681635,15:36:01.168,168.0,58.0372
1775939762141959000,1775939762.141959,15:36:02.141,126.0,33.3541
1775939763168056700,1775939763.1680567,15:36:03.168,168.0,58.8784
1775939764146097200,1775939764.1460972,15:36:04.146,168.0,36.2942
1775939765154546000,1775939765.154546,15:36:05.154,178.0,44.4002
1775939766168455600,1775939766.1684556,15:36:06.168,168.0,59.1466
1775939767156279800,1775939767.1562798,15:36:07.156,105.0,46.9224
1775939768142377400,1775939768.1423774,15:36:08.142,126.0,33.5591
1775939769147230000,1775939769.14723,15:36:09.147,157.0,37.6236
1775939770134447300,1775939770.1344473,15:36:10.134,168.0,25.8341
1775939771157714400,1775939771.1577144,15:36:11.157,178.0,49.0484
1775939772158192600,1775939772.1581926,15:36:12.158,168.0,48.9871
1775939773141267000,1775939773.141267,15:36:13.141,157.0,32.7021
1775939774249724100,1775939774.2497241,15:36:14.249,105.0,140.982
1775939775220373400,1775939775.2203734,15:36:15.220,52.4,111.6778
1775939776192556400,1775939776.1925564,15:36:16.192,83.9,83.9349
1775939777219107000,1775939777.219107,15:36:17.219,105.0,110.3938
1775939778184485400,1775939778.1844854,15:36:18.184,83.9,75.7741
1775939779179609000,1775939779.179609,15:36:19.179,83.9,70.8692
1775939780165573000,1775939780.165573,15:36:20.165,62.9,56.8998
1775939781186460500,1775939781.1864605,15:36:21.186,94.4,77.8264
1775939782162462000,1775939782.162462,15:36:22.162,83.9,53.8428
1775939783160481700,1775939783.1604817,15:36:23.160,83.9,51.8723
1775939784156486700,1775939784.1564867,15:36:24.156,83.9,47.8179
1775939785167267800,1775939785.1672678,15:36:25.167,105.0,58.6052
1775939786154736000,1775939786.154736,15:36:26.154,73.4,46.0787
1775939787145037400,1775939787.1450374,15:36:27.145,126.0,36.4616
1775939788142336800,1775939788.1423368,15:36:28.142,115.0,33.7449
1775939789155708000,1775939789.155708,15:36:29.155,147.0,46.3936
1775939790159318400,1775939790.1593184,15:36:30.159,126.0,50.7284
1775939791145854000,1775939791.145854,15:36:31.145,126.0,36.3269
1775939792147188400,1775939792.1471884,15:36:32.147,147.0,36.967
1775939793137583700,1775939793.1375837,15:36:33.137,147.0,28.8484
1775939794135100600,1775939794.1351006,15:36:34.135,157.0,26.4815
1775939795148094000,1775939795.148094,15:36:35.148,147.0,39.4355
1775939796149267000,1775939796.149267,15:36:36.149,157.0,40.6048
1775939797134245400,1775939797.1342454,15:36:37.134,136.0,25.551
1775939798144232000,1775939798.144232,15:36:38.144,157.0,34.344
1775939799141612500,1775939799.1416125,15:36:39.141,147.0,32.6098
1775939800150396800,1775939800.1503968,15:36:40.150,157.0,40.4483
1775939801144743200,1775939801.1447432,15:36:41.144,157.0,34.8728
1775939802153542800,1775939802.1535428,15:36:42.153,136.0,44.839
1775939803149093400,1775939803.1490934,15:36:43.149,147.0,40.388
1775939804137183400,1775939804.1371834,15:36:44.137,136.0,28.469
1775939805161733400,1775939805.1617334,15:36:45.161,157.0,51.5402
1775939806149843000,1775939806.149843,15:36:46.149,147.0,41.2313
1775939807144933500,1775939807.1449335,15:36:47.144,147.0,34.7976
1775939808159174200,1775939808.1591742,15:36:48.159,126.0,49.0426
1775939809140324800,1775939809.1403248,15:36:49.140,136.0,30.5761
1775939810145364800,1775939810.1453648,15:36:50.145,168.0,36.1265
1775939811145947200,1775939811.1459472,15:36:51.145,157.0,37.3143
1775939812133814000,1775939812.133814,15:36:52.133,126.0,24.8636
1775939813178867800,1775939813.1788678,15:36:53.178,126.0,70.2723
1775939814173904700,1775939814.1739047,15:36:54.173,105.0,64.1083
1775939815221675600,1775939815.2216756,15:36:55.221,62.9,113.044
1775939816182381400,1775939816.1823814,15:36:56.182,73.4,73.2086
1775939817147235400,1775939817.1472354,15:36:57.147,73.4,38.6145
1775939818170405000,1775939818.170405,15:36:58.170,62.9,61.6882
1775939819171338600,1775939819.1713386,15:36:59.171,83.9,62.5596
1775939820143868000,1775939820.143868,15:37:00.143,94.4,35.2581
1775939821155498500,1775939821.1554985,15:37:01.155,126.0,46.8204
1775939822141074200,1775939822.1410742,15:37:02.141,147.0,32.3901
1775939823129691100,1775939823.1296911,15:37:03.129,105.0,20.9653
1775939824138306900,1775939824.1383069,15:37:04.138,168.0,29.5578
1775939825132649200,1775939825.1326492,15:37:05.132,178.0,23.3081
1775939826131385800,1775939826.1313858,15:37:06.131,168.0,22.7659
1775939827129402000,1775939827.129402,15:37:07.129,220.0,18.8318
1775939828130458400,1775939828.1304584,15:37:08.130,241.0,21.8255
1775939829139027400,1775939829.1390274,15:37:09.139,241.0,30.3357
1775939830149221000,1775939830.149221,15:37:10.149,220.0,40.6257
1775939831121234700,1775939831.1212347,15:37:11.121,199.0,12.6188
1775939832126966500,1775939832.1269665,15:37:12.126,283.0,18.3578
1775939833125314500,1775939833.1253145,15:37:13.125,325.0,16.6847
1775939834134847400,1775939834.1348474,15:37:14.134,294.0,26.2586
1775939835143000100,1775939835.1430001,15:37:15.143,273.0,34.3498
1775939836118694500,1775939836.1186945,15:37:16.118,325.0,10.0911
1775939837125234100,1775939837.1252341,15:37:17.125,315.0,16.6219
1775939838127494800,1775939838.1274948,15:37:18.127,315.0,18.9222
1775939839131003600,1775939839.1310036,15:37:19.131,346.0,20.8224
1775939840127139000,1775939840.127139,15:37:20.127,252.0,18.5313
1775939841138651600,1775939841.1386516,15:37:21.138,294.0,26.9225
1775939842134343900,1775939842.1343439,15:37:22.134,273.0,23.7102
1775939843185323700,1775939843.1853237,15:37:23.185,210.0,76.7026
1775939844124650200,1775939844.1246502,15:37:24.124,252.0,16.0287
1775939845136301300,1775939845.1363013,15:37:25.136,283.0,27.6733
1775939846126276000,1775939846.126276,15:37:26.126,241.0,17.374
1775939847125495200,1775939847.1254952,15:37:27.125,262.0,16.8758
1775939848123046400,1775939848.1230464,15:37:28.123,304.0,14.4424
1775939849123914200,1775939849.1239142,15:37:29.123,231.0,15.3108
1775939850142248000,1775939850.142248,15:37:30.142,168.0,33.6538
1775939851189822400,1775939851.1898224,15:37:31.189,157.0,81.1624
1775939852163193700,1775939852.1631937,15:37:32.163,147.0,54.5741
1775939853142911400,1775939853.1429114,15:37:33.142,126.0,34.2772
1775939854138213900,1775939854.1382139,15:37:34.138,168.0,29.5317
1775939855135578000,1775939855.135578,15:37:35.135,178.0,26.9511
1775939856142655000,1775939856.142655,15:37:36.142,189.0,32.7739
1775939857137808600,1775939857.1378086,15:37:37.137,168.0,27.5828
1775939858146896400,1775939858.1468964,15:37:38.146,178.0,38.2678
1775939859136291700,1775939859.1362917,15:37:39.136,157.0,26.9964
1775939860138314500,1775939860.1383145,15:37:40.138,157.0,29.6676
1775939861160169100,1775939861.1601691,15:37:41.160,94.4,51.5119
1775939862144374100,1775939862.1443741,15:37:42.144,147.0,35.6942
1775939863145736200,1775939863.1457362,15:37:43.145,168.0,37.1223
1775939864154941000,1775939864.154941,15:37:44.154,115.0,46.3145
1775939865142215300,1775939865.1422153,15:37:45.142,147.0,33.5967
1775939866153499400,1775939866.1534994,15:37:46.153,73.4,44.8474
1775939867136169200,1775939867.1361692,15:37:47.136,126.0,27.5381
1775939868145995000,1775939868.145995,15:37:48.145,168.0,37.3598
1775939869140255000,1775939869.140255,15:37:49.140,168.0,31.6353
1775939870135433400,1775939870.1354334,15:37:50.135,157.0,26.8215
1775939871135933900,1775939871.1359339,15:37:51.135,168.0,27.3169
1775939872142110300,1775939872.1421103,15:37:52.142,168.0,32.4088
1775939873131302400,1775939873.1313024,15:37:53.131,220.0,22.6943
1775939874129687800,1775939874.1296878,15:37:54.129,262.0,21.0157
1775939875129484200,1775939875.1294842,15:37:55.129,304.0,20.8122
1775939876154147100,1775939876.1541471,15:37:56.154,283.0,42.9509
1775939877127981400,1775939877.1279814,15:37:57.127,273.0,19.2703
1775939878130367300,1775939878.1303673,15:37:58.130,273.0,21.7191
1775939879131898600,1775939879.1318986,15:37:59.131,283.0,23.2677
1775939880125549300,1775939880.1255493,15:38:00.125,294.0,16.938
1775939881131322000,1775939881.131322,15:38:01.131,283.0,20.4081
1775939882144065600,1775939882.1440656,15:38:02.144,304.0,35.3457
1775939883131400300,1775939883.1314003,15:38:03.131,199.0,20.0581
1775939884129520200,1775939884.1295202,15:38:04.129,315.0,18.5546
1775939885132103700,1775939885.1321037,15:38:05.132,304.0,23.4044
1775939886132852000,1775939886.132852,15:38:06.132,252.0,24.2323
1775939887134130000,1775939887.13413,15:38:07.134,178.0,25.4823
1775939888138447300,1775939888.1384473,15:38:08.138,147.0,29.7754
1775939889146219000,1775939889.146219,15:38:09.146,157.0,37.4811
1775939890134970700,1775939890.1349707,15:38:10.134,168.0,26.2756
1775939891159073000,1775939891.159073,15:38:11.159,178.0,50.4035
1775939892149414300,1775939892.1494143,15:38:12.149,168.0,40.7284
1775939893151251800,1775939893.1512518,15:38:13.151,168.0,42.6295
1775939894134824500,1775939894.1348245,15:38:14.134,136.0,26.2273
1775939895139475800,1775939895.1394758,15:38:15.139,168.0,30.7804
1775939896185027000,1775939896.185027,15:38:16.185,157.0,76.4092
1775939897140338700,1775939897.1403387,15:38:17.140,136.0,31.7201
1775939898136246700,1775939898.1362467,15:38:18.136,147.0,27.6152
1775939899138975100,1775939899.1389751,15:38:19.138,178.0,30.385
1775939900158607700,1775939900.1586077,15:38:20.158,115.0,49.0425
1775939901151580300,1775939901.1515803,15:38:21.151,136.0,42.93
1775939902179883200,1775939902.1798832,15:38:22.179,115.0,70.0938
1775939903155206400,1775939903.1552064,15:38:23.155,126.0,45.6152
1775939904146289300,1775939904.1462893,15:38:24.146,105.0,37.698
1775939905149815600,1775939905.1498156,15:38:25.149,105.0,41.1992
1775939906138418200,1775939906.1384182,15:38:26.138,136.0,29.6932
1775939907135232700,1775939907.1352327,15:38:27.135,220.0,24.3676
1775939908135594600,1775939908.1355946,15:38:28.135,262.0,26.9819
1775939909132011400,1775939909.1320114,15:38:29.132,252.0,23.4054
1775939910130292400,1775939910.1302924,15:38:30.130,252.0,20.5237
1775939911145749600,1775939911.1457496,15:38:31.145,252.0,37.1285
1775939912123912800,1775939912.1239128,15:38:32.123,252.0,15.2937
1775939913135274000,1775939913.135274,15:38:33.135,304.0,25.5796
1775939914122905300,1775939914.1229053,15:38:34.122,241.0,14.2886
1775939915196046600,1775939915.1960466,15:38:35.196,315.0,87.4366
1775939916125198100,1775939916.1251981,15:38:36.125,241.0,16.6071
1775939917123761000,1775939917.123761,15:38:37.123,294.0,15.1573
1775939918126245700,1775939918.1262457,15:38:38.126,336.0,17.6526
1775939919127951600,1775939919.1279516,15:38:39.127,304.0,19.3887
1775939920119525700,1775939920.1195257,15:38:40.119,304.0,10.8763
1775939921117569400,1775939921.1175694,15:38:41.117,304.0,8.937
1775939922140485300,1775939922.1404853,15:38:42.140,252.0,31.8825
1775939923128368100,1775939923.1283681,15:38:43.128,168.0,19.6925
1775939924156161800,1775939924.1561618,15:38:44.156,147.0,47.5736
1775939925216880600,1775939925.2168806,15:38:45.216,126.0,108.2445
1775939926134025600,1775939926.1340256,15:38:46.134,126.0,25.4232
1775939927135352600,1775939927.1353526,15:38:47.135,168.0,26.6736
1775939928147550800,1775939928.1475508,15:38:48.147,168.0,37.471
1775939929133820800,1775939929.1338208,15:38:49.133,168.0,23.5226
1775939930152654600,1775939930.1526546,15:38:50.152,178.0,42.9032
1775939931145515700,1775939931.1455157,15:38:51.145,168.0,36.781
1775939932138223000,1775939932.138223,15:38:52.138,115.0,29.4909
1775939933149683500,1775939933.1496835,15:38:53.149,147.0,39.3459
1775939934135115900,1775939934.1351159,15:38:54.135,157.0,26.4389
1775939935138009000,1775939935.138009,15:38:55.138,157.0,29.4381
1775939936142560000,1775939936.14256,15:38:56.142,168.0,32.7344
1775939937509832600,1775939937.5098326,15:38:57.509,62.9,401.2653
1775939938287443900,1775939938.2874439,15:38:58.287,10.5,178.715
1775939939154505500,1775939939.1545055,15:38:59.154,41.9,45.7739
1775939940129925500,1775939940.1299255,15:39:00.129,126.0,21.3044
1775939941129294400,1775939941.1292944,15:39:01.129,168.0,20.6785
1775939942139374700,1775939942.1393747,15:39:02.139,168.0,30.7744
1775939943177468300,1775939943.1774683,15:39:03.177,168.0,68.6394
1775939944142941500,1775939944.1429415,15:39:04.142,115.0,33.8018
1775939945144574200,1775939945.1445742,15:39:05.144,147.0,35.7051
1775939946204156000,1775939946.204156,15:39:06.204,126.0,95.5515
1775939947132594000,1775939947.132594,15:39:07.132,147.0,22.8278
1775939948221052400,1775939948.2210524,15:39:08.221,136.0,112.2129
1775939949134243500,1775939949.1342435,15:39:09.134,105.0,25.6522
1775939950134971100,1775939950.1349711,15:39:10.134,157.0,26.3714
1775939951135092500,1775939951.1350925,15:39:11.135,147.0,26.4936
1775939952138655200,1775939952.1386552,15:39:12.138,178.0,30.0713
1775939953140113600,1775939953.1401136,15:39:13.140,168.0,31.5334
1775939954155876200,1775939954.1558762,15:39:14.155,168.0,47.2737
1775939955132415000,1775939955.132415,15:39:15.132,189.0,23.0887
1775939956131471900,1775939956.1314719,15:39:16.131,220.0,22.7881
1775939957134368200,1775939957.1343682,15:39:17.134,241.0,25.7813
1775939958133420500,1775939958.1334205,15:39:18.133,252.0,24.4977
1775939959122175700,1775939959.1221757,15:39:19.122,273.0,13.5682
1775939960122192400,1775939960.1221924,15:39:20.122,252.0,13.576
1775939961134656700,1775939961.1346567,15:39:21.134,315.0,26.0141
1775939962126476000,1775939962.126476,15:39:22.126,336.0,17.8501
1775939963123663700,1775939963.1236637,15:39:23.123,304.0,14.9505
1775939964123129600,1775939964.1231296,15:39:24.123,315.0,14.4394
1775939965120452000,1775939965.120452,15:39:25.120,304.0,11.8038
1775939966141953500,1775939966.1419535,15:39:26.141,199.0,33.3197
1775939967139905200,1775939967.1399052,15:39:27.139,294.0,31.2478
1775939968130981400,1775939968.1309814,15:39:28.130,220.0,19.2543
1775939969135559000,1775939969.135559,15:39:29.135,220.0,26.3637
1775939970122660900,1775939970.1226609,15:39:30.122,252.0,14.0652
1775939971138013800,1775939971.1380138,15:39:31.138,252.0,29.4232
1775939972150464000,1775939972.150464,15:39:32.150,210.0,41.7918
1775939973160255200,1775939973.1602552,15:39:33.160,178.0,50.6784
1775939974133935500,1775939974.1339355,15:39:34.133,157.0,25.3351
1775939975179764300,1775939975.1797643,15:39:35.179,136.0,71.1479
1775939976167264500,1775939976.1672645,15:39:36.167,126.0,58.6712
1775939977135088200,1775939977.1350882,15:39:37.135,168.0,25.516
1775939978133897800,1775939978.1338978,15:39:38.133,178.0,25.3103
1775939979150063000,1775939979.150063,15:39:39.150,178.0,41.4605
1775939980134761300,1775939980.1347613,15:39:40.134,168.0,26.1621
1775939981139172600,1775939981.1391726,15:39:41.139,157.0,29.0774
1775939982140842400,1775939982.1408424,15:39:42.140,157.0,31.1298
1775939983141965000,1775939983.141965,15:39:43.141,178.0,32.3432
1775939984137621600,1775939984.1376216,15:39:44.137,157.0,28.0766
1775939985143203500,1775939985.1432035,15:39:45.143,168.0,34.4746
1775939986154696200,1775939986.1546962,15:39:46.154,157.0,46.0881
1775939987134420200,1775939987.1344202,15:39:47.134,168.0,25.7707
1775939988130938500,1775939988.1309385,15:39:48.130,168.0,22.2888
1775939989137448300,1775939989.1374483,15:39:49.137,157.0,28.89
1775939990143110800,1775939990.1431108,15:39:50.143,83.9,34.2418
1775939991158942700,1775939991.1589427,15:39:51.158,115.0,49.3422
1775939992148090600,1775939992.1480906,15:39:52.148,157.0,38.1525
1775939993141884600,1775939993.1418846,15:39:53.141,147.0,33.2448
1775939994165605500,1775939994.1656055,15:39:54.165,126.0,56.9687
1775939995142048800,1775939995.1420488,15:39:55.142,168.0,32.2576
1775939996135153800,1775939996.1351538,15:39:56.135,168.0,25.0104
1775939997145961000,1775939997.145961,15:39:57.145,147.0,35.9325
1775939998133737800,1775939998.1337378,15:39:58.133,168.0,25.1375
1775939999135835600,1775939999.1358356,15:39:59.135,157.0,27.1996
1775940000135931700,1775940000.1359317,15:40:00.135,168.0,27.2911
1775940001141676200,1775940001.1416762,15:40:01.141,178.0,33.1093
1775940002139919800,1775940002.1399198,15:40:02.139,178.0,31.3145
1775940003148407000,1775940003.148407,15:40:03.148,178.0,39.7868
1775940004139386400,1775940004.1393864,15:40:04.139,178.0,30.7587
1775940005128739000,1775940005.128739,15:40:05.128,210.0,20.1465
1775940006128304200,1775940006.1283042,15:40:06.128,262.0,19.5344
1775940007123734500,1775940007.1237345,15:40:07.123,262.0,15.149
1775940008134050000,1775940008.13405,15:40:08.134,241.0,25.4433
1775940009127765400,1775940009.1277654,15:40:09.127,283.0,19.1728
1775940010126390500,1775940010.1263905,15:40:10.126,273.0,17.599
1775940011122915700,1775940011.1229157,15:40:11.122,283.0,14.301
1775940012189574500,1775940012.1895745,15:40:12.189,294.0,80.9197
1775940013132123200,1775940013.1321232,15:40:13.132,231.0,20.8751
1775940014126625300,1775940014.1266253,15:40:14.126,252.0,15.028
1775940015124370000,1775940015.12437,15:40:15.124,241.0,14.7795
1775940016145907400,1775940016.1459074,15:40:16.145,304.0,34.7019
1775940017133033300,1775940017.1330333,15:40:17.133,262.0,21.3871
1775940018129886000,1775940018.129886,15:40:18.129,304.0,17.9501
1775940019132540500,1775940019.1325405,15:40:19.132,294.0,21.3428
1775940020129905700,1775940020.1299057,15:40:20.129,189.0,21.1524
1775940021123050500,1775940021.1230505,15:40:21.123,315.0,14.3625
1775940022125215800,1775940022.1252158,15:40:22.125,346.0,16.1517
1775940023129596500,1775940023.1295965,15:40:23.129,294.0,17.9354
1775940024124267600,1775940024.1242676,15:40:24.124,231.0,14.9334
1775940025138445100,1775940025.1384451,15:40:25.138,220.0,28.3989
1775940026131316200,1775940026.1313162,15:40:26.131,178.0,22.1852
1775940027235383500,1775940027.2353835,15:40:27.235,157.0,126.0268
1775940028136714500,1775940028.1367145,15:40:28.136,105.0,28.0508
1775940029137276000,1775940029.137276,15:40:29.137,168.0,28.6827
1775940030134386800,1775940030.1343868,15:40:30.134,178.0,25.7119
1775940031138480000,1775940031.13848,15:40:31.138,157.0,29.7378
1775940032125171700,1775940032.1251717,15:40:32.125,168.0,16.4988
1775940033147467600,1775940033.1474676,15:40:33.147,178.0,38.565
1775940034132153500,1775940034.1321535,15:40:34.132,178.0,23.5467
1775940035133630000,1775940035.13363,15:40:35.133,168.0,25.0242
1775940036139072200,1775940036.1390722,15:40:36.139,157.0,28.8461
1775940037129527300,1775940037.1295273,15:40:37.129,168.0,20.8797
1775940038135479000,1775940038.135479,15:40:38.135,105.0,26.8832
1775940039139527000,1775940039.139527,15:40:39.139,168.0,30.9084
1775940040141337900,1775940040.1413379,15:40:40.141,168.0,32.7423
1775940041137343600,1775940041.1373436,15:40:41.137,168.0,28.7132
1775940042147629000,1775940042.147629,15:40:42.147,168.0,38.9482
1775940043137510500,1775940043.1375105,15:40:43.137,168.0,27.8693
1775940044164038200,1775940044.1640382,15:40:44.164,168.0,53.7466
1775940045145851400,1775940045.1458514,15:40:45.145,105.0,37.2594
1775940046146233300,1775940046.1462333,15:40:46.146,94.4,37.6197
1775940047154782500,1775940047.1547825,15:40:47.154,115.0,46.0422
1775940048227158300,1775940048.2271583,15:40:48.227,157.0,118.4754
1775940049189458400,1775940049.1894584,15:40:49.189,83.9,80.7905
1775940050140544400,1775940050.1405444,15:40:50.140,115.0,31.9379
1775940051151363800,1775940051.1513638,15:40:51.151,136.0,42.7127
1775940052165230300,1775940052.1652303,15:40:52.165,136.0,56.627
1775940053155122800,1775940053.1551228,15:40:53.155,115.0,45.9391
1775940054137769000,1775940054.137769,15:40:54.137,157.0,28.7396
1775940055139217400,1775940055.1392174,15:40:55.139,157.0,30.5717
1775940056142746200,1775940056.1427462,15:40:56.142,136.0,30.6311
1775940057138227500,1775940057.1382275,15:40:57.138,168.0,28.2101
1775940058146042300,1775940058.1460423,15:40:58.146,168.0,37.4135
1775940059131423500,1775940059.1314235,15:40:59.131,178.0,22.7883
1775940060128577200,1775940060.1285772,15:41:00.128,178.0,19.9929
1775940061158486800,1775940061.1584868,15:41:01.158,199.0,49.7966
1775940062154849300,1775940062.1548493,15:41:02.154,199.0,43.6663
1775940063131777300,1775940063.1317773,15:41:03.131,252.0,22.8657
1775940064134899400,1775940064.1348994,15:41:04.134,273.0,26.2148
1775940065138142000,1775940065.138142,15:41:05.138,262.0,29.4582
1775940066135837000,1775940066.135837,15:41:06.135,336.0,27.1338
1775940067131592500,1775940067.1315925,15:41:07.131,304.0,22.9569
1775940068161980000,1775940068.16198,15:41:08.161,273.0,50.499
1775940069139155100,1775940069.1391551,15:41:09.139,304.0,30.5417
1775940070124210000,1775940070.12421,15:41:10.124,283.0,15.5989
1775940071135449400,1775940071.1354494,15:41:11.135,241.0,26.8461
1775940072121619700,1775940072.1216197,15:41:12.121,262.0,12.8623
1775940073147294800,1775940073.1472948,15:41:13.147,199.0,37.5638
1775940074141789700,1775940074.1417897,15:41:14.141,252.0,31.9397
1775940075142997000,1775940075.142997,15:41:15.142,231.0,33.36
1775940076151988500,1775940076.1519885,15:41:16.151,199.0,41.3635
1775940077170396000,1775940077.170396,15:41:17.170,136.0,61.6309
1775940078139320000,1775940078.13932,15:41:18.139,126.0,29.1575
1775940079154106600,1775940079.1541066,15:41:19.154,157.0,45.3654
1775940080154169300,1775940080.1541693,15:41:20.154,168.0,45.5648
1775940081199342000,1775940081.199342,15:41:21.199,83.9,90.6331
1775940082198445800,1775940082.1984458,15:41:22.198,62.9,89.7374
1775940083218830000,1775940083.21883,15:41:23.218,62.9,110.1569
1775940084218524000,1775940084.218524,15:41:24.218,41.9,109.7544
1775940085193667700,1775940085.1936677,15:41:25.193,41.9,85.0403
1775940086178872000,1775940086.178872,15:41:26.178,62.9,70.2657
1775940087161944200,1775940087.1619442,15:41:27.161,62.9,52.3807
1775940088151294500,1775940088.1512945,15:41:28.151,83.9,42.6724
1775940089151712000,1775940089.151712,15:41:29.151,105.0,42.9632
1775940090134223500,1775940090.1342235,15:41:30.134,147.0,25.4232
1775940091148180500,1775940091.1481805,15:41:31.148,168.0,37.8443
1775940092147348600,1775940092.1473486,15:41:32.147,157.0,38.7535
1775940093137828000,1775940093.137828,15:41:33.137,136.0,27.4402
1775940094155360500,1775940094.1553605,15:41:34.155,136.0,46.7197
1775940095141114700,1775940095.1411147,15:41:35.141,168.0,32.4232
1775940096148722600,1775940096.1487226,15:41:36.148,157.0,38.551
1775940097129659700,1775940097.1296597,15:41:37.129,178.0,21.0726
1775940098136001000,1775940098.136001,15:41:38.136,252.0,27.324
1775940099131175500,1775940099.1311755,15:41:39.131,273.0,22.1244
1775940100123125800,1775940100.1231258,15:41:40.123,283.0,14.5304
1775940101130950000,1775940101.13095,15:41:41.130,283.0,19.7811
1775940102128351700,1775940102.1283517,15:41:42.128,273.0,19.7455
1775940103137893200,1775940103.1378932,15:41:43.137,283.0,29.2924
1775940104123265000,1775940104.123265,15:41:44.123,252.0,13.2245
1775940105159546100,1775940105.1595461,15:41:45.159,241.0,50.9226
1775940106135124400,1775940106.1351244,15:41:46.135,294.0,24.5647
1775940107131155300,1775940107.1311553,15:41:47.131,294.0,21.0417
1775940108130941200,1775940108.1309412,15:41:48.130,294.0,19.9855
1775940109130441700,1775940109.1304417,15:41:49.130,304.0,21.801
1775940110153254500,1775940110.1532545,15:41:50.153,262.0,44.6438
1775940111140009900,1775940111.1400099,15:41:51.140,210.0,30.038
1775940112130735400,1775940112.1307354,15:41:52.130,199.0,22.0983
1775940113130083300,1775940113.1300833,15:41:53.130,189.0,20.4941
1775940114194677600,1775940114.1946776,15:41:54.194,157.0,86.0872
1775940115133679400,1775940115.1336794,15:41:55.133,157.0,25.0486
1775940116150794300,1775940116.1507943,15:41:56.150,168.0,41.724
1775940117142284000,1775940117.142284,15:41:57.142,189.0,33.6617
1775940118179264800,1775940118.1792648,15:41:58.179,189.0,70.6487
1775940119130834300,1775940119.1308343,15:41:59.130,168.0,22.2924
1775940120150303800,1775940120.1503038,15:42:00.150,147.0,41.4812
1775940121139569800,1775940121.1395698,15:42:01.139,115.0,30.8368
1775940122136935700,1775940122.1369357,15:42:02.136,157.0,28.3075
1775940123134595400,1775940123.1345954,15:42:03.134,157.0,25.8689
1775940124144181300,1775940124.1441813,15:42:04.144,168.0,35.5619
1775940125168589400,1775940125.1685894,15:42:05.168,168.0,59.9721
1775940126186438300,1775940126.1864383,15:42:06.186,126.0,77.7967
1775940127215998600,1775940127.2159986,15:42:07.215,73.4,105.932
1775940128145162800,1775940128.1451628,15:42:08.145,115.0,36.5028
1775940129143198000,1775940129.143198,15:42:09.143,115.0,34.5013
1775940130141295200,1775940130.1412952,15:42:10.141,157.0,32.6282
1775940131149975500,1775940131.1499755,15:42:11.149,136.0,41.2807
1775940132143943300,1775940132.1439433,15:42:12.143,157.0,35.244
1775940133131198200,1775940133.1311982,15:42:13.131,168.0,22.3578
1775940134139237200,1775940134.1392372,15:42:14.139,168.0,30.6294
1775940135135995400,1775940135.1359954,15:42:15.135,168.0,27.3482
1775940136133237000,1775940136.133237,15:42:16.133,157.0,24.0436
1775940137135607000,1775940137.135607,15:42:17.135,168.0,26.9892
1775940138150066100,1775940138.1500661,15:42:18.150,136.0,41.44
1775940139139502500,1775940139.1395025,15:42:19.139,168.0,30.8709
1775940140149134600,1775940140.1491346,15:42:20.149,178.0,40.5335
1775940141139292200,1775940141.1392922,15:42:21.139,157.0,29.431
1775940142140146700,1775940142.1401467,15:42:22.140,168.0,29.6747
1775940143139422400,1775940143.1394224,15:42:23.139,168.0,30.5194
1775940144152210500,1775940144.1522105,15:42:24.152,168.0,43.3464
1775940145143314400,1775940145.1433144,15:42:25.143,178.0,34.6059
1775940146144544000,1775940146.144544,15:42:26.144,189.0,35.9428
1775940147163226800,1775940147.1632268,15:42:27.163,168.0,54.4877
1775940148129929800,1775940148.1299298,15:42:28.129,178.0,21.2622
1775940149138674300,1775940149.1386743,15:42:29.138,157.0,30.0555
1775940150144221000,1775940150.144221,15:42:30.144,189.0,34.7155
1775940151145964400,1775940151.1459644,15:42:31.145,220.0,37.376
1775940152123577400,1775940152.1235774,15:42:32.123,220.0,14.8423
1775940153128399100,1775940153.1283991,15:42:33.128,304.0,19.7253
1775940154132460800,1775940154.1324608,15:42:34.132,294.0,23.5105
1775940155128005700,1775940155.1280057,15:42:35.128,252.0,18.7008
1775940156126810300,1775940156.1268103,15:42:36.126,294.0,12.3143
1775940157140137200,1775940157.1401372,15:42:37.140,294.0,31.4291
1775940158135157300,1775940158.1351573,15:42:38.135,283.0,26.0006
1775940159140024000,1775940159.140024,15:42:39.140,241.0,31.3804
1775940160128862900,1775940160.1288629,15:42:40.128,262.0,18.3874
1775940161131569600,1775940161.1315696,15:42:41.131,304.0,20.9958
1775940162127653800,1775940162.1276538,15:42:42.127,304.0,18.978
1775940163138445900,1775940163.1384459,15:42:43.138,231.0,28.4595
1775940164138928400,1775940164.1389284,15:42:44.138,178.0,30.2919
1775940165128895000,1775940165.128895,15:42:45.128,189.0,19.7997
1775940166178495200,1775940166.1784952,15:42:46.178,157.0,69.8396
1775940167167205300,1775940167.1672053,15:42:47.167,147.0,58.5513
1775940168132561700,1775940168.1325617,15:42:48.132,178.0,23.7678
1775940169136134400,1775940169.1361344,15:42:49.136,199.0,26.1733
1775940170134922500,1775940170.1349225,15:42:50.134,178.0,25.6338
1775940171134642400,1775940171.1346424,15:42:51.134,157.0,25.9923
1775940172135301600,1775940172.1353016,15:42:52.135,178.0,26.5947
1775940173222433600,1775940173.2224336,15:42:53.222,147.0,113.6788
1775940174154391000,1775940174.154391,15:42:54.154,126.0,45.6486
1775940175151562700,1775940175.1515627,15:42:55.151,147.0,41.6613
1775940176148054600,1775940176.1480546,15:42:56.148,115.0,39.3825
1775940177146442200,1775940177.1464422,15:42:57.146,115.0,36.2059
1775940178137726800,1775940178.1377268,15:42:58.137,136.0,29.0116
1775940179172625800,1775940179.1726258,15:42:59.172,105.0,62.9202
1775940180193920000,1775940180.19392,15:43:00.193,126.0,85.2485
1775940181136709700,1775940181.1367097,15:43:01.136,126.0,28.0411
1775940182156155600,1775940182.1561556,15:43:02.156,136.0,46.8379
1775940183163344000,1775940183.163344,15:43:03.163,115.0,54.6946
1775940184150069700,1775940184.1500697,15:43:04.150,83.9,40.4654
1775940185159516800,1775940185.1595168,15:43:05.159,105.0,50.1807
1775940186139780800,1775940186.1397808,15:43:06.139,115.0,29.9516
1775940187147427600,1775940187.1474276,15:43:07.147,115.0,38.2314
1775940188178036500,1775940188.1780365,15:43:08.178,157.0,69.3904
1775940189142475400,1775940189.1424754,15:43:09.142,147.0,33.8742
1775940190155576500,1775940190.1555765,15:43:10.155,168.0,45.7134
1775940191134341700,1775940191.1343417,15:43:11.134,168.0,23.6397
1775940192139867500,1775940192.1398675,15:43:12.139,115.0,29.681
1775940193137491000,1775940193.137491,15:43:13.137,147.0,28.7967
1775940194145027600,1775940194.1450276,15:43:14.145,178.0,36.4
1775940195138468000,1775940195.138468,15:43:15.138,168.0,29.5042
1775940196169028000,1775940196.169028,15:43:16.169,168.0,58.6604
1775940197161372700,1775940197.1613727,15:43:17.161,178.0,52.6811
1775940198143647700,1775940198.1436477,15:43:18.143,136.0,34.8787
1775940199142400500,1775940199.1424005,15:43:19.142,147.0,33.7927
1775940200162344500,1775940200.1623445,15:43:20.162,157.0,53.6166
1775940201142684200,1775940201.1426842,15:43:21.142,94.4,34.0603
1775940202167401800,1775940202.1674018,15:43:22.167,126.0,58.7155
1775940203137843400,1775940203.1378434,15:43:23.137,115.0,29.1968
1775940204159849200,1775940204.1598492,15:43:24.159,126.0,51.073
1775940205153436000,1775940205.153436,15:43:25.153,168.0,44.1729
1775940206142182400,1775940206.1421824,15:43:26.142,157.0,33.458
1775940207143603800,1775940207.1436038,15:43:27.143,168.0,34.9409
1775940208134357700,1775940208.1343577,15:43:28.134,178.0,25.673
1775940209142880000,1775940209.14288,15:43:29.142,147.0,34.2561
1775940210145965600,1775940210.1459656,15:43:30.145,157.0,36.25
1775940211129706900,1775940211.1297069,15:43:31.129,168.0,20.8267
1775940212145934300,1775940212.1459343,15:43:32.145,168.0,37.318
1775940213135392000,1775940213.135392,15:43:33.135,157.0,26.7857
1775940214146291500,1775940214.1462915,15:43:34.146,168.0,36.2555
1775940215127350300,1775940215.1273503,15:43:35.127,210.0,18.7368
1775940216168947500,1775940216.1689475,15:43:36.168,283.0,60.2227
1775940217126506600,1775940217.1265066,15:43:37.126,199.0,17.8731
1775940218121989000,1775940218.121989,15:43:38.121,315.0,13.3787
1775940219134597000,1775940219.134597,15:43:39.134,273.0,25.9748
1775940220179967200,1775940220.1799672,15:43:40.179,273.0,71.3498
1775940221134188000,1775940221.134188,15:43:41.134,231.0,25.5543
1775940222135272500,1775940222.1352725,15:43:42.135,220.0,26.6586
1775940223123375000,1775940223.123375,15:43:43.123,304.0,14.5402
1775940224125196000,1775940224.125196,15:43:44.125,262.0,16.5837
1775940225134061600,1775940225.1340616,15:43:45.134,210.0,25.3756
1775940226150364000,1775940226.150364,15:43:46.150,241.0,41.3875
1775940227139547600,1775940227.1395476,15:43:47.139,189.0,29.8076
1775940228124649500,1775940228.1246495,15:43:48.124,220.0,16.006
1775940229139709500,1775940229.1397095,15:43:49.139,168.0,30.4835
1775940230154359800,1775940230.1543598,15:43:50.154,168.0,45.4119
1775940231133552000,1775940231.133552,15:43:51.133,220.0,24.9141
1775940232136206000,1775940232.136206,15:43:52.136,241.0,27.5235
1775940233129697600,1775940233.1296976,15:43:53.129,210.0,21.1128
1775940234147397500,1775940234.1473975,15:43:54.147,210.0,37.9019
1775940235143633000,1775940235.143633,15:43:55.143,210.0,34.5013
1775940236130941600,1775940236.1309416,15:43:56.130,220.0,22.0849
1775940237155698500,1775940237.1556985,15:43:57.155,189.0,47.0001
1775940238256448500,1775940238.2564485,15:43:58.256,136.0,147.6836
1775940239126186100,1775940239.1261861,15:43:59.126,126.0,17.5338
1775940240137708000,1775940240.137708,15:44:00.137,168.0,29.0793
1775940241143994800,1775940241.1439948,15:44:01.143,147.0,34.4062
1775940242143991200,1775940242.1439912,15:44:02.143,126.0,35.3538
1775940243150000300,1775940243.1500003,15:44:03.150,105.0,40.6807
1775940244162773100,1775940244.1627731,15:44:04.162,115.0,54.1738
1775940245142364700,1775940245.1423647,15:44:05.142,126.0,33.7463
1775940246149836500,1775940246.1498365,15:44:06.149,126.0,40.4948
1775940247145496000,1775940247.145496,15:44:07.145,115.0,36.8621
1775940248134075200,1775940248.1340752,15:44:08.134,126.0,25.0137
1775940249152926200,1775940249.1529262,15:44:09.152,199.0,44.1495
1775940250145462500,1775940250.1454625,15:44:10.145,126.0,36.7206
1775940251144472800,1775940251.1444728,15:44:11.144,126.0,34.0975
1775940252140328600,1775940252.1403286,15:44:12.140,168.0,30.8378
1775940253153528200,1775940253.1535282,15:44:13.153,157.0,43.4014
1775940254130343400,1775940254.1303434,15:44:14.130,157.0,21.6446
1775940255158056500,1775940255.1580565,15:44:15.158,178.0,49.3626
1775940256131309700,1775940256.1313097,15:44:16.131,157.0,22.6136
1775940257155631800,1775940257.1556318,15:44:17.155,157.0,45.4582
1775940258142212000,1775940258.142212,15:44:18.142,178.0,33.202
1775940259140682200,1775940259.1406822,15:44:19.140,178.0,32.0797
1775940260144216500,1775940260.1442165,15:44:20.144,168.0,35.5861
1775940261146053800,1775940261.1460538,15:44:21.146,178.0,35.7463
1775940262132532100,1775940262.1325321,15:44:22.132,157.0,23.8557
1775940263139589500,1775940263.1395895,15:44:23.139,189.0,30.9564
1775940264139883300,1775940264.1398833,15:44:24.139,220.0,30.1922
1775940265125447500,1775940265.1254475,15:44:25.125,241.0,16.796
1775940266126838400,1775940266.1268384,15:44:26.126,294.0,16.8651
1775940267162546400,1775940267.1625464,15:44:27.162,283.0,52.9661
1775940268146297700,1775940268.1462977,15:44:28.146,241.0,37.6467
1775940269129878000,1775940269.129878,15:44:29.129,346.0,21.1832
1775940270126493200,1775940270.1264932,15:44:30.126,283.0,17.8898
1775940271132337800,1775940271.1323378,15:44:31.132,304.0,23.7326
1775940272174971300,1775940272.1749713,15:44:32.174,262.0,66.3578
1775940273147980700,1775940273.1479807,15:44:33.147,210.0,39.2477
1775940274155907200,1775940274.1559072,15:44:34.155,283.0,47.2957
1775940275167427300,1775940275.1674273,15:44:35.167,241.0,58.8135
1775940276124146700,1775940276.1241467,15:44:36.124,262.0,14.1797
1775940277137837400,1775940277.1378374,15:44:37.137,199.0,27.7001
1775940278143296000,1775940278.143296,15:44:38.143,157.0,34.6424
1775940279131735800,1775940279.1317358,15:44:39.131,220.0,22.7764
1775940280139341000,1775940280.139341,15:44:40.139,220.0,30.7444
1775940281135353600,1775940281.1353536,15:44:41.135,189.0,26.6997
1775940282138468500,1775940282.1384685,15:44:42.138,210.0,29.8485
1775940283135355000,1775940283.135355,15:44:43.135,168.0,26.7439
1775940284133941000,1775940284.133941,15:44:44.133,126.0,25.2706
1775940285161495200,1775940285.1614952,15:44:45.161,147.0,52.8757
1775940286169197600,1775940286.1691976,15:44:46.169,126.0,60.5671
1775940287199443000,1775940287.199443,15:44:47.199,115.0,90.8244
1775940288148569000,1775940288.148569,15:44:48.148,115.0,39.9456
1775940289144710500,1775940289.1447105,15:44:49.144,136.0,36.0071
1775940290142175400,1775940290.1421754,15:44:50.142,115.0,33.4421
1775940291144183400,1775940291.1441834,15:44:51.144,157.0,35.5805
1775940292141365000,1775940292.141365,15:44:52.141,147.0,32.7824
1775940293146726100,1775940293.1467261,15:44:53.146,157.0,38.0785
1775940294144941800,1775940294.1449418,15:44:54.144,126.0,36.246
1775940295134820700,1775940295.1348207,15:44:55.134,126.0,26.1489
1775940296145286000,1775940296.145286,15:44:56.145,136.0,36.47
1775940297152425500,1775940297.1524255,15:44:57.152,115.0,43.7996
1775940298185783100,1775940298.1857831,15:44:58.185,126.0,77.2092
1775940299141414400,1775940299.1414144,15:44:59.141,105.0,31.6612
1775940300149133700,1775940300.1491337,15:45:00.149,73.4,40.5483
1775940301173994800,1775940301.1739948,15:45:01.173,105.0,65.3559
1775940302166135800,1775940302.1661358,15:45:02.166,73.4,57.4984
1775940303141934600,1775940303.1419346,15:45:03.141,115.0,33.3299
1775940304141958000,1775940304.141958,15:45:04.141,147.0,33.3485
1775940305160574000,1775940305.160574,15:45:05.160,126.0,50.357
1775940306166306300,1775940306.1663063,15:45:06.166,136.0,57.2569
1775940307142682600,1775940307.1426826,15:45:07.142,157.0,32.2693
1775940308147560100,1775940308.1475601,15:45:08.147,116.0,37.6833
1775940309137570900,1775940309.1375709,15:45:09.137,157.0,27.2948
1775940310143437900,1775940310.1434379,15:45:10.143,157.0,33.2379
1775940311131443700,1775940311.1314437,15:45:11.131,168.0,22.8359
1775940312143253300,1775940312.1432533,15:45:12.143,168.0,32.6548
1775940313150405600,1775940313.1504056,15:45:13.150,178.0,41.7724
1775940314136084600,1775940314.1360846,15:45:14.136,168.0,27.4228
1775940315144576500,1775940315.1445765,15:45:15.144,147.0,34.7769
1775940316149592400,1775940316.1495924,15:45:16.149,168.0,39.9035
1775940317137651400,1775940317.1376514,15:45:17.137,178.0,27.8022
1775940318128053000,1775940318.128053,15:45:18.128,189.0,19.4297
1775940319140614500,1775940319.1406145,15:45:19.140,178.0,32.043
1775940320136287700,1775940320.1362877,15:45:20.136,157.0,27.636
1775940321142268700,1775940321.1422687,15:45:21.142,199.0,33.006
1775940322131779000,1775940322.131779,15:45:22.131,210.0,23.1147
1775940323127387300,1775940323.1273873,15:45:23.127,252.0,16.0973
1775940324143538000,1775940324.143538,15:45:24.143,283.0,32.03
1775940325137390400,1775940325.1373904,15:45:25.137,315.0,28.7864
1775940326133419500,1775940326.1334195,15:45:26.133,334.0,21.6426
1775940327125019000,1775940327.125019,15:45:27.125,295.0,13.7228
1775940328147543000,1775940328.147543,15:45:28.147,262.0,38.9243
1775940329171699500,1775940329.1716995,15:45:29.171,283.0,63.093
1775940330174890500,1775940330.1748905,15:45:30.174,252.0,65.1851
1775940331131015500,1775940331.1310155,15:45:31.131,241.0,20.2492
1775940332193776000,1775940332.193776,15:45:32.193,241.0,83.478
1775940333131889300,1775940333.1318893,15:45:33.131,231.0,21.2324
1775940334142541600,1775940334.1425416,15:45:34.142,241.0,33.7839
1775940335142369300,1775940335.1423693,15:45:35.142,210.0,32.1007
1775940336140327000,1775940336.140327,15:45:36.140,220.0,29.6171
1775940337150488100,1775940337.1504881,15:45:37.150,231.0,41.8613
1775940338132107500,1775940338.1321075,15:45:38.132,210.0,23.4682
1775940339123411400,1775940339.1234114,15:45:39.123,178.0,14.7197
1775940340129500200,1775940340.1295002,15:45:40.129,231.0,20.2823
1775940341128371700,1775940341.1283717,15:45:41.128,178.0,19.7356
1775940342127004000,1775940342.127004,15:45:42.127,241.0,18.0837
1775940343124320000,1775940343.12432,15:45:43.124,241.0,15.6516
1775940344133475000,1775940344.133475,15:45:44.133,199.0,24.3852
1775940345127730400,1775940345.1277304,15:45:45.127,178.0,18.9541
1775940346138306000,1775940346.138306,15:45:46.138,157.0,29.5875
1775940347165352800,1775940347.1653528,15:45:47.165,189.0,56.6612
1775940348126575500,1775940348.1265755,15:45:48.126,189.0,17.9263
1775940349159864000,1775940349.159864,15:45:49.159,157.0,51.2356
1775940350147873000,1775940350.147873,15:45:50.147,83.9,39.2879
1775940351189597100,1775940351.1895971,15:45:51.189,83.9,80.7034
1775940352163294800,1775940352.1632948,15:45:52.163,62.9,54.5375
1775940353148983500,1775940353.1489835,15:45:53.148,94.4,40.3098
1775940354142195500,1775940354.1421955,15:45:54.142,115.0,33.4938
1775940355143675600,1775940355.1436756,15:45:55.143,115.0,34.7812
1775940356165748000,1775940356.165748,15:45:56.165,105.0,56.8224
1775940357142295600,1775940357.1422956,15:45:57.142,115.0,33.7096
1775940358141276400,1775940358.1412764,15:45:58.141,136.0,31.4158
1775940359142314700,1775940359.1423147,15:45:59.142,136.0,33.6938
1775940360147150000,1775940360.14715,15:46:00.147,157.0,37.2406
1775940361131990700,1775940361.1319907,15:46:01.131,168.0,23.3267
1775940362151247500,1775940362.1512475,15:46:02.151,147.0,42.0205
1775940363156481000,1775940363.156481,15:46:03.156,147.0,47.787
1775940364148936300,1775940364.1489363,15:46:04.148,168.0,40.2852
1775940365131591000,1775940365.131591,15:46:05.131,168.0,22.9755
1775940366145923400,1775940366.1459234,15:46:06.145,168.0,37.2945
1775940367158231500,1775940367.1582315,15:46:07.158,157.0,49.6324
1775940368135151400,1775940368.1351514,15:46:08.135,157.0,26.5337
1775940369186580700,1775940369.1865807,15:46:09.186,157.0,77.8426
1775940370134075000,1775940370.134075,15:46:10.134,157.0,24.4674
1775940371148931300,1775940371.1489313,15:46:11.148,157.0,40.1636
1775940372131343800,1775940372.1313438,15:46:12.131,157.0,22.5816
1775940373144617600,1775940373.1446176,15:46:13.144,168.0,35.806
1775940374127339800,1775940374.1273398,15:46:14.127,241.0,18.7161
1775940375137784700,1775940375.1377847,15:46:15.137,273.0,29.1634
1775940376135733800,1775940376.1357338,15:46:16.135,252.0,27.1532
1775940377120225000,1775940377.120225,15:46:17.120,262.0,11.6115
1775940378152918300,1775940378.1529183,15:46:18.152,283.0,44.3309
1775940379155371700,1775940379.1553717,15:46:19.155,315.0,46.7151
1775940380127568200,1775940380.1275682,15:46:20.127,241.0,18.9288
1775940381140557300,1775940381.1405573,15:46:21.140,252.0,31.9287
1775940382130013500,1775940382.1300135,15:46:22.130,283.0,21.39
1775940383137886300,1775940383.1378863,15:46:23.137,294.0,29.255
1775940384135495400,1775940384.1354954,15:46:24.135,178.0,25.7475
1775940385126370700,1775940385.1263707,15:46:25.126,210.0,17.7518
1775940386124313600,1775940386.1243136,15:46:26.124,241.0,15.696
1775940387135253400,1775940387.1352534,15:46:27.135,210.0,25.0769
1775940388138301600,1775940388.1383016,15:46:28.138,199.0,29.6958
1775940389158638500,1775940389.1586385,15:46:29.158,210.0,50.0261
1775940390166895400,1775940390.1668954,15:46:30.166,157.0,58.0435
1775940391131811600,1775940391.1318116,15:46:31.131,178.0,23.1424
1775940392145024000,1775940392.145024,15:46:32.145,136.0,36.3508
1775940393142183000,1775940393.142183,15:46:33.142,157.0,32.0353
1775940394178044600,1775940394.1780446,15:46:34.178,105.0,68.9668
1775940395149994900,1775940395.1499949,15:46:35.149,94.4,40.1711
1775940396154305200,1775940396.1543052,15:46:36.154,94.4,44.9018
1775940397153947600,1775940397.1539476,15:46:37.153,115.0,44.1689
1775940398150411000,1775940398.150411,15:46:38.150,115.0,41.6238
1775940399152073400,1775940399.1520734,15:46:39.152,126.0,41.7369
1775940400168710200,1775940400.1687102,15:46:40.168,105.0,59.6091
1775940401133259300,1775940401.1332593,15:46:41.133,105.0,24.6115
1775940402155109200,1775940402.1551092,15:46:42.155,157.0,46.4925
1775940403142497800,1775940403.1424978,15:46:43.142,168.0,32.1193
1775940404141463500,1775940404.1414635,15:46:44.141,157.0,32.7747
1775940405142239800,1775940405.1422398,15:46:45.142,178.0,33.4188
1775940406146546600,1775940406.1465466,15:46:46.146,157.0,37.9144
1775940407140329400,1775940407.1403294,15:46:47.140,147.0,31.7207
1775940408134545000,1775940408.134545,15:46:48.134,168.0,25.8862
1775940409138429900,1775940409.1384299,15:46:49.138,178.0,29.7827
1775940410136360200,1775940410.1363602,15:46:50.136,168.0,27.7521
1775940411152093200,1775940411.1520932,15:46:51.152,178.0,43.4707
1775940412130617000,1775940412.130617,15:46:52.130,168.0,21.9986
1775940413138547200,1775940413.1385472,15:46:53.138,168.0,28.8369
1775940414138916300,1775940414.1389163,15:46:54.138,178.0,30.3064
1775940415126388800,1775940415.1263888,15:46:55.126,252.0,17.7776
1775940416152797000,1775940416.152797,15:46:56.152,294.0,43.0831
1775940417178582700,1775940417.1785827,15:46:57.178,262.0,69.085
1775940418142575300,1775940418.1425753,15:46:58.142,283.0,31.7562
1775940419130191800,1775940419.1301918,15:46:59.130,315.0,18.5479
1775940420120536300,1775940420.1205363,15:47:00.120,283.0,11.5835
1775940421118707700,1775940421.1187077,15:47:01.118,241.0,9.5394
1775940422127864400,1775940422.1278644,15:47:02.127,283.0,19.2533
1775940423156915700,1775940423.1569157,15:47:03.156,273.0,48.2875
1775940424135784900,1775940424.1357849,15:47:04.135,252.0,27.2088
1775940425133560700,1775940425.1335607,15:47:05.133,283.0,24.9188
1775940426150968600,1775940426.1509686,15:47:06.150,273.0,39.9678
1775940427135374000,1775940427.135374,15:47:07.135,272.0,26.1544
1775940428141522000,1775940428.141522,15:47:08.141,273.0,32.8691
1775940429174153300,1775940429.1741533,15:47:09.174,189.0,65.5405
1775940430123552000,1775940430.123552,15:47:10.123,210.0,14.023
1775940431139096000,1775940431.139096,15:47:11.139,168.0,30.2921
1775940432129738800,1775940432.1297388,15:47:12.129,210.0,19.9264
1775940433138166000,1775940433.138166,15:47:13.138,231.0,29.5172
1775940434152787200,1775940434.1527872,15:47:14.152,262.0,44.1622
1775940435138284400,1775940435.1382844,15:47:15.138,252.0,29.6339
1775940436133868000,1775940436.133868,15:47:16.133,252.0,23.4221
1775940437127294500,1775940437.1272945,15:47:17.127,283.0,16.4734
1775940438130360400,1775940438.1303604,15:47:18.130,231.0,21.7793
1775940439132519000,1775940439.132519,15:47:19.132,231.0,23.8829
1775940440129871000,1775940440.129871,15:47:20.129,199.0,21.2568
1775940441130863400,1775940441.1308634,15:47:21.130,210.0,19.6553
1775940442131547700,1775940442.1315477,15:47:22.131,147.0,22.8657
1775940443146055700,1775940443.1460557,15:47:23.146,168.0,36.0683
1775940444155127800,1775940444.1551278,15:47:24.155,147.0,45.8598
1775940445147190800,1775940445.1471908,15:47:25.147,157.0,38.577
1775940446210200000,1775940446.2102,15:47:26.210,147.0,100.295
1775940447148151400,1775940447.1481514,15:47:27.148,73.4,39.4516
1775940448170206500,1775940448.1702065,15:47:28.170,94.4,60.7145
1775940449170521500,1775940449.1705215,15:47:29.170,83.9,61.8049
1775940450195352800,1775940450.1953528,15:47:30.195,94.4,86.0871
1775940451151191000,1775940451.151191,15:47:31.151,115.0,41.9292
1775940452132155000,1775940452.132155,15:47:32.132,115.0,23.4671
1775940453138564300,1775940453.1385643,15:47:33.138,147.0,28.4098
1775940454150157200,1775940454.1501572,15:47:34.150,157.0,39.969
1775940455156315300,1775940455.1563153,15:47:35.156,168.0,46.7116
1775940456174975200,1775940456.1749752,15:47:36.174,157.0,65.3332
1775940457159151300,1775940457.1591513,15:47:37.159,168.0,50.519
1775940458137943000,1775940458.137943,15:47:38.137,157.0,28.6902
1775940459136138700,1775940459.1361387,15:47:39.136,157.0,27.4502
1775940460142187800,1775940460.1421878,15:47:40.142,136.0,33.5486
1775940461166650500,1775940461.1666505,15:47:41.166,157.0,58.0353
1775940462140606200,1775940462.1406062,15:47:42.140,157.0,31.9751
1775940463184529000,1775940463.184529,15:47:43.184,168.0,75.8109
1775940464131799000,1775940464.131799,15:47:44.131,178.0,23.1748
1775940465128700300,1775940465.1287003,15:47:45.128,241.0,19.5454
1775940466135230000,1775940466.13523,15:47:46.135,231.0,25.1435
1775940467135309000,1775940467.135309,15:47:47.135,252.0,26.5963
1775940468136612400,1775940468.1366124,15:47:48.136,262.0,25.7496
1775940469126212100,1775940469.1262121,15:47:49.126,294.0,17.5685
1775940470126691300,1775940470.1266913,15:47:50.126,283.0,17.9158
1775940471118905300,1775940471.1189053,15:47:51.118,294.0,10.1314
1775940472129478200,1775940472.1294782,15:47:52.129,336.0,20.6011
1775940473158409400,1775940473.1584094,15:47:53.158,304.0,49.4916
1775940474127796000,1775940474.127796,15:47:54.127,304.0,19.143
1775940475127904200,1775940475.1279042,15:47:55.127,304.0,19.2648
1775940476132051500,1775940476.1320515,15:47:56.132,315.0,23.2467
1775940477133468600,1775940477.1334686,15:47:57.133,336.0,24.7428
1775940478168223400,1775940478.1682234,15:47:58.168,241.0,59.5693
1775940479124358000,1775940479.124358,15:47:59.124,252.0,15.7456
1775940480122405500,1775940480.1224055,15:48:00.122,304.0,13.798
1775940481124701300,1775940481.1247013,15:48:01.124,283.0,16.052
1775940482134012500,1775940482.1340125,15:48:02.134,283.0,25.3519
1775940483131732200,1775940483.1317322,15:48:03.131,293.0,20.5994
1775940484121817400,1775940484.1218174,15:48:04.121,294.0,13.1712
1775940485126884000,1775940485.126884,15:48:05.126,241.0,18.2423
1775940486135654400,1775940486.1356544,15:48:06.135,304.0,24.3153
1775940487135453200,1775940487.1354532,15:48:07.135,294.0,26.8477
1775940488129382600,1775940488.1293826,15:48:08.129,273.0,18.0678
1775940489134550000,1775940489.13455,15:48:09.134,220.0,25.9125
1775940490138472000,1775940490.138472,15:48:10.138,147.0,29.8429
1775940491143216400,1775940491.1432164,15:48:11.143,199.0,34.5812
1775940492141401000,1775940492.141401,15:48:12.141,210.0,31.1239
1775940493146842700,1775940493.1468427,15:48:13.146,210.0,38.2124
1775940494153425000,1775940494.153425,15:48:14.153,231.0,42.6654
1775940495126888800,1775940495.1268888,15:48:15.126,241.0,18.2814
1775940496124667400,1775940496.1246674,15:48:16.124,178.0,15.9506
1775940497153498400,1775940497.1534984,15:48:17.153,168.0,44.8923
1775940498164257300,1775940498.1642573,15:48:18.164,178.0,54.6162
1775940499166096700,1775940499.1660967,15:48:19.166,115.0,55.7953
1775940500137431900,1775940500.1374319,15:48:20.137,115.0,27.7659
1775940501161961800,1775940501.1619618,15:48:21.161,105.0,52.0867
1775940502151779400,1775940502.1517794,15:48:22.151,115.0,42.316
1775940503139736200,1775940503.1397362,15:48:23.139,94.4,31.0741
1775940504170796000,1775940504.170796,15:48:24.170,62.9,61.0016
1775940505161709500,1775940505.1617095,15:48:25.161,73.4,51.7689
1775940506157463000,1775940506.157463,15:48:26.157,73.4,48.2607
1775940507136334700,1775940507.1363347,15:48:27.136,94.4,27.6718
1775940508138404100,1775940508.1384041,15:48:28.138,105.0,29.7888
1775940509173707500,1775940509.1737075,15:48:29.173,136.0,65.1159
1775940510153318600,1775940510.1533186,15:48:30.153,105.0,44.5979
1775940511135549500,1775940511.1355495,15:48:31.135,94.4,26.7592
1775940512148851000,1775940512.148851,15:48:32.148,157.0,40.1037
1775940513154071600,1775940513.1540716,15:48:33.154,157.0,45.3229
1775940514135507300,1775940514.1355073,15:48:34.135,168.0,26.8726
1775940515153423800,1775940515.1534238,15:48:35.153,168.0,43.3654
1775940516155331000,1775940516.155331,15:48:36.155,178.0,44.8384
1775940517142447000,1775940517.142447,15:48:37.142,158.0,32.2413
1775940518143600200,1775940518.1436002,15:48:38.143,168.0,33.0718
1775940519146230200,1775940519.1462302,15:48:39.146,157.0,36.2749
1775940520160234500,1775940520.1602345,15:48:40.160,189.0,50.2185
1775940521154857600,1775940521.1548576,15:48:41.154,168.0,44.7505
1775940522139714200,1775940522.1397142,15:48:42.139,168.0,31.1148
1775940523145711000,1775940523.145711,15:48:43.145,168.0,37.1012
1775940524152348000,1775940524.152348,15:48:44.152,157.0,43.7337
1775940525133555000,1775940525.133555,15:48:45.133,189.0,24.9643
1775940526138433500,1775940526.1384335,15:48:46.138,252.0,29.775
1775940527127374000,1775940527.127374,15:48:47.127,294.0,17.5842
1775940528131278300,1775940528.1312783,15:48:48.131,304.0,22.6636
1775940529130725100,1775940529.1307251,15:48:49.130,315.0,22.1377
1775940530126272400,1775940530.1262724,15:48:50.126,325.0,15.1552
1775940531156245700,1775940531.1562457,15:48:51.156,294.0,47.2364
1775940532129723800,1775940532.1297238,15:48:52.129,252.0,17.3827
1775940533129431200,1775940533.1294312,15:48:53.129,273.0,20.8177
1775940534191140400,1775940534.1911404,15:48:54.191,252.0,82.5071
1775940535121569900,1775940535.1215699,15:48:55.121,252.0,12.9463
1775940536125566700,1775940536.1255667,15:48:56.125,283.0,16.9497
1775940537140303600,1775940537.1403036,15:48:57.140,199.0,31.3467
1775940538136369700,1775940538.1363697,15:48:58.136,189.0,27.7528
1775940539127999500,1775940539.1279995,15:48:59.128,189.0,19.3763
1775940540134836200,1775940540.1348362,15:49:00.134,199.0,24.1966
1775940541130533700,1775940541.1305337,15:49:01.130,168.0,21.863
1775940542156373500,1775940542.1563735,15:49:02.156,136.0,47.7368
1775940543134918200,1775940543.1349182,15:49:03.134,147.0,26.3128
1775940544135390500,1775940544.1353905,15:49:04.135,178.0,26.7668
1775940545135753400,1775940545.1357534,15:49:05.135,168.0,27.0548
1775940546153281200,1775940546.1532812,15:49:06.153,178.0,42.8873
1775940547134198000,1775940547.134198,15:49:07.134,157.0,25.5098
1775940548161645200,1775940548.1616452,15:49:08.161,115.0,51.634
1775940549137528200,1775940549.1375282,15:49:09.137,94.4,28.8601
1775940550180990700,1775940550.1809907,15:49:10.180,105.0,72.3591
1775940551204979700,1775940551.2049797,15:49:11.204,83.9,96.3356
1775940552143160300,1775940552.1431603,15:49:12.143,83.9,34.556
1775940553156925000,1775940553.156925,15:49:13.156,94.4,48.3168
1775940554174607500,1775940554.1746075,15:49:14.174,115.0,65.9532
1775940555191583600,1775940555.1915836,15:49:15.191,115.0,83.0079
1775940556177161700,1775940556.1771617,15:49:16.177,73.4,68.5286
1775940557182613000,1775940557.182613,15:49:17.182,83.9,73.1993
1775940558158875700,1775940558.1588757,15:49:18.158,62.9,50.2893
1775940559160825300,1775940559.1608253,15:49:19.160,73.4,52.1892
1775940560157871700,1775940560.1578717,15:49:20.157,73.4,49.2515
1775940561170331500,1775940561.1703315,15:49:21.170,83.9,60.8045
1775940562176228300,1775940562.1762283,15:49:22.176,73.4,67.582
1775940563168044800,1775940563.1680448,15:49:23.168,83.9,59.4401
1775940564164268000,1775940564.164268,15:49:24.164,73.4,55.5356
1775940565163699400,1775940565.1636994,15:49:25.163,83.9,54.8819
1775940566168221200,1775940566.1682212,15:49:26.168,83.9,58.938
1775940567168105800,1775940567.1681058,15:49:27.168,73.4,59.3821
1775940568159188000,1775940568.159188,15:49:28.159,73.4,50.5404
1775940569165200700,1775940569.1652007,15:49:29.165,83.9,56.5856
1775940570159493700,1775940570.1594937,15:49:30.159,83.9,50.8654
1775940571161932700,1775940571.1619327,15:49:31.161,83.9,52.7748
1775940572179709200,1775940572.1797092,15:49:32.179,83.9,70.2979
1775940573179669600,1775940573.1796696,15:49:33.179,73.4,71.0743
1775940574180962000,1775940574.180962,15:49:34.180,73.4,71.6736
1775940575182035000,1775940575.182035,15:49:35.182,52.4,73.1455
1775940576165845200,1775940576.1658452,15:49:36.165,62.9,56.9862
1775940577162706400,1775940577.1627064,15:49:37.162,52.4,54.0157
1775940578149346600,1775940578.1493466,15:49:38.149,62.9,40.7103
1775940579162860600,1775940579.1628606,15:49:39.162,73.4,54.059
1775940580170833300,1775940580.1708333,15:49:40.170,62.9,62.0291
1775940581171127800,1775940581.1711278,15:49:41.171,83.9,62.5235
1775940582159583300,1775940582.1595833,15:49:42.159,83.9,50.9676
1775940583168368300,1775940583.1683683,15:49:43.168,73.4,59.7316
1775940584166558000,1775940584.166558,15:49:44.166,83.9,57.9276
1775940585160684800,1775940585.1606848,15:49:45.160,73.4,51.7534
1775940586164933400,1775940586.1649334,15:49:46.164,83.9,55.946
1775940587173371000,1775940587.173371,15:49:47.173,73.4,64.6388
1775940588194392000,1775940588.194392,15:49:48.194,62.9,85.6488
1775940589186393700,1775940589.1863937,15:49:49.186,62.9,77.6488
1775940590187266000,1775940590.187266,15:49:50.187,62.9,78.6295
1775940591182739700,1775940591.1827397,15:49:51.182,52.4,73.9305
1775940592193306000,1775940592.193306,15:49:52.193,62.9,84.6125
1775940593169790000,1775940593.16979,15:49:53.169,52.4,61.0441
1775940594178446000,1775940594.178446,15:49:54.178,62.9,69.8621
1775940595171212400,1775940595.1712124,15:49:55.171,52.4,62.3912
1775940596188106500,1775940596.1881065,15:49:56.188,62.9,79.4524
1775940597173275200,1775940597.1732752,15:49:57.173,52.4,64.5374
1775940598174636600,1775940598.1746366,15:49:58.174,52.4,65.9116
1775940599180105000,1775940599.180105,15:49:59.180,62.9,71.4681
1775940600214942700,1775940600.2149427,15:50:00.214,62.9,106.2713
1775940601165691400,1775940601.1656914,15:50:01.165,52.4,57.0144
1775940602176068000,1775940602.176068,15:50:02.176,73.4,67.4381
1775940603158137600,1775940603.1581376,15:50:03.158,73.4,49.5218
1775940604158452500,1775940604.1584525,15:50:04.158,83.9,49.8049
1775940605178186000,1775940605.178186,15:50:05.178,94.4,69.5461
1775940606157724100,1775940606.1577241,15:50:06.157,83.9,49.1129
1775940607165961700,1775940607.1659617,15:50:07.165,94.4,57.354
1775940608156115500,1775940608.1561155,15:50:08.156,83.9,47.5156
1775940609144567300,1775940609.1445673,15:50:09.144,73.4,35.8899
1775940610189710900,1775940610.1897109,15:50:10.189,83.9,81.1057
1775940611187282300,1775940611.1872823,15:50:11.187,73.4,78.6741
1775940612154647000,1775940612.154647,15:50:12.154,94.4,46.0107
1775940613181514000,1775940613.181514,15:50:13.181,94.3,70.941
1775940614182094800,1775940614.1820948,15:50:14.182,94.4,73.2228
1775940615180029400,1775940615.1800294,15:50:15.180,73.4,71.3613
1775940616172464600,1775940616.1724646,15:50:16.172,83.9,63.7881
1775940617174003400,1775940617.1740034,15:50:17.174,83.9,65.3421
1775940618171259000,1775940618.171259,15:50:18.171,83.9,62.5873
1775940619195140400,1775940619.1951404,15:50:19.195,83.9,85.9085
1775940620169724500,1775940620.1697245,15:50:20.169,73.4,59.9608
1775940621161571500,1775940621.1615715,15:50:21.161,83.9,51.9023
1775940622192193700,1775940622.1921937,15:50:22.192,73.3,82.7661
1775940623161412000,1775940623.161412,15:50:23.161,84.0,51.701
1775940624191474200,1775940624.1914742,15:50:24.191,83.9,82.8927
1775940625157999800,1775940625.1579998,15:50:25.158,73.4,48.7725
1775940626149426500,1775940626.1494265,15:50:26.149,83.9,40.6694
1775940627173877500,1775940627.1738775,15:50:27.173,94.4,64.152
1775940628166873700,1775940628.1668737,15:50:28.166,83.8,56.908
1775940629170092600,1775940629.1700926,15:50:29.170,83.9,61.3557
1775940630179964800,1775940630.1799648,15:50:30.179,83.9,71.3055
1775940631204835200,1775940631.2048352,15:50:31.204,73.4,94.9943
1775940632163472400,1775940632.1634724,15:50:32.163,94.4,54.8002
1775940633179235000,1775940633.179235,15:50:33.179,83.9,70.4883
1775940634153276700,1775940634.1532767,15:50:34.153,83.9,44.6163
1775940635181859700,1775940635.1818597,15:50:35.181,83.9,72.4141
1775940636180526300,1775940636.1805263,15:50:36.180,83.9,71.9413
1775940637184645200,1775940637.1846452,15:50:37.184,83.9,76.041
1775940638161134500,1775940638.1611345,15:50:38.161,73.4,52.4597
1775940639183904200,1775940639.1839042,15:50:39.183,83.9,75.2563
1775940640176915000,1775940640.176915,15:50:40.176,94.4,68.1589
1775940641170868400,1775940641.1708684,15:50:41.170,83.9,62.2461
1775940642184052000,1775940642.184052,15:50:42.184,73.4,75.3777
1775940643200136400,1775940643.2001364,15:50:43.200,105.0,91.5532
1775940644202285000,1775940644.202285,15:50:44.202,83.9,93.6798
1775940645172214300,1775940645.1722143,15:50:45.172,73.4,63.5222
1775940646151152100,1775940646.1511521,15:50:46.151,94.4,42.5073
1775940647182628600,1775940647.1826286,15:50:47.182,83.9,73.9857
1775940648176066600,1775940648.1760666,15:50:48.176,83.9,67.4125
1775940649155004700,1775940649.1550047,15:50:49.155,83.9,46.37
1775940650169134600,1775940650.1691346,15:50:50.169,83.9,60.3982
1775940651163513400,1775940651.1635134,15:50:51.163,83.9,54.7792
1775940652203788500,1775940652.2037885,15:50:52.203,94.4,95.1401
1775940653190622000,1775940653.190622,15:50:53.190,73.4,81.9168
1775940654182015700,1775940654.1820157,15:50:54.182,83.9,73.3787
1775940655155882400,1775940655.1558824,15:50:55.155,83.9,47.2966
1775940656174608700,1775940656.1746087,15:50:56.174,94.4,66.0086
1775940657181887400,1775940657.1818874,15:50:57.181,73.4,73.1929
1775940658199664000,1775940658.199664,15:50:58.199,83.9,90.9402
1775940659193252800,1775940659.1932528,15:50:59.193,83.9,84.547
1775940660173950700,1775940660.1739507,15:51:00.173,83.9,64.0849
1775940661161919600,1775940661.1619196,15:51:01.161,83.9,53.2457
1775940662175266000,1775940662.175266,15:51:02.175,94.4,66.6591
1775940663190807300,1775940663.1908073,15:51:03.190,73.4,81.7617
1775940664181103700,1775940664.1811037,15:51:04.181,94.4,72.3967
1775940665175647000,1775940665.175647,15:51:05.175,83.9,67.0337
1775940666149119900,1775940666.1491199,15:51:06.149,105.0,39.6122
1775940667143158400,1775940667.1431584,15:51:07.143,126.0,34.5445
1775940668156152200,1775940668.1561522,15:51:08.156,126.0,47.509
1775940669149347000,1775940669.149347,15:51:09.149,126.0,39.9213
1775940670142751500,1775940670.1427515,15:51:10.142,126.0,34.0953
1775940671145458000,1775940671.145458,15:51:11.145,126.0,36.8203
1775940672148519500,1775940672.1485195,15:51:12.148,136.0,39.1034
1775940673150915100,1775940673.1509151,15:51:13.150,126.0,41.4136
1775940674146921000,1775940674.146921,15:51:14.146,126.0,38.1
1775940675143348700,1775940675.1433487,15:51:15.143,126.0,34.0771
1775940676201477000,1775940676.201477,15:51:16.201,126.0,92.004
1775940677153294000,1775940677.153294,15:51:17.153,126.0,43.7583
1775940678150408300,1775940678.1504083,15:51:18.150,126.0,40.9871
1775940679149599600,1775940679.1495996,15:51:19.149,126.0,40.1107
1775940680151267500,1775940680.1512675,15:51:20.151,126.0,42.63
1775940681142854700,1775940681.1428547,15:51:21.142,126.0,34.2224
1775940682147317600,1775940682.1473176,15:51:22.147,126.0,38.6774
1775940683149572800,1775940683.1495728,15:51:23.149,126.0,40.6783
1775940684151519800,1775940684.1515198,15:51:24.151,126.0,42.9049
1775940685146771400,1775940685.1467714,15:51:25.146,126.0,38.1651
1775940686150201600,1775940686.1502016,15:51:26.150,126.0,41.5915
1775940687147419700,1775940687.1474197,15:51:27.147,126.0,38.8285
1775940688169230700,1775940688.1692307,15:51:28.169,126.0,60.6301
1775940689153194400,1775940689.1531944,15:51:29.153,126.0,44.5694
1775940690146742600,1775940690.1467426,15:51:30.146,115.0,38.1132
1775940691151111000,1775940691.151111,15:51:31.151,126.0,41.6394
1775940692149847000,1775940692.149847,15:51:32.149,126.0,41.1799
1775940693149309200,1775940693.1493092,15:51:33.149,136.0,40.2717
1775940694145999700,1775940694.1459997,15:51:34.146,126.0,37.3817
1775940695144129300,1775940695.1441293,15:51:35.144,126.0,35.4582
1775940696146135800,1775940696.1461358,15:51:36.146,126.0,37.4879
1775940697154484000,1775940697.154484,15:51:37.154,126.0,45.0202
1775940698149605000,1775940698.149605,15:51:38.149,126.0,39.788
1775940699147967800,1775940699.1479678,15:51:39.147,126.0,39.2007
1775940700148175500,1775940700.1481755,15:51:40.148,136.0,39.4508
1775940701147976000,1775940701.147976,15:51:41.147,126.0,39.2683
1775940702144986200,1775940702.1449862,15:51:42.144,126.0,36.2902
1775940703146916200,1775940703.1469162,15:51:43.146,126.0,38.155
1775940704146658700,1775940704.1466587,15:51:44.146,126.0,37.9881
1775940705154828500,1775940705.1548285,15:51:45.154,126.0,46.1573
1775940706145690700,1775940706.1456907,15:51:46.145,115.0,36.9102
1775940707145625600,1775940707.1456256,15:51:47.145,126.0,36.9125
1775940708151061000,1775940708.151061,15:51:48.151,136.0,41.6231
1775940709160913200,1775940709.1609132,15:51:49.160,126.0,51.3383
1775940710149874200,1775940710.1498742,15:51:50.149,126.0,40.3684
1775940711144333600,1775940711.1443336,15:51:51.144,136.0,35.6028
1775940712160448600,1775940712.1604486,15:51:52.160,126.0,50.7164
1775940713206946000,1775940713.206946,15:51:53.206,83.9,98.2581
1775940714143354200,1775940714.1433542,15:51:54.143,83.9,34.7366
1775940715170370000,1775940715.17037,15:51:55.170,83.9,61.6444
1775940716147903000,1775940716.147903,15:51:56.147,52.4,38.4104
1775940717153566100,1775940717.1535661,15:51:57.153,105.0,44.8541
1775940718156612400,1775940718.1566124,15:51:58.156,115.0,47.8984
1775940719142049600,1775940719.1420496,15:51:59.142,94.4,33.2856
1775940720176213300,1775940720.1762133,15:52:00.176,115.0,67.4468
1775940721150011300,1775940721.1500113,15:52:01.150,147.0,41.3176
1775940722148721500,1775940722.1487215,15:52:02.148,136.0,39.9876
1775940723147160500,1775940723.1471605,15:52:03.147,136.0,36.7033
1775940724138217400,1775940724.1382174,15:52:04.138,147.0,29.4875
1775940725136827000,1775940725.136827,15:52:05.136,147.0,27.7875
1775940726148923400,1775940726.1489234,15:52:06.148,157.0,38.1792
1775940727150796000,1775940727.150796,15:52:07.150,157.0,42.1587
1775940728150125300,1775940728.1501253,15:52:08.150,157.0,41.4052
1775940729131031800,1775940729.1310318,15:52:09.131,168.0,22.3325
1775940730137924700,1775940730.1379247,15:52:10.137,178.0,28.1913
1775940731140989500,1775940731.1409895,15:52:11.140,126.0,32.3342
1775940732139267700,1775940732.1392677,15:52:12.139,168.0,28.3961
1775940733142812300,1775940733.1428123,15:52:13.142,157.0,34.1886
1775940734137272400,1775940734.1372724,15:52:14.137,168.0,28.5887
1775940735137581300,1775940735.1375813,15:52:15.137,168.0,28.775
1775940736139733000,1775940736.139733,15:52:16.139,157.0,30.9036
1775940737139299900,1775940737.1392999,15:52:17.139,115.0,30.524
1775940738139713500,1775940738.1397135,15:52:18.139,115.0,30.9561
1775940739140577800,1775940739.1405778,15:52:19.140,147.0,30.3525
1775940740139396700,1775940740.1393967,15:52:20.139,147.0,30.6672
1775940741138887600,1775940741.1388876,15:52:21.138,157.0,30.1367
1775940742152768400,1775940742.1527684,15:52:22.152,157.0,44.1624
1775940743162925500,1775940743.1629255,15:52:23.162,147.0,52.1285
1775940744149044500,1775940744.1490445,15:52:24.149,126.0,38.6353
1775940745138773700,1775940745.1387737,15:52:25.138,147.0,29.8569
1775940746138036500,1775940746.1380365,15:52:26.138,147.0,27.7824
1775940747139027600,1775940747.1390276,15:52:27.139,157.0,30.3821
1775940748143852200,1775940748.1438522,15:52:28.143,157.0,35.2445
1775940749142609000,1775940749.142609,15:52:29.142,147.0,33.8846
1775940750132096300,1775940750.1320963,15:52:30.132,147.0,23.3923
1775940751142120000,1775940751.14212,15:52:31.142,147.0,32.8292
1775940752147805000,1775940752.147805,15:52:32.147,147.0,38.1515
1775940753141031300,1775940753.1410313,15:52:33.141,147.0,32.3811
1775940754151814500,1775940754.1518145,15:52:34.151,136.0,43.2017
1775940755145609600,1775940755.1456096,15:52:35.145,147.0,35.3988
1775940756136960500,1775940756.1369605,15:52:36.136,147.0,26.8284
1775940757138047500,1775940757.1380475,15:52:37.138,147.0,27.7946
1775940758146006800,1775940758.1460068,15:52:38.146,126.0,35.7951
1775940759137831200,1775940759.1378312,15:52:39.137,136.0,28.4793
1775940760156629800,1775940760.1566298,15:52:40.156,147.0,46.886
1775940761142854200,1775940761.1428542,15:52:41.142,115.0,34.1916
1775940762134215000,1775940762.134215,15:52:42.134,147.0,25.5972
1775940763159315000,1775940763.159315,15:52:43.159,136.0,50.6034
1775940764149990800,1775940764.1499908,15:52:44.149,147.0,40.1585
1775940765141854800,1775940765.1418548,15:52:45.141,147.0,31.9133
1775940766129437700,1775940766.1294377,15:52:46.129,136.0,20.7231
1775940767185963200,1775940767.1859632,15:52:47.185,136.0,75.6636
1775940768155459600,1775940768.1554596,15:52:48.155,157.0,46.7995
1775940769137148000,1775940769.137148,15:52:49.137,147.0,28.5192
1775940770134928000,1775940770.134928,15:52:50.134,157.0,26.2683
1775940771146216900,1775940771.1462169,15:52:51.146,147.0,37.543
1775940772140721600,1775940772.1407216,15:52:52.140,157.0,30.9788
1775940773173370400,1775940773.1733704,15:52:53.173,94.4,64.7744
1775940774141848300,1775940774.1418483,15:52:54.141,105.0,33.2533
1775940775171752000,1775940775.171752,15:52:55.171,115.0,61.984
1775940776146335000,1775940776.146335,15:52:56.146,115.0,37.3279
1775940777145754600,1775940777.1457546,15:52:57.145,115.0,37.1219
1775940778149086700,1775940778.1490867,15:52:58.149,157.0,40.0437
1775940779140223700,1775940779.1402237,15:52:59.140,157.0,30.5556
1775940780140441700,1775940780.1404417,15:53:00.140,126.0,31.6791
1775940781133619500,1775940781.1336195,15:53:01.133,147.0,25.0092
1775940782151008800,1775940782.1510088,15:53:02.151,147.0,41.931
1775940783146717500,1775940783.1467175,15:53:03.146,157.0,38.0979
1775940784161674700,1775940784.1616747,15:53:04.161,157.0,51.5894
1775940785150055200,1775940785.1500552,15:53:05.150,136.0,41.454
1775940786155132500,1775940786.1551325,15:53:06.155,147.0,44.8094
1775940787144660700,1775940787.1446607,15:53:07.144,157.0,35.5516
1775940788138819200,1775940788.1388192,15:53:08.138,136.0,30.2115
1775940789149875600,1775940789.1498756,15:53:09.149,126.0,41.2647
1775940790133092400,1775940790.1330924,15:53:10.133,126.0,24.5052
1775940791146638000,1775940791.146638,15:53:11.146,136.0,38.0038
1775940792144216500,1775940792.1442165,15:53:12.144,136.0,35.6041
1775940793130988400,1775940793.1309884,15:53:13.130,105.0,22.3495
1775940794139402200,1775940794.1394022,15:53:14.139,147.0,30.7792
1775940795145483700,1775940795.1454837,15:53:15.145,147.0,36.8805
1775940796136411200,1775940796.1364112,15:53:16.136,126.0,27.7576
1775940797139313700,1775940797.1393137,15:53:17.139,126.0,30.6922
1775940798157878200,1775940798.1578782,15:53:18.157,147.0,47.8365
1775940799159958400,1775940799.1599584,15:53:19.159,147.0,50.4398
1775940800140489800,1775940800.1404898,15:53:20.140,126.0,31.863
1775940801153353500,1775940801.1533535,15:53:21.153,126.0,44.711
1775940802144034000,1775940802.144034,15:53:22.144,115.0,35.3797
1775940803140066000,1775940803.140066,15:53:23.140,105.0,31.408
1775940804146112200,1775940804.1461122,15:53:24.146,115.0,37.468
1775940805143680300,1775940805.1436803,15:53:25.143,126.0,35.0385
1775940806152302500,1775940806.1523025,15:53:26.152,126.0,43.6677
1775940807146717500,1775940807.1467175,15:53:27.146,105.0,36.5443
1775940808129034300,1775940808.1290343,15:53:28.129,115.0,20.3948
1775940809136277700,1775940809.1362777,15:53:29.136,147.0,27.62
1775940810133603800,1775940810.1336038,15:53:30.133,136.0,25.032
1775940811151564600,1775940811.1515646,15:53:31.151,136.0,42.9971
1775940812148353800,1775940812.1483538,15:53:32.148,126.0,38.3191
1775940813147405600,1775940813.1474056,15:53:33.147,147.0,37.7495
1775940814178269000,1775940814.178269,15:53:34.178,147.0,69.6632
1775940815142617700,1775940815.1426177,15:53:35.142,94.4,33.2778
1775940816157651400,1775940816.1576514,15:53:36.157,168.0,47.1181
1775940817133707300,1775940817.1337073,15:53:37.133,220.0,24.7509
1775940818166791700,1775940818.1667917,15:53:38.166,231.0,58.1566
1775940819158687000,1775940819.158687,15:53:39.158,220.0,48.6124
1775940820125832800,1775940820.1258328,15:53:40.125,220.0,17.246
1775940821149982200,1775940821.1499822,15:53:41.149,220.0,39.7279
1775940822138932000,1775940822.138932,15:53:42.138,220.0,28.5912
1775940823134890300,1775940823.1348903,15:53:43.134,231.0,25.1387
1775940824131759600,1775940824.1317596,15:53:44.131,231.0,23.1745
1775940825154809000,1775940825.154809,15:53:45.154,231.0,44.9743
1775940826127607800,1775940826.1276078,15:53:46.127,231.0,19.0212
1775940827130422400,1775940827.1304224,15:53:47.130,220.0,21.5959
1775940828140079500,1775940828.1400795,15:53:48.140,231.0,31.4948
1775940829134410900,1775940829.1344109,15:53:49.134,231.0,24.7096
1775940830125105100,1775940830.1251051,15:53:50.125,241.0,16.4967
1775940831133681300,1775940831.1336813,15:53:51.133,231.0,23.9778
1775940832158894000,1775940832.158894,15:53:52.158,231.0,48.8644
1775940833133422000,1775940833.133422,15:53:53.133,231.0,23.2556
1775940834140360600,1775940834.1403606,15:53:54.140,241.0,31.7565
1775940835137291700,1775940835.1372917,15:53:55.137,231.0,27.1552
1775940836182436500,1775940836.1824365,15:53:56.182,231.0,72.5267
1775940837142464200,1775940837.1424642,15:53:57.142,231.0,32.8412
1775940838135941000,1775940838.135941,15:53:58.135,220.0,25.828
1775940839147910800,1775940839.1479108,15:53:59.147,231.0,38.9378
1775940840135171700,1775940840.1351717,15:54:00.135,231.0,25.5487
1775940841133972000,1775940841.133972,15:54:01.133,231.0,25.3734
1775940842138906700,1775940842.1389067,15:54:02.138,231.0,28.9077
1775940843137621000,1775940843.137621,15:54:03.137,241.0,27.3653
1775940844143480300,1775940844.1434803,15:54:04.143,231.0,34.875
1775940845143832700,1775940845.1438327,15:54:05.143,231.0,35.2672
1775940846149286000,1775940846.149286,15:54:06.149,231.0,39.614
1775940847135359000,1775940847.135359,15:54:07.135,231.0,25.274
1775940848163248800,1775940848.1632488,15:54:08.163,220.0,53.6575
1775940849143802200,1775940849.1438022,15:54:09.143,147.0,35.1889
1775940850161035500,1775940850.1610355,15:54:10.161,136.0,52.4153
1775940851166029500,1775940851.1660295,15:54:11.166,126.0,57.4225
1775940852180126700,1775940852.1801267,15:54:12.180,115.0,70.0071
1775940853157793300,1775940853.1577933,15:54:13.157,157.0,47.4164
1775940854146980800,1775940854.1469808,15:54:14.146,136.0,36.6206
1775940855151441000,1775940855.151441,15:54:15.151,126.0,41.245
1775940856138857100,1775940856.1388571,15:54:16.138,136.0,30.1732
1775940857147187000,1775940857.147187,15:54:17.147,136.0,36.9662
1775940858147242500,1775940858.1472425,15:54:18.147,157.0,37.609
1775940859134852600,1775940859.1348526,15:54:19.134,157.0,24.8183
1775940860144169600,1775940860.1441696,15:54:20.144,168.0,35.588
1775940861145948600,1775940861.1459486,15:54:21.145,147.0,35.9495
1775940862146244300,1775940862.1462443,15:54:22.146,157.0,36.1444
1775940863191142600,1775940863.1911426,15:54:23.191,147.0,82.532
1775940864130717800,1775940864.1307178,15:54:24.130,157.0,20.982
1775940865146131800,1775940865.1461318,15:54:25.146,157.0,36.4078
1775940866136879400,1775940866.1368794,15:54:26.136,157.0,26.8007
1775940867140845300,1775940867.1408453,15:54:27.140,189.0,32.2563
1775940868139376900,1775940868.1393769,15:54:28.139,168.0,30.7748
1775940869136947900,1775940869.1369479,15:54:29.136,168.0,26.892
1775940870137968300,1775940870.1379683,15:54:30.137,168.0,28.7834
1775940871139494400,1775940871.1394944,15:54:31.139,168.0,30.8976
1775940872146553500,1775940872.1465535,15:54:32.146,168.0,37.8779
1775940873143438600,1775940873.1434386,15:54:33.143,147.0,33.3866
1775940874145919000,1775940874.145919,15:54:34.145,168.0,35.3025
1775940875146262200,1775940875.1462622,15:54:35.146,168.0,35.6507
1775940876209304000,1775940876.209304,15:54:36.209,157.0,100.6674
1775940877136566200,1775940877.1365662,15:54:37.136,126.0,26.9331
1775940878141992000,1775940878.141992,15:54:38.141,157.0,32.2002
1775940879143790500,1775940879.1437905,15:54:39.143,115.0,34.2489
1775940880158311100,1775940880.1583111,15:54:40.158,115.0,49.5681
1775940881134140700,1775940881.1341407,15:54:41.134,157.0,25.0996
1775940882139412600,1775940882.1394126,15:54:42.139,136.0,30.8207
1775940883151386000,1775940883.151386,15:54:43.151,147.0,42.694
1775940884132794400,1775940884.1327944,15:54:44.132,168.0,24.0772
1775940885130180800,1775940885.1301808,15:54:45.130,126.0,21.5649
1775940886142133700,1775940886.1421337,15:54:46.142,147.0,31.5842
1775940887139271500,1775940887.1392715,15:54:47.139,178.0,30.578
1775940888140713000,1775940888.140713,15:54:48.140,178.0,32.0273
1775940889143376800,1775940889.1433768,15:54:49.143,168.0,33.3142
1775940890139700200,1775940890.1397002,15:54:50.139,178.0,29.4016
1775940891135738800,1775940891.1357388,15:54:51.135,178.0,27.0068
1775940892137495800,1775940892.1374958,15:54:52.137,178.0,28.8067
1775940893130593300,1775940893.1305933,15:54:53.130,199.0,21.8802
1775940894135099400,1775940894.1350994,15:54:54.135,220.0,25.4253
1775940895131449000,1775940895.131449,15:54:55.131,241.0,22.6253
1775940896143473100,1775940896.1434731,15:54:56.143,241.0,32.3465
1775940897131221800,1775940897.1312218,15:54:57.131,220.0,22.534
1775940898128032200,1775940898.1280322,15:54:58.128,220.0,19.2802
1775940899126829400,1775940899.1268294,15:54:59.126,220.0,18.2005
1775940900135268700,1775940900.1352687,15:55:00.135,231.0,26.4922
1775940901138691400,1775940901.1386914,15:55:01.138,231.0,30.0068
1775940902128412000,1775940902.128412,15:55:02.128,241.0,19.7954
1775940903122044600,1775940903.1220446,15:55:03.122,231.0,13.3154
1775940904135161400,1775940904.1351614,15:55:04.135,210.0,26.5168
1775940905141949200,1775940905.1419492,15:55:05.141,189.0,33.2562
1775940906132307800,1775940906.1323078,15:55:06.132,210.0,23.6097
1775940907137720300,1775940907.1377203,15:55:07.137,199.0,27.3934
1775940908125978500,1775940908.1259785,15:55:08.125,241.0,17.3647
1775940909131487100,1775940909.1314871,15:55:09.131,231.0,22.881
1775940910126069800,1775940910.1260698,15:55:10.126,252.0,16.6936
1775940911130056100,1775940911.1300561,15:55:11.130,294.0,21.4922
1775940912123304400,1775940912.1233044,15:55:12.123,294.0,14.6993
1775940913130835800,1775940913.1308358,15:55:13.130,294.0,21.2665
1775940914121758000,1775940914.121758,15:55:14.121,304.0,13.1624
1775940915134832000,1775940915.134832,15:55:15.134,283.0,26.2329
1775940916131216500,1775940916.1312165,15:55:16.131,262.0,22.151
1775940917128975600,1775940917.1289756,15:55:17.128,357.0,20.3567
1775940918124876300,1775940918.1248763,15:55:18.124,304.0,16.2782
1775940919127656500,1775940919.1276565,15:55:19.127,231.0,19.0519
1775940920163542500,1775940920.1635425,15:55:20.163,252.0,54.8927
1775940921125540000,1775940921.12554,15:55:21.125,304.0,16.9338
1775940922131790000,1775940922.13179,15:55:22.131,252.0,23.1977
1775940923123536600,1775940923.1235366,15:55:23.123,304.0,14.8794
1775940924124110200,1775940924.1241102,15:55:24.124,304.0,15.4807
1775940925143708500,1775940925.1437085,15:55:25.143,283.0,35.0306
1775940926119948400,1775940926.1199484,15:55:26.119,273.0,11.2662
1775940927130370900,1775940927.1303709,15:55:27.130,273.0,21.7104
1775940928141358100,1775940928.1413581,15:55:28.141,283.0,32.7466
1775940929163681500,1775940929.1636815,15:55:29.163,147.0,54.6988
1775940930151295200,1775940930.1512952,15:55:30.151,157.0,42.3949
1775940931152917900,1775940931.1529179,15:55:31.152,147.0,42.989
1775940932138110400,1775940932.1381104,15:55:32.138,168.0,29.4977
1775940933131870000,1775940933.13187,15:55:33.131,168.0,23.2559
1775940934139053000,1775940934.139053,15:55:34.139,178.0,30.4458
1775940935145875700,1775940935.1458757,15:55:35.145,178.0,36.5648
1775940936149078600,1775940936.1490786,15:55:36.149,168.0,38.9434
1775940937131513800,1775940937.1315138,15:55:37.131,178.0,22.8555
1775940938154541000,1775940938.154541,15:55:38.154,178.0,44.4276
1775940939143123600,1775940939.1431236,15:55:39.143,168.0,32.9599
1775940940146310000,1775940940.14631,15:55:40.146,168.0,36.8615
1775940941147063500,1775940941.1470635,15:55:41.147,157.0,37.2717
1775940942143756600,1775940942.1437566,15:55:42.143,115.0,35.1026
1775940943171864300,1775940943.1718643,15:55:43.171,115.0,62.5555
1775940944154387500,1775940944.1543875,15:55:44.154,83.9,45.7763
1775940945146613800,1775940945.1466138,15:55:45.146,94.4,36.7442
1775940946149808200,1775940946.1498082,15:55:46.149,115.0,40.7402
1775940947154258300,1775940947.1542583,15:55:47.154,126.0,45.5854
1775940948155915700,1775940948.1559157,15:55:48.155,157.0,45.5804
1775940949131871000,1775940949.131871,15:55:49.131,220.0,21.6116
1775940950130525400,1775940950.1305254,15:55:50.130,231.0,20.0272
1775940951143988800,1775940951.1439888,15:55:51.143,231.0,33.6848
1775940952136283200,1775940952.1362832,15:55:52.136,241.0,26.0996
1775940953134680300,1775940953.1346803,15:55:53.134,220.0,26.0661
1775940954133197500,1775940954.1331975,15:55:54.133,241.0,24.5605
1775940955130356800,1775940955.1303568,15:55:55.130,231.0,20.5282
1775940956131713400,1775940956.1317134,15:55:56.131,241.0,23.0857
1775940957129828500,1775940957.1298285,15:55:57.129,283.0,18.5705
1775940958126814400,1775940958.1268144,15:55:58.126,315.0,18.1511
1775940959131160500,1775940959.1311605,15:55:59.131,262.0,22.4684
1775940960136021100,1775940960.1360211,15:56:00.136,283.0,24.8562
1775940961128953000,1775940961.128953,15:56:01.128,304.0,17.7952
1775940962131367400,1775940962.1313674,15:56:02.131,315.0,20.4787
1775940963138571300,1775940963.1385713,15:56:03.138,304.0,29.0276
1775940964127678000,1775940964.127678,15:56:04.127,315.0,18.1844
1775940965123208000,1775940965.123208,15:56:05.123,262.0,13.0151
1775940966122834000,1775940966.122834,15:56:06.122,241.0,14.2159
1775940967137388700,1775940967.1373887,15:56:07.137,199.0,26.6383
1775940968159310000,1775940968.15931,15:56:08.159,304.0,50.6769
1775940969185829000,1775940969.185829,15:56:09.185,231.0,76.8414
1775940970137380600,1775940970.1373806,15:56:10.137,189.0,28.1174
1775940971231171100,1775940971.2311711,15:56:11.231,199.0,122.1117
1775940972140850000,1775940972.14085,15:56:12.140,115.0,32.2789
1775940973146597400,1775940973.1465974,15:56:13.146,168.0,37.9277
1775940974136768000,1775940974.136768,15:56:14.136,168.0,28.0747
1775940975132714700,1775940975.1327147,15:56:15.132,168.0,24.1236
1775940976137246600,1775940976.1372466,15:56:16.137,157.0,28.6615
1775940977161699300,1775940977.1616993,15:56:17.161,178.0,53.1072
1775940978154425400,1775940978.1544254,15:56:18.154,157.0,45.8144
1775940979127211800,1775940979.1272118,15:56:19.127,168.0,18.596
1775940980148022200,1775940980.1480222,15:56:20.148,178.0,38.5386
1775940981146684200,1775940981.1466842,15:56:21.146,168.0,37.5416
1775940982144807000,1775940982.144807,15:56:22.144,168.0,36.2112
1775940983169464600,1775940983.1694646,15:56:23.169,126.0,59.6845
1775940984131230400,1775940984.1312304,15:56:24.131,115.0,20.9721
1775940985134387700,1775940985.1343877,15:56:25.134,115.0,25.7575
1775940986139087400,1775940986.1390874,15:56:26.139,147.0,30.4789
1775940987136554500,1775940987.1365545,15:56:27.136,157.0,27.9087
1775940988164649700,1775940988.1646497,15:56:28.164,157.0,55.9985
1775940989134944400,1775940989.1349444,15:56:29.134,168.0,26.2067
1775940990164575600,1775940990.1645756,15:56:30.164,178.0,55.9188
1775940991137603500,1775940991.1376035,15:56:31.137,178.0,28.9969
1775940992134766600,1775940992.1347666,15:56:32.134,178.0,26.1672
1775940993133824800,1775940993.1338248,15:56:33.133,231.0,25.2343
1775940994135180000,1775940994.13518,15:56:34.135,273.0,24.4547
1775940995126982500,1775940995.1269825,15:56:35.126,283.0,18.3795
1775940996126419300,1775940996.1264193,15:56:36.126,283.0,17.1137
1775940997122149200,1775940997.1221492,15:56:37.122,336.0,13.49
1775940998127782000,1775940998.127782,15:56:38.127,315.0,19.1212
1775940999125803200,1775940999.1258032,15:56:39.125,294.0,17.1416
1775941000137786000,1775941000.137786,15:56:40.137,220.0,29.168
1775941001129163000,1775941001.129163,15:56:41.129,294.0,20.5241
1775941002124382500,1775941002.1243825,15:56:42.124,273.0,15.704
1775941003126317500,1775941003.1263175,15:56:43.126,210.0,17.6751
1775941004158370700,1775941004.1583707,15:56:44.158,262.0,49.5457
1775941005123344700,1775941005.1233447,15:56:45.123,273.0,14.6193
1775941006127481500,1775941006.1274815,15:56:46.127,283.0,18.7769
1775941007130642700,1775941007.1306427,15:56:47.130,325.0,22.0265
1775941008126653200,1775941008.1266532,15:56:48.126,304.0,18.0476
1775941009127173400,1775941009.1271734,15:56:49.127,294.0,18.5185
1775941010145261300,1775941010.1452613,15:56:50.145,210.0,35.3254
1775941011134664300,1775941011.1346643,15:56:51.134,147.0,26.0513
1775941012162328200,1775941012.1623282,15:56:52.162,136.0,52.7684
1775941013180438300,1775941013.1804383,15:56:53.180,105.0,71.7115
1775941014154527700,1775941014.1545277,15:56:54.154,136.0,45.9105
1775941015166874000,1775941015.166874,15:56:55.166,168.0,58.2908
1775941016141085000,1775941016.141085,15:56:56.141,168.0,32.4296
1775941017135467300,1775941017.1354673,15:56:57.135,157.0,26.8572
1775941018138605000,1775941018.138605,15:56:58.138,178.0,30.0204
1775941019134477400,1775941019.1344774,15:56:59.134,178.0,25.9088
1775941020134037300,1775941020.1340373,15:57:00.134,189.0,25.4219
1775941021143106200,1775941021.1431062,15:57:01.143,157.0,34.4139
1775941022181347000,1775941022.181347,15:57:02.181,136.0,72.4696
1775941023207215000,1775941023.207215,15:57:03.207,168.0,97.6024
1775941024143420700,1775941024.1434207,15:57:04.143,115.0,34.776
1775941025133892300,1775941025.1338923,15:57:05.133,168.0,25.2464
1775941026154732700,1775941026.1547327,15:57:06.154,168.0,45.9646
1775941027177852900,1775941027.1778529,15:57:07.177,168.0,68.1554
1775941028170874800,1775941028.1708748,15:57:08.170,105.0,62.167
1775941029168305900,1775941029.1683059,15:57:09.168,105.0,59.5988
1775941030159880400,1775941030.1598804,15:57:10.159,83.9,51.1642
1775941031143450000,1775941031.14345,15:57:11.143,105.0,34.7044
1775941032135818700,1775941032.1358187,15:57:12.135,126.0,26.0748
1775941033155409600,1775941033.1554096,15:57:13.155,168.0,46.7454
1775941034151399100,1775941034.1513991,15:57:14.151,157.0,41.1838
1775941035142274900,1775941035.1422749,15:57:15.142,168.0,33.6224
1775941036137261900,1775941036.1372619,15:57:16.137,178.0,28.5317
1775941037126081200,1775941037.1260812,15:57:17.126,231.0,17.3506
1775941038135112800,1775941038.1351128,15:57:18.135,273.0,26.4558
1775941039123595500,1775941039.1235955,15:57:19.123,262.0,13.5027
1775941040131757300,1775941040.1317573,15:57:20.131,315.0,22.2013
1775941041127038700,1775941041.1270387,15:57:21.127,294.0,15.4367
1775941042130660500,1775941042.1306605,15:57:22.130,336.0,21.4052
1775941043133980800,1775941043.1339808,15:57:23.133,252.0,23.8003
1775941044122027600,1775941044.1220276,15:57:24.122,315.0,13.2996
1775941045124258300,1775941045.1242583,15:57:25.124,315.0,14.9312
1775941046127237800,1775941046.1272378,15:57:26.127,283.0,18.634
1775941047132212900,1775941047.1322129,15:57:27.132,241.0,23.5762
1775941048134828300,1775941048.1348283,15:57:28.134,325.0,24.5181
1775941049134529800,1775941049.1345298,15:57:29.134,283.0,25.9002
1775941050153141700,1775941050.1531417,15:57:30.153,315.0,44.5148
1775941051130388300,1775941051.1303883,15:57:31.130,273.0,20.2796
1775941052155171000,1775941052.155171,15:57:32.155,199.0,46.5624
1775941053146053300,1775941053.1460533,15:57:33.146,126.0,36.1681
1775941054142979400,1775941054.1429794,15:57:34.142,157.0,32.6271
1775941055172626700,1775941055.1726267,15:57:35.172,168.0,62.8996
1775941056126331300,1775941056.1263313,15:57:36.126,178.0,17.6365
1775941057134567300,1775941057.1345673,15:57:37.134,189.0,25.8849
1775941058137958000,1775941058.137958,15:57:38.137,157.0,27.937
1775941059155470100,1775941059.1554701,15:57:39.155,168.0,45.867
1775941060139693500,1775941060.1396935,15:57:40.139,168.0,31.1022
1775941061142699500,1775941061.1426995,15:57:41.142,157.0,32.5928
1775941062146124100,1775941062.1461241,15:57:42.146,178.0,36.8524
1775941063154592500,1775941063.1545925,15:57:43.154,157.0,44.7926
1775941064177911500,1775941064.1779115,15:57:44.177,157.0,69.3277
1775941065141560800,1775941065.1415608,15:57:45.141,126.0,31.0519
1775941066196324000,1775941066.196324,15:57:46.196,115.0,87.5523
1775941067157776800,1775941067.1577768,15:57:47.157,83.9,49.1871
1775941068141649700,1775941068.1416497,15:57:48.141,94.4,32.9919
1775941069156137200,1775941069.1561372,15:57:49.156,115.0,47.0734
1775941070146710600,1775941070.1467106,15:57:50.146,105.0,38.1124
1775941071149831000,1775941071.149831,15:57:51.149,94.4,41.2048
1775941072143457000,1775941072.143457,15:57:52.143,83.9,34.8368
1775941073151405600,1775941073.1514056,15:57:53.151,115.0,42.3316
1775941074153528000,1775941074.153528,15:57:54.153,105.0,43.2426
1775941075157170500,1775941075.1571705,15:57:55.157,126.0,48.1235
1775941076153605500,1775941076.1536055,15:57:56.153,105.0,44.1597
1775941077150520600,1775941077.1505206,15:57:57.150,105.0,41.9168
1775941078159549000,1775941078.159549,15:57:58.159,105.0,50.9435
1775941079157303800,1775941079.1573038,15:57:59.157,105.0,47.0592
1775941080149521600,1775941080.1495216,15:58:00.149,94.4,40.895
1775941081164360800,1775941081.1643608,15:58:01.164,94.4,55.2778
1775941082144279200,1775941082.1442792,15:58:02.144,105.0,35.6542
1775941083142670600,1775941083.1426706,15:58:03.142,105.0,34.0162
1775941084158365700,1775941084.1583657,15:58:04.158,105.0,48.6995
1775941085142213600,1775941085.1422136,15:58:05.142,115.0,33.6082
1775941086141332600,1775941086.1413326,15:58:06.141,105.0,32.733
1775941087136544200,1775941087.1365442,15:58:07.136,105.0,27.8556
1775941088152457700,1775941088.1524577,15:58:08.152,115.0,43.7733
1775941089142816000,1775941089.142816,15:58:09.142,105.0,34.1562
1775941090159920500,1775941090.1599205,15:58:10.159,105.0,51.3012
1775941091138005700,1775941091.1380057,15:58:11.138,115.0,29.3678
1775941092160616400,1775941092.1606164,15:58:12.160,115.0,52.0084
1775941093151028200,1775941093.1510282,15:58:13.151,115.0,42.4431
1775941094150887500,1775941094.1508875,15:58:14.150,105.0,42.3004
1775941095191141600,1775941095.1911416,15:58:15.191,105.0,82.5303
1775941096155269000,1775941096.155269,15:58:16.155,105.0,46.6652
1775941097154556500,1775941097.1545565,15:58:17.154,105.0,44.3718
1775941098160228300,1775941098.1602283,15:58:18.160,105.0,51.5894
1775941099153637000,1775941099.153637,15:58:19.153,115.0,43.57
1775941100153723500,1775941100.1537235,15:58:20.153,105.0,43.9441
1775941101141646000,1775941101.141646,15:58:21.141,105.0,33.0427
1775941102140140800,1775941102.1401408,15:58:22.140,115.0,31.4723
1775941103150357700,1775941103.1503577,15:58:23.150,105.0,41.753
1775941104142661300,1775941104.1426613,15:58:24.142,126.0,33.9546
1775941105181883600,1775941105.1818836,15:58:25.181,136.0,73.2671
1775941106139439300,1775941106.1394393,15:58:26.139,126.0,30.7362
1775941107136474000,1775941107.136474,15:58:27.136,136.0,27.3138
1775941108137261000,1775941108.137261,15:58:28.137,147.0,28.6739
1775941109148182000,1775941109.148182,15:58:29.148,136.0,39.5673
1775941110133254000,1775941110.133254,15:58:30.133,147.0,24.6322
1775941111138836600,1775941111.1388366,15:58:31.138,147.0,30.2374
1775941112143017300,1775941112.1430173,15:58:32.143,136.0,34.4211
1775941113144285400,1775941113.1442854,15:58:33.144,147.0,35.6808
1775941114155634600,1775941114.1556346,15:58:34.155,136.0,47.0476
1775941115145519300,1775941115.1455193,15:58:35.145,105.0,35.9202
1775941116139693500,1775941116.1396935,15:58:36.139,126.0,31.1135
1775941117152126800,1775941117.1521268,15:58:37.152,136.0,43.527
1775941118176012000,1775941118.176012,15:58:38.176,83.9,67.3493
1775941119174827300,1775941119.1748273,15:58:39.174,83.9,66.2434
1775941120179490600,1775941120.1794906,15:58:40.179,62.9,69.3711
1775941121186260700,1775941121.1862607,15:58:41.186,73.4,77.5846
1775941122153272900,1775941122.1532729,15:58:42.153,94.4,44.672
1775941123154224600,1775941123.1542246,15:58:43.154,126.0,45.6017
1775941124155698500,1775941124.1556985,15:58:44.155,83.9,47.1335
1775941125141402700,1775941125.1414027,15:58:45.141,126.0,32.6665
1775941126147009600,1775941126.1470096,15:58:46.147,126.0,38.3841
1775941127155282000,1775941127.155282,15:58:47.155,115.0,45.6401
1775941128143596000,1775941128.143596,15:58:48.143,105.0,34.9544
1775941129137825300,1775941129.1378253,15:58:49.137,126.0,29.2063
1775941130138793700,1775941130.1387937,15:58:50.138,157.0,30.2275
1775941131135661100,1775941131.1356611,15:58:51.135,126.0,27.0556
1775941132142572400,1775941132.1425724,15:58:52.142,136.0,31.9736
1775941133138747500,1775941133.1387475,15:58:53.138,168.0,28.6598
1775941134141331200,1775941134.1413312,15:58:54.141,168.0,32.2878
1775941135139507000,1775941135.139507,15:58:55.139,168.0,30.8811
1775941136143896800,1775941136.1438968,15:58:56.143,168.0,35.2388
1775941137143795500,1775941137.1437955,15:58:57.143,178.0,35.1455
1775941138132669400,1775941138.1326694,15:58:58.132,178.0,23.9438
1775941139134236000,1775941139.134236,15:58:59.134,178.0,25.559
1775941140141923700,1775941140.1419237,15:59:00.141,157.0,33.2812
1775941141127936600,1775941141.1279366,15:59:01.127,168.0,19.2987
1775941142132338300,1775941142.1323383,15:59:02.132,136.0,23.6476
1775941143142563300,1775941143.1425633,15:59:03.142,147.0,32.3743
1775941144168205000,1775941144.168205,15:59:04.168,126.0,59.6132
1775941145177620200,1775941145.1776202,15:59:05.177,126.0,68.9836
1775941146179817400,1775941146.1798174,15:59:06.179,126.0,69.6582
1775941147169738500,1775941147.1697385,15:59:07.169,147.0,60.0405
1775941148160279000,1775941148.160279,15:59:08.160,168.0,51.6642
1775941149141146700,1775941149.1411467,15:59:09.141,220.0,30.4005
1775941150156285300,1775941150.1562853,15:59:10.156,220.0,46.186
1775941151135441300,1775941151.1354413,15:59:11.135,231.0,26.8336
1775941152130124800,1775941152.1301248,15:59:12.130,262.0,21.5301
1775941153144506700,1775941153.1445067,15:59:13.144,262.0,34.6306
1775941154115955400,1775941154.1159554,15:59:14.115,294.0,7.3592
1775941155125178300,1775941155.1251783,15:59:15.125,336.0,16.5693
1775941156123829600,1775941156.1238296,15:59:16.123,325.0,15.1697
1775941157127645300,1775941157.1276453,15:59:17.127,357.0,15.6765
1775941158139751200,1775941158.1397512,15:59:18.139,273.0,30.8541
1775941159124132200,1775941159.1241322,15:59:19.124,294.0,15.4346
1775941160139033600,1775941160.1390336,15:59:20.139,304.0,27.9977
1775941161126820000,1775941161.12682,15:59:21.126,283.0,18.2312
1775941162135349300,1775941162.1353493,15:59:22.135,241.0,24.4354
1775941163132809600,1775941163.1328096,15:59:23.132,273.0,21.6281
1775941164128336700,1775941164.1283367,15:59:24.128,283.0,19.7049
1775941165131991900,1775941165.1319919,15:59:25.131,252.0,20.9682
1775941166155953000,1775941166.155953,15:59:26.155,241.0,46.7652
1775941167136035400,1775941167.1360354,15:59:27.136,199.0,27.4004
1775941168135258000,1775941168.135258,15:59:28.135,178.0,25.4498
1775941169141922200,1775941169.1419222,15:59:29.141,168.0,32.4987
1775941170148567400,1775941170.1485674,15:59:30.148,105.0,38.6569
1775941171143257400,1775941171.1432574,15:59:31.143,157.0,33.1773
1775941172147157400,1775941172.1471574,15:59:32.147,168.0,38.5088
1775941173138475400,1775941173.1384754,15:59:33.138,178.0,29.0706
1775941174139497300,1775941174.1394973,15:59:34.139,178.0,29.759
1775941175146069500,1775941175.1460695,15:59:35.146,178.0,35.9439
1775941176209324600,1775941176.2093246,15:59:36.209,157.0,100.6914
1775941177135142600,1775941177.1351426,15:59:37.135,147.0,25.2318
1775941178135098500,1775941178.1350985,15:59:38.135,168.0,26.3964
1775941179143934500,1775941179.1439345,15:59:39.143,168.0,35.2648
1775941180149174000,1775941180.149174,15:59:40.149,168.0,40.3816
1775941181133873200,1775941181.1338732,15:59:41.133,168.0,25.2734
1775941182155963000,1775941182.155963,15:59:42.155,157.0,46.0529
1775941183178531000,1775941183.178531,15:59:43.178,105.0,69.1777
1775941184182052000,1775941184.182052,15:59:44.182,73.4,73.4536
1775941185155160400,1775941185.1551604,15:59:45.155,105.0,46.5131
1775941186219189000,1775941186.219189,15:59:46.219,147.0,110.5771
1775941187142370200,1775941187.1423702,15:59:47.142,147.0,33.7511
1775941188154455700,1775941188.1544557,15:59:48.154,105.0,45.7697
1775941189134537000,1775941189.134537,15:59:49.134,126.0,25.9534
1775941190162457700,1775941190.1624577,15:59:50.162,157.0,53.8032
1775941191141325000,1775941191.141325,15:59:51.141,168.0,32.6936
1775941192150485000,1775941192.150485,15:59:52.150,105.0,41.8179
1775941193139378000,1775941193.139378,15:59:53.139,157.0,30.7933
1775941194138993700,1775941194.1389937,15:59:54.138,157.0,30.397
1775941195145490000,1775941195.14549,15:59:55.145,168.0,35.3623
1775941196150350800,1775941196.1503508,15:59:56.150,157.0,40.7796
1775941197163155300,1775941197.1631553,15:59:57.163,136.0,53.326
1775941198138725500,1775941198.1387255,15:59:58.138,115.0,30.1434
1775941199138919400,1775941199.1389194,15:59:59.138,147.0,28.7358
1775941200138637300,1775941200.1386373,16:00:00.138,168.0,28.6406
1775941201150279500,1775941201.1502795,16:00:01.150,126.0,41.6878
1775941202138223000,1775941202.138223,16:00:02.138,168.0,29.6312
1775941203132306300,1775941203.1323063,16:00:03.132,136.0,23.6315
1775941204134046600,1775941204.1340466,16:00:04.134,168.0,24.5512
1775941205158402200,1775941205.1584022,16:00:05.158,168.0,48.4918
1775941206140470500,1775941206.1404705,16:00:06.140,157.0,30.5471
1775941207142063600,1775941207.1420636,16:00:07.142,168.0,33.4553
1775941208134227800,1775941208.1342278,16:00:08.134,178.0,25.6341
1775941209138489500,1775941209.1384895,16:00:09.138,157.0,29.8876
1775941210153179200,1775941210.1531792,16:00:10.153,157.0,43.1433
1775941211137278800,1775941211.1372788,16:00:11.137,157.0,28.1724
1775941212136328500,1775941212.1363285,16:00:12.136,178.0,27.7186
1775941213146730000,1775941213.14673,16:00:13.146,157.0,38.1263
1775941214153847200,1775941214.1538472,16:00:14.153,168.0,44.171
1775941215142144000,1775941215.142144,16:00:15.142,147.0,33.5346
1775941216144930400,1775941216.1449304,16:00:16.144,157.0,35.9525
1775941217138486900,1775941217.1384869,16:00:17.138,168.0,29.5272
1775941218147718700,1775941218.1477187,16:00:18.147,157.0,36.8641
1775941219149209700,1775941219.1492097,16:00:19.149,168.0,39.384
1775941220177333800,1775941220.1773338,16:00:20.177,105.0,67.8249
1775941221148172100,1775941221.1481721,16:00:21.148,126.0,37.8988
1775941222140529200,1775941222.1405292,16:00:22.140,168.0,31.8513
1775941223135908000,1775941223.135908,16:00:23.135,157.0,26.1253
1775941224143028000,1775941224.143028,16:00:24.143,157.0,34.4315
1775941225143559700,1775941225.1435597,16:00:25.143,168.0,34.1441
1775941226143253600,1775941226.1432536,16:00:26.143,147.0,34.6353
1775941227134078700,1775941227.1340787,16:00:27.134,157.0,25.4352
1775941228141323000,1775941228.141323,16:00:28.141,147.0,31.7859
1775941229157823300,1775941229.1578233,16:00:29.157,136.0,48.6643
1775941230131115000,1775941230.131115,16:00:30.131,136.0,20.9547
1775941231141273500,1775941231.1412735,16:00:31.141,168.0,32.7012
1775941232135715200,1775941232.1357152,16:00:32.135,168.0,27.1159
1775941233147742500,1775941233.1477425,16:00:33.147,157.0,38.2662
1775941234134848400,1775941234.1348484,16:00:34.134,168.0,25.1635
1775941235144925600,1775941235.1449256,16:00:35.144,210.0,36.3057
1775941236127347500,1775941236.1273475,16:00:36.127,210.0,18.7455
1775941237135021200,1775941237.1350212,16:00:37.135,210.0,26.4082
1775941238133315000,1775941238.133315,16:00:38.133,210.0,23.2259
1775941239151808700,1775941239.1518087,16:00:39.151,209.0,40.3516
1775941240132612700,1775941240.1326127,16:00:40.132,200.0,22.9395
1775941241141533900,1775941241.1415339,16:00:41.141,210.0,32.918
1775941242137388500,1775941242.1373885,16:00:42.137,199.0,28.4897
1775941243138489200,1775941243.1384892,16:00:43.138,199.0,29.8829
1775941244137561000,1775941244.137561,16:00:44.137,199.0,28.8795
1775941245132131000,1775941245.132131,16:00:45.132,210.0,22.3952
1775941246130896300,1775941246.1308963,16:00:46.130,210.0,22.2976
1775941247139577400,1775941247.1395774,16:00:47.139,210.0,30.9731
1775941248132142300,1775941248.1321423,16:00:48.132,220.0,23.5502
1775941249131282000,1775941249.131282,16:00:49.131,220.0,22.4565
1775941250136120600,1775941250.1361206,16:00:50.136,210.0,26.013
1775941251149566700,1775941251.1495667,16:00:51.149,231.0,39.4316
1775941252135040500,1775941252.1350405,16:00:52.135,220.0,26.3428
1775941253131374800,1775941253.1313748,16:00:53.131,210.0,22.7364
1775941254131357400,1775941254.1313574,16:00:54.131,231.0,20.7642
1775941255159652700,1775941255.1596527,16:00:55.159,199.0,49.4998
1775941256131073700,1775941256.1310737,16:00:56.131,221.0,22.4556
1775941257135880000,1775941257.13588,16:00:57.135,210.0,26.05
1775941258132044600,1775941258.1320446,16:00:58.132,210.0,21.9116
1775941259163517700,1775941259.1635177,16:00:59.163,210.0,54.9082
1775941260156503200,1775941260.1565032,16:01:00.156,178.0,47.8129
1775941261158171000,1775941261.158171,16:01:01.158,136.0,48.0607
1775941262142179000,1775941262.142179,16:01:02.142,157.0,32.2494
1775941263144178600,1775941263.1441786,16:01:03.144,147.0,35.582
1775941264133498700,1775941264.1334987,16:01:04.133,157.0,24.8988
1775941265145084400,1775941265.1450844,16:01:05.145,136.0,36.5101
1775941266144930600,1775941266.1449306,16:01:06.144,147.0,36.1867
1775941267137912000,1775941267.137912,16:01:07.137,157.0,29.1474
1775941268145408900,1775941268.1454089,16:01:08.145,147.0,36.616
1775941269138224100,1775941269.1382241,16:01:09.138,168.0,29.5508
1775941270143111500,1775941270.1431115,16:01:10.143,168.0,32.9021
1775941271141774400,1775941271.1417744,16:01:11.141,157.0,33.1011
1775941272138192000,1775941272.138192,16:01:12.138,157.0,29.5741
1775941273130616700,1775941273.1306167,16:01:13.130,168.0,22.0055
1775941274137449000,1775941274.137449,16:01:14.137,157.0,28.7011
1775941275138098000,1775941275.138098,16:01:15.138,136.0,29.3231
1775941276179980500,1775941276.1799805,16:01:16.179,126.0,71.3828
1775941277141924400,1775941277.1419244,16:01:17.141,126.0,32.3067
1775941278138666900,1775941278.1386669,16:01:18.138,136.0,30.0179
1775941279135995000,1775941279.135995,16:01:19.135,136.0,25.7578
1775941280149863700,1775941280.1498637,16:01:20.149,168.0,41.1908
1775941281138293000,1775941281.138293,16:01:21.138,147.0,28.7914
1775941282147213200,1775941282.1472132,16:01:22.147,168.0,37.4664
1775941283132045000,1775941283.132045,16:01:23.132,210.0,23.3619
1775941284130486000,1775941284.130486,16:01:24.130,168.0,20.2647
1775941285142347600,1775941285.1423476,16:01:25.142,189.0,32.1966
1775941286146306300,1775941286.1463063,16:01:26.146,168.0,37.6486
1775941287145959600,1775941287.1459596,16:01:27.145,178.0,35.1705
1775941288139960800,1775941288.1399608,16:01:28.139,199.0,31.2584
1775941289145312000,1775941289.145312,16:01:29.145,199.0,36.6579
1775941290127411100,1775941290.1274111,16:01:30.127,178.0,18.7956
1775941291128200800,1775941291.1282008,16:01:31.128,210.0,19.5804
1775941292134329000,1775941292.134329,16:01:32.134,231.0,24.4506
1775941293138343300,1775941293.1383433,16:01:33.138,199.0,27.5228
1775941294131987000,1775941294.131987,16:01:34.131,231.0,22.0322
1775941295127607600,1775941295.1276076,16:01:35.127,220.0,19.0014
1775941296130430000,1775941296.13043,16:01:36.130,241.0,20.7053
1775941297133208300,1775941297.1332083,16:01:37.133,210.0,23.4808
1775941298128171200,1775941298.1281712,16:01:38.128,220.0,19.5268
1775941299138560300,1775941299.1385603,16:01:39.138,241.0,29.9107
1775941300130493400,1775941300.1304934,16:01:40.130,210.0,19.4472
1775941301136464800,1775941301.1364648,16:01:41.136,241.0,27.8775
1775941302149356000,1775941302.149356,16:01:42.149,147.0,38.0064
1775941303136238600,1775941303.1362386,16:01:43.136,168.0,25.1171
1775941304138695700,1775941304.1386957,16:01:44.138,220.0,28.0417
1775941305135441800,1775941305.1354418,16:01:45.135,252.0,26.7367
1775941306136341600,1775941306.1363416,16:01:46.136,241.0,27.6398
1775941307131643300,1775941307.1316433,16:01:47.131,262.0,22.9869
1775941308138690700,1775941308.1386907,16:01:48.138,262.0,27.9688
1775941309125434000,1775941309.125434,16:01:49.125,262.0,16.7639
1775941310149019500,1775941310.1490195,16:01:50.149,231.0,40.3519
1775941311149143200,1775941311.1491432,16:01:51.149,241.0,40.5379
1775941312138109400,1775941312.1381094,16:01:52.138,231.0,29.4898
1775941313134829300,1775941313.1348293,16:01:53.134,231.0,26.1645
1775941314146638000,1775941314.146638,16:01:54.146,210.0,37.6824
1775941315144859600,1775941315.1448596,16:01:55.144,231.0,35.6582
1775941316133740400,1775941316.1337404,16:01:56.133,241.0,23.682
1775941317134269200,1775941317.1342692,16:01:57.134,220.0,23.5837
1775941318132895200,1775941318.1328952,16:01:58.132,241.0,22.098
1775941319133092900,1775941319.1330929,16:01:59.133,252.0,24.466
1775941320142637700,1775941320.1426377,16:02:00.142,231.0,33.6883
1775941321134644500,1775941321.1346445,16:02:01.134,231.0,25.3211
1775941322137116400,1775941322.1371164,16:02:02.137,241.0,28.2504
1775941323137437300,1775941323.1374373,16:02:03.137,252.0,28.8217
1775941324128021700,1775941324.1280217,16:02:04.128,241.0,19.4027
1775941325130694000,1775941325.130694,16:02:05.130,252.0,22.0198
1775941326134933500,1775941326.1349335,16:02:06.134,231.0,25.2107
1775941327136225200,1775941327.1362252,16:02:07.136,220.0,27.0284
1775941328157831000,1775941328.157831,16:02:08.157,241.0,47.1316
1775941329137316500,1775941329.1373165,16:02:09.137,241.0,28.7359
1775941330131020300,1775941330.1310203,16:02:10.131,231.0,22.3938
1775941331126845400,1775941331.1268454,16:02:11.126,241.0,18.2172
1775941332133823400,1775941332.1338234,16:02:12.133,241.0,25.1425
1775941333144493600,1775941333.1444936,16:02:13.144,157.0,35.8159
1775941334122401500,1775941334.1224015,16:02:14.122,136.0,13.7611
1775941335125262500,1775941335.1252625,16:02:15.125,231.0,16.6605
1775941336132356400,1775941336.1323564,16:02:16.132,262.0,23.7396
1775941337148253400,1775941337.1482534,16:02:17.148,241.0,39.574
1775941338134899000,1775941338.134899,16:02:18.134,199.0,25.91
1775941339133434800,1775941339.1334348,16:02:19.133,231.0,24.8248
1775941340133956200,1775941340.1339562,16:02:20.133,252.0,25.3427
1775941341135765300,1775941341.1357653,16:02:21.135,241.0,27.1555
1775941342138929600,1775941342.1389296,16:02:22.138,252.0,29.3385
1775941343139593000,1775941343.139593,16:02:23.139,252.0,30.9207
1775941344132624900,1775941344.1326249,16:02:24.132,241.0,23.9886
1775941345135015500,1775941345.1350155,16:02:25.135,231.0,24.5029
1775941346127757000,1775941346.127757,16:02:26.127,241.0,19.1347
1775941347126748600,1775941347.1267486,16:02:27.126,241.0,17.7851
1775941348129394300,1775941348.1293943,16:02:28.129,241.0,20.777
1775941349139349200,1775941349.1393492,16:02:29.139,231.0,30.7638
1775941350136464600,1775941350.1364646,16:02:30.136,210.0,27.834
1775941351134232500,1775941351.1342325,16:02:31.134,231.0,25.6385
1775941352164176500,1775941352.1641765,16:02:32.164,231.0,55.5126
1775941353129535400,1775941353.1295354,16:02:33.129,231.0,20.9103
1775941354137237000,1775941354.137237,16:02:34.137,241.0,28.621
1775941355133914700,1775941355.1339147,16:02:35.133,231.0,25.2704
1775941356159734700,1775941356.1597347,16:02:36.159,231.0,51.0976
1775941357144022500,1775941357.1440225,16:02:37.144,241.0,35.4212
1775941358131015800,1775941358.1310158,16:02:38.131,230.0,20.5226
1775941359130865300,1775941359.1308653,16:02:39.130,231.0,22.0701
1775941360126625300,1775941360.1266253,16:02:40.126,241.0,17.5284
1775941361143749200,1775941361.1437492,16:02:41.143,251.0,34.1483
1775941362137383200,1775941362.1373832,16:02:42.137,252.0,26.1802
1775941363145597000,1775941363.145597,16:02:43.145,252.0,35.4652
1775941364137384700,1775941364.1373847,16:02:44.137,262.0,27.7479
1775941365159453000,1775941365.159453,16:02:45.159,241.0,50.8515
1775941366138436300,1775941366.1384363,16:02:46.138,252.0,28.2707
1775941367141742700,1775941367.1417427,16:02:47.141,241.0,33.1062
1775941368128166700,1775941368.1281667,16:02:48.128,252.0,19.5854
1775941369136466000,1775941369.136466,16:02:49.136,241.0,27.8453
1775941370132721700,1775941370.1327217,16:02:50.132,241.0,24.1281
1775941371138016000,1775941371.138016,16:02:51.138,241.0,28.7345
1775941372137965700,1775941372.1379657,16:02:52.137,241.0,27.1381
1775941373134215800,1775941373.1342158,16:02:53.134,241.0,25.6003
1775941374138488000,1775941374.138488,16:02:54.138,199.0,29.8869
1775941375141457000,1775941375.141457,16:02:55.141,168.0,32.8506
1775941376155947400,1775941376.1559474,16:02:56.155,178.0,47.3405
1775941377133487700,1775941377.1334877,16:02:57.133,157.0,24.8342
1775941378142399000,1775941378.142399,16:02:58.142,220.0,33.8164
1775941379176519600,1775941379.1765196,16:02:59.176,231.0,67.9141
1775941380140084000,1775941380.140084,16:03:00.140,210.0,31.4908
1775941381140077000,1775941381.140077,16:03:01.140,168.0,30.1057
1775941382150121200,1775941382.1501212,16:03:02.150,147.0,41.215
1775941383133964300,1775941383.1339643,16:03:03.133,157.0,24.9246
1775941384153550400,1775941384.1535504,16:03:04.153,168.0,44.9652
1775941385174308000,1775941385.174308,16:03:05.174,147.0,65.4407
1775941386140111200,1775941386.1401112,16:03:06.140,147.0,30.3067
1775941387142114400,1775941387.1421144,16:03:07.142,199.0,31.8204
1775941388136214500,1775941388.1362145,16:03:08.136,178.0,27.6171
1775941389149652700,1775941389.1496527,16:03:09.149,199.0,41.0529
1775941390140342500,1775941390.1403425,16:03:10.140,168.0,31.7256
1775941391135721400,1775941391.1357214,16:03:11.135,157.0,27.1231
1775941392139491800,1775941392.1394918,16:03:12.139,220.0,30.844
1775941393131819000,1775941393.131819,16:03:13.131,231.0,23.1247
1775941394130518400,1775941394.1305184,16:03:14.130,231.0,20.7995
1775941395201665600,1775941395.2016656,16:03:15.201,136.0,92.9699
1775941396155860400,1775941396.1558604,16:03:16.155,115.0,47.2528
1775941397145058600,1775941397.1450586,16:03:17.145,168.0,35.0444
1775941398140078300,1775941398.1400783,16:03:18.140,136.0,31.2356
1775941399146357000,1775941399.146357,16:03:19.146,105.0,37.7317
1775941400183467900,1775941400.1834679,16:03:20.183,83.9,74.7421
1775941401157811600,1775941401.1578116,16:03:21.157,94.4,49.152
1775941402161574000,1775941402.161574,16:03:22.161,115.0,51.159
1775941403149783600,1775941403.1497836,16:03:23.149,126.0,41.1374
1775941404177452000,1775941404.177452,16:03:24.177,126.0,68.8449
1775941405146496500,1775941405.1464965,16:03:25.146,115.0,37.8231
1775941406155881200,1775941406.1558812,16:03:26.155,115.0,47.2472
1775941407161182200,1775941407.1611822,16:03:27.161,126.0,51.7832
1775941408145072000,1775941408.145072,16:03:28.145,126.0,34.0885
1775941409138076000,1775941409.138076,16:03:29.138,157.0,29.4404
1775941410142739800,1775941410.1427398,16:03:30.142,241.0,34.1124
1775941411131818300,1775941411.1318183,16:03:31.131,294.0,20.4022
1775941412128126900,1775941412.1281269,16:03:32.128,294.0,19.4601
1775941413186249500,1775941413.1862495,16:03:33.186,304.0,77.5816
1775941414127043500,1775941414.1270435,16:03:34.127,294.0,18.3184
1775941415124326700,1775941415.1243267,16:03:35.124,189.0,15.6359
1775941416135051700,1775941416.1350517,16:03:36.135,262.0,26.4427
1775941417126321600,1775941417.1263216,16:03:37.126,273.0,17.7185
1775941418126732600,1775941418.1267326,16:03:38.126,304.0,17.9974
1775941419127411400,1775941419.1274114,16:03:39.127,325.0,18.8045
1775941420133893000,1775941420.133893,16:03:40.133,231.0,22.9375
1775941421136759000,1775941421.136759,16:03:41.136,252.0,28.0617
1775941422128552700,1775941422.1285527,16:03:42.128,241.0,19.9252
1775941423131113800,1775941423.1311138,16:03:43.131,252.0,22.5061
1775941424124778700,1775941424.1247787,16:03:44.124,273.0,16.1792
1775941425147176700,1775941425.1471767,16:03:45.147,220.0,38.4677
1775941426213490000,1775941426.21349,16:03:46.213,147.0,104.8717
1775941427142533800,1775941427.1425338,16:03:47.142,136.0,32.2911
1775941428152132000,1775941428.152132,16:03:48.152,168.0,43.4747
1775941429146181800,1775941429.1461818,16:03:49.146,157.0,37.5595
1775941430156702000,1775941430.156702,16:03:50.156,168.0,46.5287
1775941431141022000,1775941431.141022,16:03:51.141,168.0,31.3138
1775941432169559500,1775941432.1695595,16:03:52.169,178.0,59.7256
1775941433135079100,1775941433.1350791,16:03:53.135,178.0,26.2277
1775941434142583600,1775941434.1425836,16:03:54.142,168.0,32.4603
1775941435142806000,1775941435.142806,16:03:55.142,178.0,34.1356
1775941436144643500,1775941436.1446435,16:03:56.144,157.0,34.7319
1775941437141517400,1775941437.1415174,16:03:57.141,168.0,32.8878
1775941438136935000,1775941438.136935,16:03:58.136,168.0,28.3142
1775941439150783300,1775941439.1507833,16:03:59.150,189.0,42.1631
1775941440135245300,1775941440.1352453,16:04:00.135,210.0,26.6157
1775941441132586200,1775941441.1325862,16:04:01.132,147.0,23.9513
1775941442144152000,1775941442.144152,16:04:02.144,115.0,35.5798
1775941443144089000,1775941443.144089,16:04:03.144,157.0,35.4865
1775941444155067700,1775941444.1550677,16:04:04.155,147.0,46.442
1775941445170858900,1775941445.1708589,16:04:05.170,115.0,62.1824
1775941446199525800,1775941446.1995258,16:04:06.199,136.0,90.9219
1775941447206081600,1775941447.2060816,16:04:07.206,147.0,96.8618
1775941448149768400,1775941448.1497684,16:04:08.149,115.0,41.1462
1775941449136062600,1775941449.1360626,16:04:09.136,168.0,27.4051
1775941450136423800,1775941450.1364238,16:04:10.136,189.0,27.8027
1775941451139352000,1775941451.139352,16:04:11.139,210.0,30.6665
1775941452141593500,1775941452.1415935,16:04:12.141,210.0,32.714
1775941453133190900,1775941453.1331909,16:04:13.133,231.0,22.7428
1775941454138704500,1775941454.1387045,16:04:14.138,262.0,30.0504
1775941455128751800,1775941455.1287518,16:04:15.128,220.0,20.0836
1775941456121830200,1775941456.1218302,16:04:16.121,262.0,13.1544
1775941457134597500,1775941457.1345975,16:04:17.134,304.0,25.8957
1775941458122739800,1775941458.1227398,16:04:18.122,178.0,14.0304
1775941459121858800,1775941459.1218588,16:04:19.121,231.0,13.2617
1775941460121243500,1775941460.1212435,16:04:20.121,231.0,12.623
1775941461129494400,1775941461.1294944,16:04:21.129,252.0,20.8906
1775941462128121000,1775941462.128121,16:04:22.128,273.0,19.5155
1775941463143480500,1775941463.1434805,16:04:23.143,294.0,34.8783
1775941464131224600,1775941464.1312246,16:04:24.131,304.0,22.146
1775941465129799600,1775941465.1297996,16:04:25.129,273.0,21.183
1775941466147530000,1775941466.14753,16:04:26.147,262.0,38.9133
1775941467123000600,1775941467.1230006,16:04:27.123,252.0,14.2655
1775941468130974000,1775941468.130974,16:04:28.130,314.0,21.9686
1775941469129329400,1775941469.1293294,16:04:29.129,304.0,18.7115
1775941470135269000,1775941470.135269,16:04:30.135,294.0,26.6323
1775941471174864000,1775941471.174864,16:04:31.174,241.0,63.6876
1775941472140061400,1775941472.1400614,16:04:32.140,210.0,29.423
1775941473151561300,1775941473.1515613,16:04:33.151,168.0,41.877
1775941474146473000,1775941474.146473,16:04:34.146,168.0,37.3799
1775941475147379600,1775941475.1473796,16:04:35.147,168.0,37.6548
1775941476140376000,1775941476.140376,16:04:36.140,157.0,31.7699
1775941477174925300,1775941477.1749253,16:04:37.174,168.0,66.3168
1775941478140805700,1775941478.1408057,16:04:38.140,147.0,32.1419
1775941479144224200,1775941479.1442242,16:04:39.144,168.0,35.6356
1775941480141706200,1775941480.1417062,16:04:40.141,168.0,32.0703
1775941481147932800,1775941481.1479328,16:04:41.147,178.0,38.5412
1775941482141178400,1775941482.1411784,16:04:42.141,178.0,31.3813
1775941483150955200,1775941483.1509552,16:04:43.150,168.0,42.2674
1775941484140960000,1775941484.14096,16:04:44.140,168.0,32.3559
1775941485202650800,1775941485.2026508,16:04:45.202,157.0,94.0067
1775941486138814000,1775941486.138814,16:04:46.138,147.0,30.135
1775941487193858900,1775941487.1938589,16:04:47.193,147.0,85.0182
1775941488132307300,1775941488.1323073,16:04:48.132,157.0,23.6935
1775941489157328100,1775941489.1573281,16:04:49.157,115.0,48.6479
1775941490153885000,1775941490.153885,16:04:50.153,147.0,45.2904
1775941491131635400,1775941491.1316354,16:04:51.131,157.0,23.014
1775941492142371200,1775941492.1423712,16:04:52.142,178.0,33.7863
1775941493164752200,1775941493.1647522,16:04:53.164,136.0,55.134
1775941494175384800,1775941494.1753848,16:04:54.175,147.0,66.1731
1775941495134198000,1775941495.134198,16:04:55.134,126.0,25.5952
1775941496139626000,1775941496.139626,16:04:56.139,115.0,31.0117
1775941497141170300,1775941497.1411703,16:04:57.141,126.0,31.0943
1775941498137560100,1775941498.1375601,16:04:58.137,105.0,28.9487
1775941499150833400,1775941499.1508334,16:04:59.150,136.0,42.24
1775941500149144600,1775941500.1491446,16:05:00.149,105.0,40.5221
1775941501161363600,1775941501.1613636,16:05:01.161,126.0,52.1569
1775941502149110800,1775941502.1491108,16:05:02.149,157.0,40.5095
1775941503140074700,1775941503.1400747,16:05:03.140,178.0,29.831
1775941504152330200,1775941504.1523302,16:05:04.152,168.0,42.9687
1775941505138810600,1775941505.1388106,16:05:05.138,168.0,28.5705
1775941506139560500,1775941506.1395605,16:05:06.139,178.0,29.5356
1775941507145518800,1775941507.1455188,16:05:07.145,189.0,35.4035
1775941508143216000,1775941508.143216,16:05:08.143,168.0,33.1035
1775941509139423100,1775941509.1394231,16:05:09.139,178.0,29.666
1775941510131700800,1775941510.1317008,16:05:10.131,283.0,21.6103
1775941511136258600,1775941511.1362586,16:05:11.136,325.0,27.5548
1775941512119759300,1775941512.1197593,16:05:12.119,262.0,11.1102
1775941513129752400,1775941513.1297524,16:05:13.129,315.0,18.8123
1775941514136619800,1775941514.1366198,16:05:14.136,220.0,27.9204
1775941515126142000,1775941515.126142,16:05:15.126,241.0,17.5451
1775941516199932800,1775941516.1999328,16:05:16.199,283.0,91.3333
1775941517134012700,1775941517.1340127,16:05:17.134,231.0,25.3339
1775941518190604700,1775941518.1906047,16:05:18.190,346.0,81.9917
1775941519149090500,1775941519.1490905,16:05:19.149,220.0,40.4181
1775941520128790900,1775941520.1287909,16:05:20.128,304.0,20.1376
1775941521128183400,1775941521.1281834,16:05:21.128,220.0,19.3985
1775941522127524000,1775941522.127524,16:05:22.127,252.0,18.7531
1775941523185851300,1775941523.1858513,16:05:23.185,294.0,75.5174
1775941524126909000,1775941524.126909,16:05:24.126,241.0,18.2992
1775941525124001300,1775941525.1240013,16:05:25.124,273.0,15.4111
1775941526127885000,1775941526.127885,16:05:26.127,262.0,19.2765
1775941527126975500,1775941527.1269755,16:05:27.126,220.0,18.3684
1775941528127744200,1775941528.1277442,16:05:28.127,273.0,19.1328
1775941529164201000,1775941529.164201,16:05:29.164,241.0,55.4938
1775941530211112700,1775941530.2111127,16:05:30.211,136.0,102.4947
1775941531147951800,1775941531.1479518,16:05:31.147,126.0,39.3179
1775941532152451300,1775941532.1524513,16:05:32.152,168.0,43.8395
1775941533134891500,1775941533.1348915,16:05:33.134,136.0,25.6918
1775941534142664700,1775941534.1426647,16:05:34.142,178.0,34.0693
1775941535135827500,1775941535.1358275,16:05:35.135,178.0,27.1309
1775941536136874400,1775941536.1368744,16:05:36.136,178.0,26.8355
1775941537146064800,1775941537.1460648,16:05:37.146,168.0,37.4546
1775941538149179500,1775941538.1491795,16:05:38.149,136.0,39.9807
1775941539137899200,1775941539.1378992,16:05:39.137,157.0,28.0709
1775941540146214700,1775941540.1462147,16:05:40.146,178.0,36.0596
1775941541136031600,1775941541.1360316,16:05:41.136,168.0,27.425
1775941542195946200,1775941542.1959462,16:05:42.195,126.0,87.0927
1775941543163013200,1775941543.1630132,16:05:43.163,105.0,54.3937
1775941544150438500,1775941544.1504385,16:05:44.150,157.0,40.33
1775941545146418600,1775941545.1464186,16:05:45.146,136.0,36.8386
1775941546214173800,1775941546.2141738,16:05:46.214,62.9,105.3381
1775941547144784200,1775941547.1447842,16:05:47.144,83.9,35.9311
1775941548150685000,1775941548.150685,16:05:48.150,115.0,41.3714
1775941549149721400,1775941549.1497214,16:05:49.149,105.0,40.9884
1775941550151979000,1775941550.151979,16:05:50.151,115.0,43.2915
1775941551150689600,1775941551.1506896,16:05:51.150,105.0,41.0929
1775941552158723800,1775941552.1587238,16:05:52.158,105.0,49.8755
1775941553143857500,1775941553.1438575,16:05:53.143,115.0,35.2309
1775941554154706500,1775941554.1547065,16:05:54.154,105.0,44.937
1775941555159294600,1775941555.1592946,16:05:55.159,115.0,50.5404
1775941556170699800,1775941556.1706998,16:05:56.170,94.4,61.9964
1775941557142893300,1775941557.1428933,16:05:57.142,115.0,34.2683
1775941558145373300,1775941558.1453733,16:05:58.145,126.0,36.5648
1775941559155881200,1775941559.1558812,16:05:59.155,115.0,47.156
1775941560144170500,1775941560.1441705,16:06:00.144,115.0,35.4265
1775941561155120100,1775941561.1551201,16:06:01.155,115.0,46.4058
1775941562158396700,1775941562.1583967,16:06:02.158,115.0,49.6945
1775941563151248700,1775941563.1512487,16:06:03.151,94.4,42.5418
1775941564150236800,1775941564.1502368,16:06:04.150,115.0,41.5415
1775941565161730800,1775941565.1617308,16:06:05.161,105.0,53.081
1775941566145736700,1775941566.1457367,16:06:06.145,115.0,35.9601
1775941567165116800,1775941567.1651168,16:06:07.165,126.0,56.4092
1775941568155584600,1775941568.1555846,16:06:08.155,126.0,45.5388
1775941569154933000,1775941569.154933,16:06:09.154,126.0,44.3689
1775941570145763900,1775941570.1457639,16:06:10.145,115.0,35.8061
1775941571150436200,1775941571.1504362,16:06:11.150,115.0,41.7089
1775941572154511700,1775941572.1545117,16:06:12.154,115.0,45.7778
1775941573148895700,1775941573.1488957,16:06:13.148,126.0,40.2265
1775941574149218000,1775941574.149218,16:06:14.149,115.0,40.5014
1775941575166287700,1775941575.1662877,16:06:15.166,94.4,57.5349
1775941576142906000,1775941576.142906,16:06:16.142,126.0,34.2268
1775941577156350400,1775941577.1563504,16:06:17.156,105.0,47.7134
1775941578140630200,1775941578.1406302,16:06:18.140,115.0,31.475
1775941579142609800,1775941579.1426098,16:06:19.142,126.0,33.9373
1775941580143370200,1775941580.1433702,16:06:20.143,105.0,34.6197
1775941581156307700,1775941581.1563077,16:06:21.156,126.0,47.5755
1775941582153483900,1775941582.1534839,16:06:22.153,105.0,43.7645
1775941583141520000,1775941583.14152,16:06:23.141,105.0,32.8338
1775941584151503300,1775941584.1515033,16:06:24.151,105.0,42.9296
1775941585175008300,1775941585.1750083,16:06:25.175,105.0,65.8846
1775941586148187000,1775941586.148187,16:06:26.148,94.4,39.4425
1775941587202487700,1775941587.2024877,16:06:27.202,83.9,93.8106
1775941588204306100,1775941588.2043061,16:06:28.204,83.9,95.6686
1775941589181198600,1775941589.1811986,16:06:29.181,73.4,71.6491
1775941590151188900,1775941590.1511889,16:06:30.151,83.9,41.206
1775941591154404200,1775941591.1544042,16:06:31.154,147.0,45.7079
1775941592153373700,1775941592.1533737,16:06:32.153,147.0,44.759
1775941593176056600,1775941593.1760566,16:06:33.176,157.0,66.0404
1775941594149312500,1775941594.1493125,16:06:34.149,158.0,40.5585
1775941595138682600,1775941595.1386826,16:06:35.138,73.4,29.9867
1775941596141986400,1775941596.1419864,16:06:36.141,94.4,33.2872
1775941597155728000,1775941597.155728,16:06:37.155,115.0,46.6466
1775941598138992800,1775941598.1389928,16:06:38.138,178.0,30.364
1775941599129465000,1775941599.129465,16:06:39.129,136.0,20.8041
1775941600137572000,1775941600.137572,16:06:40.137,136.0,28.9501
1775941601139466800,1775941601.1394668,16:06:41.139,147.0,30.7608
1775941602147684300,1775941602.1476843,16:06:42.147,136.0,39.0339
1775941603141920600,1775941603.1419206,16:06:43.141,126.0,33.187
1775941604139672500,1775941604.1396725,16:06:44.139,168.0,30.9858
1775941605141043200,1775941605.1410432,16:06:45.141,168.0,30.279
1775941606141220000,1775941606.14122,16:06:46.141,157.0,32.6086
1775941607140040000,1775941607.14004,16:06:47.140,178.0,31.3134
1775941608154699800,1775941608.1546998,16:06:48.154,157.0,45.8941
1775941609136994600,1775941609.1369946,16:06:49.136,199.0,28.3883
1775941610150392800,1775941610.1503928,16:06:50.150,178.0,41.7112
1775941611155325400,1775941611.1553254,16:06:51.155,189.0,46.6419
1775941612134689600,1775941612.1346896,16:06:52.134,262.0,26.0127
1775941613157889100,1775941613.1578891,16:06:53.157,315.0,49.0261
1775941614122923900,1775941614.1229239,16:06:54.122,283.0,14.1797
1775941615135325000,1775941615.135325,16:06:55.135,273.0,26.0827
1775941616133500000,1775941616.1335,16:06:56.133,325.0,23.0287
1775941617127853600,1775941617.1278536,16:06:57.127,346.0,19.1776
1775941618141576500,1775941618.1415765,16:06:58.141,336.0,32.9619
1775941619128210500,1775941619.1282105,16:06:59.128,325.0,19.5103
1775941620119113000,1775941620.119113,16:07:00.119,336.0,10.4057
1775941621124479500,1775941621.1244795,16:07:01.124,231.0,15.8494
1775941622125362000,1775941622.125362,16:07:02.125,283.0,16.7352
1775941623128086300,1775941623.1280863,16:07:03.128,241.0,19.4863
1775941624129336800,1775941624.1293368,16:07:04.129,304.0,19.6044
1775941625133991000,1775941625.133991,16:07:05.133,325.0,25.2572
1775941626133722000,1775941626.133722,16:07:06.133,210.0,25.0292
1775941627137970400,1775941627.1379704,16:07:07.137,283.0,29.2185
1775941628141291600,1775941628.1412916,16:07:08.141,294.0,31.2446
1775941629171580300,1775941629.1715803,16:07:09.171,231.0,62.8913
1775941630207179000,1775941630.207179,16:07:10.207,231.0,98.4748
1775941631199719400,1775941631.1997194,16:07:11.199,210.0,91.0689
1775941632197669300,1775941632.1976693,16:07:12.197,168.0,89.0087
1775941633200892700,1775941633.2008927,16:07:13.200,105.0,90.9427
1775941634139531400,1775941634.1395314,16:07:14.139,178.0,30.8811
1775941635138919600,1775941635.1389196,16:07:15.138,189.0,29.2676
1775941636140306500,1775941636.1403065,16:07:16.140,178.0,31.6978
1775941637141269000,1775941637.141269,16:07:17.141,168.0,31.9927
1775941638138346200,1775941638.1383462,16:07:18.138,178.0,29.028
1775941639145860200,1775941639.1458602,16:07:19.145,189.0,37.2263
1775941640145897900,1775941640.1458979,16:07:20.145,168.0,36.3201
1775941641135915500,1775941641.1359155,16:07:21.135,168.0,25.3253
1775941642135482000,1775941642.135482,16:07:22.135,178.0,26.8649
1775941643133835300,1775941643.1338353,16:07:23.133,168.0,25.1436
1775941644143975700,1775941644.1439757,16:07:24.143,178.0,34.1072
1775941645135718800,1775941645.1357188,16:07:25.135,178.0,27.054
1775941646146066200,1775941646.1460662,16:07:26.146,168.0,37.433
1775941647134414200,1775941647.1344142,16:07:27.134,147.0,25.7459
1775941648206510500,1775941648.2065105,16:07:28.206,136.0,97.9044
1775941649161110200,1775941649.1611102,16:07:29.161,105.0,51.6257
1775941650223646200,1775941650.2236462,16:07:30.223,157.0,115.0433
1775941651142317800,1775941651.1423178,16:07:31.142,136.0,33.0712
1775941652162556000,1775941652.162556,16:07:32.162,136.0,53.935
1775941653175506400,1775941653.1755064,16:07:33.175,136.0,65.7968
1775941654154376000,1775941654.154376,16:07:34.154,157.0,44.2141
1775941655145331400,1775941655.1453314,16:07:35.145,189.0,36.7364
1775941656141151200,1775941656.1411512,16:07:36.141,178.0,32.5526
1775941657142474400,1775941657.1424744,16:07:37.142,178.0,33.8548
1775941658141919100,1775941658.1419191,16:07:38.141,189.0,31.9298
1775941659141547000,1775941659.141547,16:07:39.141,189.0,32.8928
1775941660137985500,1775941660.1379855,16:07:40.137,273.0,29.3537
1775941661140161500,1775941661.1401615,16:07:41.140,241.0,31.5707
1775941662121147400,1775941662.1211474,16:07:42.121,294.0,12.5715
1775941663139838000,1775941663.139838,16:07:43.139,294.0,28.2405
1775941664120314600,1775941664.1203146,16:07:44.120,304.0,11.7196
1775941665135599100,1775941665.1355991,16:07:45.135,304.0,23.8251
1775941666119559000,1775941666.119559,16:07:46.119,304.0,10.9323
1775941667125839000,1775941667.125839,16:07:47.125,346.0,16.5451
1775941668123384500,1775941668.1233845,16:07:48.123,294.0,14.7216
1775941669131424000,1775941669.131424,16:07:49.131,315.0,22.8174
1775941670127073000,1775941670.127073,16:07:50.127,283.0,18.4772
1775941671132129200,1775941671.1321292,16:07:51.132,273.0,21.5179
1775941672131187000,1775941672.131187,16:07:52.131,294.0,21.9322
1775941673130396000,1775941673.130396,16:07:53.130,315.0,20.9876
1775941674137831000,1775941674.137831,16:07:54.137,304.0,28.9912
1775941675126484400,1775941675.1264844,16:07:55.126,294.0,15.6127
1775941676149526400,1775941676.1495264,16:07:56.149,178.0,38.7243
1775941677210954000,1775941677.210954,16:07:57.210,158.0,102.3489
1775941678147478000,1775941678.147478,16:07:58.147,147.0,37.6965
1775941679170308800,1775941679.1703088,16:07:59.170,178.0,61.7028
1775941680139765000,1775941680.139765,16:08:00.139,126.0,31.1717
1775941681137687400,1775941681.1376874,16:08:01.137,157.0,29.0895
1775941682139852500,1775941682.1398525,16:08:02.139,178.0,31.2208
1775941683142564500,1775941683.1425645,16:08:03.142,178.0,33.8165
1775941684148134700,1775941684.1481347,16:08:04.148,168.0,39.5028
1775941685140926800,1775941685.1409268,16:08:05.140,178.0,31.186
1775941686145267500,1775941686.1452675,16:08:06.145,168.0,35.8883
1775941687132145400,1775941687.1321454,16:08:07.132,178.0,21.5539
1775941688149426700,1775941688.1494267,16:08:08.149,136.0,39.1429
1775941689150447800,1775941689.1504478,16:08:09.150,168.0,40.3154
1775941690160445200,1775941690.1604452,16:08:10.160,178.0,51.842
1775941691163690800,1775941691.1636908,16:08:11.163,136.0,53.8815
1775941692160733200,1775941692.1607332,16:08:12.160,115.0,52.0964
1775941693150426000,1775941693.150426,16:08:13.150,115.0,41.7295
1775941694151861400,1775941694.1518614,16:08:14.151,105.0,42.3492
1775941695147678000,1775941695.147678,16:08:15.147,126.0,37.796
1775941696152452700,1775941696.1524527,16:08:16.152,157.0,43.8454
1775941697181617500,1775941697.1816175,16:08:17.181,105.0,72.2389
1775941698169396600,1775941698.1693966,16:08:18.169,157.0,59.8055
1775941699152890700,1775941699.1528907,16:08:19.152,157.0,44.2128
1775941700131600000,1775941700.1316,16:08:20.131,210.0,20.4428
1775941701140581000,1775941701.140581,16:08:21.140,231.0,31.9637
1775941702127110700,1775941702.1271107,16:08:22.127,210.0,16.0098
1775941703133944000,1775941703.133944,16:08:23.133,262.0,23.1708
1775941704131573700,1775941704.1315737,16:08:24.131,273.0,20.4971
1775941705131753200,1775941705.1317532,16:08:25.131,294.0,20.6341
1775941706135511400,1775941706.1355114,16:08:26.135,325.0,25.899
1775941707125699000,1775941707.125699,16:08:27.125,357.0,14.1366
1775941708131608200,1775941708.1316082,16:08:28.131,377.0,19.9536
1775941709174801800,1775941709.1748018,16:08:29.174,325.0,66.1129
1775941710131212500,1775941710.1312125,16:08:30.131,346.0,20.4508
1775941711137899600,1775941711.1378996,16:08:31.137,294.0,28.8828
1775941712130862000,1775941712.130862,16:08:32.130,294.0,22.1962
1775941713137561600,1775941713.1375616,16:08:33.137,336.0,28.973
1775941714131897400,1775941714.1318974,16:08:34.131,304.0,20.5208
1775941715127623800,1775941715.1276238,16:08:35.127,315.0,16.5045
1775941716128177200,1775941716.1281772,16:08:36.128,294.0,17.939
1775941717125339500,1775941717.1253395,16:08:37.125,294.0,16.2964
1775941718176459800,1775941718.1764598,16:08:38.176,273.0,67.8383
1775941719167684800,1775941719.1676848,16:08:39.167,178.0,58.1932
1775941720134413500,1775941720.1344135,16:08:40.134,178.0,25.1511
1775941721138203900,1775941721.1382039,16:08:41.138,147.0,27.918
1775941722138167600,1775941722.1381676,16:08:42.138,115.0,28.635
1775941723143908000,1775941723.143908,16:08:43.143,157.0,34.4949
1775941724131675200,1775941724.1316752,16:08:44.131,168.0,22.9862
1775941725137697200,1775941725.1376972,16:08:45.137,178.0,29.0845
1775941726133397300,1775941726.1333973,16:08:46.133,168.0,24.4461
1775941727138100000,1775941727.1381,16:08:47.138,189.0,29.4962
1775941728221527000,1775941728.221527,16:08:48.221,147.0,112.7956
1775941729143000100,1775941729.1430001,16:08:49.143,105.0,34.3775
1775941730139382400,1775941730.1393824,16:08:50.139,115.0,30.7144
1775941731143341500,1775941731.1433415,16:08:51.143,126.0,34.6324
1775941732136900400,1775941732.1369004,16:08:52.136,157.0,27.0423
1775941733144294500,1775941733.1442945,16:08:53.144,168.0,35.6985
1775941734153853200,1775941734.1538532,16:08:54.153,126.0,45.2414
1775941735205420700,1775941735.2054207,16:08:55.205,94.4,96.8366
1775941736184080600,1775941736.1840806,16:08:56.184,83.9,75.4743
1775941737140650700,1775941737.1406507,16:08:57.140,83.9,31.9299
1775941738157701500,1775941738.1577015,16:08:58.157,115.0,48.9936
1775941739171668300,1775941739.1716683,16:08:59.171,136.0,62.9633
1775941740151144000,1775941740.151144,16:09:00.151,157.0,42.5629
1775941741143316500,1775941741.1433165,16:09:01.143,178.0,33.7905
1775941742132350200,1775941742.1323502,16:09:02.132,178.0,23.6826
1775941743137648300,1775941743.1376483,16:09:03.137,241.0,27.4656
1775941744129902400,1775941744.1299024,16:09:04.129,231.0,21.2862
1775941745139875400,1775941745.1398754,16:09:05.139,252.0,31.2817
1775941746130465700,1775941746.1304657,16:09:06.130,241.0,21.859
1775941747142479200,1775941747.1424792,16:09:07.142,241.0,33.8356
1775941748124132000,1775941748.124132,16:09:08.124,283.0,15.5423
1775941749130600700,1775941749.1306007,16:09:09.130,304.0,19.5636
1775941750126180000,1775941750.12618,16:09:10.126,357.0,17.5686
1775941751134175000,1775941751.134175,16:09:11.134,325.0,22.66
1775941752149824100,1775941752.1498241,16:09:12.149,294.0,40.2237
1775941753142564800,1775941753.1425648,16:09:13.142,252.0,33.9443
1775941754132410300,1775941754.1324103,16:09:14.132,304.0,21.3542
1775941755127278800,1775941755.1272788,16:09:15.127,283.0,18.242
1775941756145330200,1775941756.1453302,16:09:16.145,273.0,35.2989
1775941757151422500,1775941757.1514225,16:09:17.151,231.0,42.1919
1775941758124226300,1775941758.1242263,16:09:18.124,252.0,15.4774
1775941759135126800,1775941759.1351268,16:09:19.135,252.0,26.3281
1775941760130756400,1775941760.1307564,16:09:20.130,241.0,20.5636
1775941761124715300,1775941761.1247153,16:09:21.124,315.0,16.1262
1775941762157312000,1775941762.157312,16:09:22.157,199.0,46.5516
1775941763147160000,1775941763.14716,16:09:23.147,178.0,38.5526
1775941764139042100,1775941764.1390421,16:09:24.139,126.0,28.946
1775941765139708800,1775941765.1397088,16:09:25.139,136.0,30.2338
1775941766142312800,1775941766.1423128,16:09:26.142,168.0,33.046
1775941767138925800,1775941767.1389258,16:09:27.138,178.0,29.865
1775941768147344000,1775941768.147344,16:09:28.147,189.0,37.6484
1775941769133926900,1775941769.1339269,16:09:29.133,178.0,25.2247
1775941770141484700,1775941770.1414847,16:09:30.141,168.0,32.6036
1775941771135800800,1775941771.1358008,16:09:31.135,168.0,25.571
1775941772138806000,1775941772.138806,16:09:32.138,168.0,28.6264
1775941773159344700,1775941773.1593447,16:09:33.159,168.0,49.7873
1775941774150540400,1775941774.1505404,16:09:34.150,157.0,40.9447
1775941775136190000,1775941775.13619,16:09:35.136,178.0,26.4376
1775941776140145300,1775941776.1401453,16:09:36.140,157.0,31.0176
1775941777143240500,1775941777.1432405,16:09:37.143,157.0,33.5339
1775941778148361200,1775941778.1483612,16:09:38.148,126.0,39.3311
1775941779138061800,1775941779.1380618,16:09:39.138,136.0,28.6409
1775941780161068400,1775941780.1610684,16:09:40.161,94.4,51.6641
1775941781146601000,1775941781.146601,16:09:41.146,126.0,37.9555
1775941782154106600,1775941782.1541066,16:09:42.154,126.0,45.5143
1775941783165107300,1775941783.1651073,16:09:43.165,168.0,56.5194
1775941784138683000,1775941784.138683,16:09:44.138,157.0,29.5831
1775941785139872800,1775941785.1398728,16:09:45.139,178.0,29.9714
1775941786135404000,1775941786.135404,16:09:46.135,178.0,26.7979
1775941787128381300,1775941787.1283813,16:09:47.128,189.0,19.7228
1775941788129292200,1775941788.1292922,16:09:48.129,220.0,20.6434
1775941789134894100,1775941789.1348941,16:09:49.134,262.0,26.2282
1775941790172094800,1775941790.1720948,16:09:50.172,262.0,63.515
1775941791130444500,1775941791.1304445,16:09:51.130,273.0,21.8216
1775941792171992800,1775941792.1719928,16:09:52.171,241.0,63.3837
