timestamp_s,bandwidth_mbps,rtt_ms,i,j,k,llama_extra_ms,yolos_extra_ms,bart_extra_ms,episodes_completed,total_episodes
0.0,69.4,71.3,3,3,0,34.835,22.766,24.608,0,900
0.0183,69.3514007196006,71.3,3,2,0,24.826,17.679,18.858,0,900
0.03910000000000001,69.12103684128574,71.3,3,1,0,17.589,12.354,12.134,0,900
0.09860000000000001,68.46206324706723,71.3,3,0,0,10.385,7.547,7.321,0,900
0.11290406400000003,68.30364307116758,71.3,2,0,0,7.006,5.591,4.53,0,900
0.13370406400000004,68.3,71.3,1,0,0,3.311,2.988,2.048,0,900
0.14869644127918785,68.3,71.3,2,0,0,7.006,5.591,4.53,0,900
0.15741559401955996,68.3,71.3,3,0,0,10.385,7.547,7.321,0,900
0.3802868763333336,68.3,71.3,2,0,0,7.006,5.591,4.53,0,900
0.39952345565043,68.3,71.3,3,0,0,10.385,7.547,7.321,0,900
0.4200045289492388,68.3,71.3,2,0,0,7.006,5.591,4.53,0,900
0.4277338620139278,68.3,71.3,3,0,0,10.385,7.547,7.321,0,900
0.5992779542335025,68.3,71.3,2,0,0,7.006,5.591,4.53,0,900
0.639680088426934,68.3,71.3,3,0,0,10.385,7.547,7.321,0,900
0.8797493750181266,68.3,71.3,2,0,0,7.006,5.591,4.53,0,900
0.8858623585128937,68.3,71.3,3,0,0,10.385,7.547,7.321,0,900
1.951216960015227,68.3,1.85,2,0,0,7.006,5.591,4.53,0,900
1.9753546477066233,68.3,1.85,3,0,0,10.385,7.547,7.321,0,900
1.9809725672009166,68.3,1.85,2,0,0,7.006,5.591,4.53,0,900
2.0229315585281156,68.3,1.85,3,0,0,10.385,7.547,7.321,0,900
2.2521319253333303,68.3,1.85,2,0,0,7.006,5.591,4.53,0,900
2.289542656370555,68.3,1.85,3,0,0,10.385,7.547,7.321,0,900
2.5148128936901615,68.3,1.85,2,0,0,7.006,5.591,4.53,0,900
2.536991016994921,68.3,1.85,3,0,0,10.385,7.547,7.321,0,900
2.8918323126542895,68.3,1.85,2,0,0,7.006,5.591,4.53,0,900
2.9263033661785336,68.3,1.85,3,0,0,10.385,7.547,7.321,0,900
2.9408805525126875,68.3,1.85,2,0,0,7.006,5.591,4.53,0,900
2.949185381089786,68.3,1.85,3,0,0,10.385,7.547,7.321,0,900
2.977191682277838,68.3,1.85,2,0,0,7.006,5.591,4.53,0,900
3.015896750706013,68.3,1.85,3,0,0,10.385,7.547,7.321,0,900
3.1604651416296994,68.3,1.85,2,0,0,7.006,5.591,4.53,0,900
3.220490976668542,68.3,1.85,1,0,0,3.311,2.988,2.048,0,900
3.227536837010612,68.3,1.85,0,0,0,0.0,0.0,0.0,0,900
3.2362407842715575,68.3,1.85,1,0,0,3.311,2.988,2.048,0,900
3.2913765756685422,68.3,1.85,2,0,0,7.006,5.591,4.53,0,900
3.436653019736675,70.6,1.85,1,0,0,3.311,2.988,2.048,0,900
3.440509773085326,70.6,1.85,2,0,0,7.006,5.591,4.53,0,900
3.4588292363162036,70.6,1.85,3,0,0,10.385,7.547,7.321,0,900
3.4932103141959407,70.6,1.85,2,0,0,7.006,5.591,4.53,0,900
3.525354656728096,70.6,1.85,3,0,0,10.385,7.547,7.321,0,900
3.8001527906624544,70.6,1.85,2,0,0,7.006,5.591,4.53,0,900
3.846067741992487,70.6,1.7920744047169452,3,0,0,10.385,7.547,7.321,0,900
3.886071756867172,70.6,1.7195260625788809,2,0,0,7.006,5.591,4.53,0,900
4.036799920462865,70.6,1.67,1,0,0,3.311,2.988,2.048,0,900
4.044184357750734,70.6,1.67,2,0,0,7.006,5.591,4.53,0,900
4.0491720230390005,70.6,1.67,1,0,0,3.311,2.988,2.048,0,900
4.049289880999999,70.6,1.67,2,0,0,7.006,5.591,4.53,0,900
4.170910820736676,70.6,1.67,3,0,0,10.385,7.547,7.321,0,900
4.276611409221868,70.6,1.67,2,0,0,7.006,5.591,4.53,0,900
4.290427325374021,70.6,1.67,1,0,0,3.311,2.988,2.048,0,900
4.379433182527372,70.6,1.67,0,0,0,0.0,0.0,0.0,0,900
4.452749547175392,70.6,1.67,1,0,0,3.311,2.988,2.048,0,900
4.70228060071649,70.6,1.67,0,0,0,0.0,0.0,0.0,0,900
4.86876428643567,70.6,1.67,1,0,0,3.311,2.988,2.048,0,900
5.123465089894575,70.6,1.67,0,0,0,0.0,0.0,0.0,0,900
5.294306491531563,70.6,1.67,1,0,0,3.311,2.988,2.048,0,900
5.552869684908276,70.6,1.67,0,0,0,0.0,0.0,0.0,0,900
5.728018053463072,70.6,1.67,1,0,0,3.311,2.988,2.048,0,900
5.990671092757594,70.6,15.845877425263652,0,0,0,0.0,0.0,0.0,0,900
6.170134170230199,70.6,20.1,1,0,0,3.311,2.988,2.048,0,900
6.43714380744253,70.6,20.1,0,0,0,0.0,0.0,0.0,0,900
6.62089746783294,70.6,20.1,1,0,0,3.311,2.988,2.048,0,900
6.976740877641162,63.7,20.1,0,0,0,0.0,0.0,0.0,0,900
11.670911060969233,62.7,25.2,1,0,0,3.311,2.988,2.048,0,900
12.033458525912627,62.7,2.03,0,0,0,0.0,0.0,0.0,0,900
12.285076158918654,62.7,2.03,0,0,1,0.528,0.57,0.438,0,900
12.31364843091865,62.7,2.03,0,0,0,0.0,0.0,0.0,0,900
12.327312024393116,62.7,2.03,0,0,1,0.528,0.57,0.438,0,900
12.355634296393117,62.7,2.03,0,0,0,0.0,0.0,0.0,0,900
12.384944459662448,62.7,2.03,0,0,1,0.528,0.57,0.438,0,900
12.430926731662447,62.7,2.03,0,0,0,0.0,0.0,0.0,0,900
12.443859933134288,62.7,2.03,1,0,0,3.311,2.988,2.048,0,900
13.115808307706985,62.7,2.03,0,0,0,0.0,0.0,0.0,0,900
13.143675299706986,62.7,2.03,0,0,1,0.528,0.57,0.438,0,900
13.226040381912641,62.7,2.03,1,1,1,9.384,7.485,6.716,1,900
13.23943573074985,62.7,2.03,1,0,1,3.994,3.474,2.656,1,900
13.256317909874394,62.7,2.03,1,0,0,3.311,2.988,2.048,1,900
13.30261653074985,62.7,2.03,0,0,0,0.0,0.0,0.0,1,900
13.352797568482321,62.7,2.03,0,0,1,0.528,0.57,0.438,1,900
13.393173350848686,62.7,2.03,1,0,1,3.994,3.474,2.656,1,900
13.468957121284356,62.7,2.03,2,1,1,13.839,10.395,10.164,2,900
13.469399913830348,62.7,2.03,2,1,0,13.279,10.07,9.16,2,900
13.481919146600813,62.7,2.03,2,0,0,7.006,5.591,4.53,2,900
13.511546775889546,62.7,2.03,3,1,0,17.589,12.354,12.134,3,900
13.524807207544223,63.196067391830766,2.03,3,0,0,10.385,7.547,7.321,3,900
13.534222018063812,63.60052854878163,2.03,2,0,0,7.006,5.591,4.53,3,900
13.576523210600818,65.41779181058453,2.03,1,0,0,3.311,2.988,2.048,3,900
13.58664862022061,65.85278037259069,2.03,2,1,0,13.279,10.07,9.16,4,900
13.587471455742007,65.88812946498788,2.03,3,2,0,24.826,17.679,18.858,5,900
13.587988007544228,65.91032057963207,2.03,2,2,0,21.094,15.238,15.196,5,900
13.601044357067487,66.47122259914117,2.03,2,1,0,13.279,10.07,9.16,5,900
13.627860071976606,67.0,2.03,3,1,0,17.589,12.354,12.134,5,900
13.638548620220611,67.0,2.03,3,0,0,10.385,7.547,7.321,5,900
13.772793013005677,67.0,2.03,2,0,0,7.006,5.591,4.53,5,900
13.78729835243126,67.0,2.03,3,0,0,10.385,7.547,7.321,5,900
13.805766338510809,67.0,2.03,2,0,0,7.006,5.591,4.53,5,900
13.818627062335597,67.0,2.03,1,0,0,3.311,2.988,2.048,5,900
13.827860108220616,67.0,2.03,2,0,0,7.006,5.591,4.53,5,900
13.869528043732425,67.0,2.03,3,0,0,10.385,7.547,7.321,5,900
13.874143445462893,67.0,2.03,3,1,0,17.589,12.354,12.134,6,900
13.900779283613181,67.0,2.03,3,0,0,10.385,7.547,7.321,6,900
14.041664850624729,67.0,1.74,2,0,0,7.006,5.591,4.53,6,900
14.056167577155737,67.0,1.74,1,0,0,3.311,2.988,2.048,6,900
14.067096427220608,67.0,1.74,2,0,0,7.006,5.591,4.53,6,900
14.107175614936628,67.0,1.74,3,1,0,17.589,12.354,12.134,7,900
14.12036016429285,67.0,1.74,3,0,0,10.385,7.547,7.321,7,900
14.299640015004655,67.0,1.74,2,0,0,7.006,5.591,4.53,7,900
14.307085321220606,67.0,1.74,3,0,0,10.385,7.547,7.321,7,900
14.56807761161889,67.0,1.74,3,1,0,17.589,12.354,12.134,8,900
14.586846533000008,67.0,1.74,3,2,0,24.826,17.679,18.858,9,900
14.601228690755578,67.0,1.74,3,1,0,17.589,12.354,12.134,9,900
14.617062926442632,67.0,1.74,3,0,0,10.385,7.547,7.321,9,900
14.89345423398812,67.0,1.74,2,0,0,7.006,5.591,4.53,9,900
14.898473252034732,67.0,1.74,3,0,0,10.385,7.547,7.321,9,900
14.915400038305677,67.0,1.74,2,0,0,7.006,5.591,4.53,9,900
14.917063866475372,67.0,1.74,3,0,0,10.385,7.547,7.321,9,900
15.142479452242773,67.0,1.74,2,0,0,7.006,5.591,4.53,9,900
15.190224670566149,67.0,1.74,1,0,0,3.311,2.988,2.048,9,900
15.208850241046362,67.0,1.74,2,0,0,7.006,5.591,4.53,9,900
15.210201641730919,67.0,1.74,1,0,0,3.311,2.988,2.048,9,900
15.216937603961812,67.0,1.74,2,0,0,7.006,5.591,4.53,9,900
15.228325560596586,67.0,1.74,3,0,0,10.385,7.547,7.321,9,900
15.429714641475373,67.0,1.74,2,0,0,7.006,5.591,4.53,9,900
15.447583209262485,67.0,1.74,1,0,0,3.311,2.988,2.048,9,900
15.502894027694845,67.0,1.74,2,0,0,7.006,5.591,4.53,9,900
15.511477858718573,67.0,1.74,1,0,0,3.311,2.988,2.048,9,900
15.525995440918456,67.0,1.74,2,0,0,7.006,5.591,4.53,9,900
15.545952778103725,67.0,1.74,3,0,0,10.385,7.547,7.321,9,900
15.751479172960217,67.0,1.74,2,0,0,7.006,5.591,4.53,9,900
15.755856766229133,67.0,1.74,1,0,0,3.311,2.988,2.048,9,900
15.767785065311434,67.0,1.74,2,0,0,7.006,5.591,4.53,9,900
15.819027494681327,67.0,1.74,3,0,0,10.385,7.547,7.321,9,900
15.819114323268636,67.0,1.74,2,0,0,7.006,5.591,4.53,9,900
15.851163152651008,67.0,1.74,3,0,0,10.385,7.547,7.321,9,900
16.134266747381115,67.0,28.1,2,0,0,7.006,5.591,4.53,9,900
16.183344003244027,67.0,28.1,3,0,0,10.385,7.547,7.321,9,900
16.45592277705601,67.0,28.1,2,0,0,7.006,5.591,4.53,9,900
16.547195198839002,67.0,28.1,3,0,0,10.385,7.547,7.321,9,900
16.5712055065257,67.0,28.1,2,0,0,7.006,5.591,4.53,9,900
16.582261395024513,67.0,28.1,3,0,0,10.385,7.547,7.321,9,900
16.59806283247102,67.0,28.1,2,0,0,7.006,5.591,4.53,9,900
16.64352724285628,67.0,28.1,3,0,0,10.385,7.547,7.321,9,900
16.878193288346075,67.0,28.1,2,0,0,7.006,5.591,4.53,9,900
16.89594193326255,67.0,28.1,1,0,0,3.311,2.988,2.048,9,900
16.926195906007255,67.32542185800708,28.1,0,0,0,0.0,0.0,0.0,9,900
16.98090035483901,68.75302137326376,28.1,1,0,0,3.311,2.988,2.048,9,900
17.0036778209696,69.3474355443497,28.1,2,0,0,7.006,5.591,4.53,9,900
17.017825115709915,69.6,28.1,3,0,0,10.385,7.547,7.321,9,900
17.259437627394824,69.6,28.1,2,0,0,7.006,5.591,4.53,9,900
17.261179581355062,69.6,28.1,1,0,0,3.311,2.988,2.048,9,900
17.38719513005751,69.6,28.1,0,0,0,0.0,0.0,0.0,9,900
17.401060712367798,69.6,28.1,1,0,0,3.311,2.988,2.048,9,900
17.559420673659417,69.6,28.1,2,0,0,7.006,5.591,4.53,9,900
17.61109116134148,69.6,28.1,1,0,0,3.311,2.988,2.048,9,900
17.81983550371739,69.6,28.1,0,0,0,0.0,0.0,0.0,9,900
25.491134957346073,74.4,1.81,0,0,1,0.528,0.57,0.438,9,900
25.557317229346072,74.4,1.81,0,0,0,0.0,0.0,0.0,9,900
25.83039199635416,74.4,1.81,0,0,1,0.528,0.57,0.438,9,900
25.858824268354166,74.4,1.81,0,0,0,0.0,0.0,0.0,9,900
25.867379296394844,74.4,1.81,0,0,1,0.528,0.57,0.438,9,900
25.895911568394848,74.4,1.81,0,0,0,0.0,0.0,0.0,9,900
25.972036799057538,74.4,1.81,0,0,1,0.528,0.57,0.438,9,900
26.02391107873009,74.4,1.81,0,0,0,0.0,0.0,0.0,9,900
26.404677172717395,74.4,18.1,0,0,1,0.528,0.57,0.438,9,900
26.454359444717397,74.4,18.1,0,0,0,0.0,0.0,0.0,9,900
26.725898829346065,74.4,18.1,1,1,0,9.246,7.695,5.518,10,900
26.76539882934606,74.4,18.1,1,0,0,3.311,2.988,2.048,10,900
26.860002893346067,74.4,18.1,0,0,0,0.0,0.0,0.0,10,900
26.961716289814984,74.69009775761913,18.1,1,0,0,3.311,2.988,2.048,10,900
26.999361861788852,74.9157433007538,18.1,2,1,0,13.279,10.07,9.16,11,900
27.013071133198956,74.997915939689,18.1,3,2,0,24.826,17.679,18.858,12,900
27.01401369008774,75.0,18.1,3,1,0,17.589,12.354,12.134,12,900
27.02550838016252,75.0,18.1,3,0,0,10.385,7.547,7.321,12,900
27.05205769851094,75.0,18.1,3,1,0,17.589,12.354,12.134,13,900
27.065433605622694,75.0,18.1,3,0,0,10.385,7.547,7.321,13,900
27.108617754087735,75.0,18.1,2,0,0,7.006,5.591,4.53,13,900
27.113885004450857,75.0,18.1,1,0,0,3.311,2.988,2.048,13,900
27.128614405622695,75.0,18.1,0,0,0,0.0,0.0,0.0,13,900
27.175830728605163,75.0,18.1,1,0,0,3.311,2.988,2.048,13,900
27.181246407896733,75.0,18.1,2,1,0,13.279,10.07,9.16,14,900
27.19521004426037,75.0,18.1,2,0,0,7.006,5.591,4.53,14,900
27.20415023770618,75.0,18.1,3,0,0,10.385,7.547,7.321,14,900
27.350079797674383,75.0,18.1,2,0,0,7.006,5.591,4.53,14,900
27.360080628867976,75.0,18.1,1,0,0,3.311,2.988,2.048,14,900
27.37209378825833,75.0,18.1,2,0,0,7.006,5.591,4.53,14,900
27.38287011180582,75.0,18.1,3,0,0,10.385,7.547,7.321,14,900
27.413248352893127,75.0,18.1,2,0,0,7.006,5.591,4.53,14,900
27.449011238741143,75.0,18.1,3,0,0,10.385,7.547,7.321,14,900
27.598503130406428,75.0,18.1,2,0,0,7.006,5.591,4.53,14,900
27.605258792051846,75.0,18.1,3,0,0,10.385,7.547,7.321,14,900
27.61094467487962,75.0,18.1,3,1,0,17.589,12.354,12.134,15,900
27.6245375952336,75.0,18.1,3,0,0,10.385,7.547,7.321,15,900
27.769916471017922,75.0,18.1,2,0,0,7.006,5.591,4.53,15,900
27.810863629693767,75.0,18.1,3,0,0,10.385,7.547,7.321,15,900
27.880401828422386,75.0,18.1,3,1,0,17.589,12.354,12.134,16,900
27.99175760642239,75.0,18.1,3,0,0,10.385,7.547,7.321,16,900
28.09358083936289,75.0,18.1,2,0,0,7.006,5.591,4.53,16,900
28.098928219151464,75.0,18.1,3,0,0,10.385,7.547,7.321,16,900
28.44107594143715,75.0,1.68,2,0,0,7.006,5.591,4.53,16,900
28.45373523764861,75.0,1.68,3,0,0,10.385,7.547,7.321,16,900
28.6045174543239,75.0,1.68,3,1,0,17.589,12.354,12.134,17,900
28.609691621754084,75.0,1.68,3,2,0,24.826,17.679,18.858,18,900
28.6669174543239,75.0,1.68,3,1,0,17.589,12.354,12.134,18,900
28.675591621754084,75.0,1.68,3,0,0,10.385,7.547,7.321,18,900
28.968754128562217,75.0,1.68,2,0,0,7.006,5.591,4.53,18,900
28.977279719109983,75.0,1.68,3,0,0,10.385,7.547,7.321,18,900
29.287973705254526,75.0,1.68,2,0,0,7.006,5.591,4.53,18,900
29.3062753253723,75.0,1.68,3,0,0,10.385,7.547,7.321,18,900
29.61495086663914,75.0,1.68,2,0,0,7.006,5.591,4.53,18,900
29.6636745166486,75.0,1.68,3,0,0,10.385,7.547,7.321,18,900
29.687260481225433,75.0,1.68,2,0,0,7.006,5.591,4.53,18,900
29.69037745295216,75.0,1.68,3,0,0,10.385,7.547,7.321,18,900
29.699740225275825,75.0,1.68,2,0,0,7.006,5.591,4.53,18,900
29.738717599562225,75.0,1.68,3,0,0,10.385,7.547,7.321,18,900
29.95038843171607,75.0,1.68,2,0,0,7.006,5.591,4.53,18,900
29.99312034336289,75.0,1.68,3,0,0,10.385,7.547,7.321,18,900
30.009914817058434,75.0,1.68,2,0,0,7.006,5.591,4.53,18,900
30.0175760142994,75.0,1.68,1,0,0,3.311,2.988,2.048,18,900
30.023561081003116,75.0,1.68,2,0,0,7.006,5.591,4.53,18,900
30.125440435831006,75.0,9.167154794423379,3,0,0,10.385,7.547,7.321,18,900
30.236647617620946,75.0,63.7,2,0,0,7.006,5.591,4.53,18,900
30.32883963685441,74.95294590063754,63.7,1,0,0,3.311,2.988,2.048,18,900
30.354622962906785,74.8758810088402,63.7,0,0,0,0.0,0.0,0.0,18,900
30.36542191549355,74.84360355515116,63.7,1,0,0,3.311,2.988,2.048,18,900
30.450385909692404,74.7,63.7,2,0,0,7.006,5.591,4.53,18,900
30.462633033826165,74.7,63.7,3,0,0,10.385,7.547,7.321,18,900
30.759318480505733,74.7,63.7,2,0,0,7.006,5.591,4.53,18,900
30.831878469324092,74.7,63.7,3,0,0,10.385,7.547,7.321,18,900
30.846883378308647,74.7,63.7,2,0,0,7.006,5.591,4.53,18,900
30.984709660946823,74.7,63.7,1,0,0,3.311,2.988,2.048,18,900
31.062494574693382,74.7,63.7,0,0,0,0.0,0.0,0.0,18,900
31.142485949423477,74.7,63.7,1,0,0,3.311,2.988,2.048,18,900
31.411491248130474,74.7,63.7,0,0,0,0.0,0.0,0.0,18,900
32.4080086778054,74.7,1.77,1,0,0,3.311,2.988,2.048,18,900
32.70597274413738,74.7,1.77,0,0,0,0.0,0.0,0.0,18,900
39.302737715047655,77.7,1.7,0,0,1,0.528,0.57,0.438,18,900
39.331089987047655,77.7,1.7,0,0,0,0.0,0.0,0.0,18,900
39.34410014950578,77.7,1.7,0,0,1,0.528,0.57,0.438,18,900
39.40168242150576,77.7,1.7,0,0,0,0.0,0.0,0.0,18,900
39.445772977346444,77.7,1.7,0,0,1,0.528,0.57,0.438,18,900
39.47473524934645,77.7,1.7,0,0,0,0.0,0.0,0.0,18,900
39.56938132994685,77.7,1.7,0,0,1,0.528,0.57,0.438,18,900
39.65316360194683,77.7,1.7,0,0,0,0.0,0.0,0.0,18,900
39.99629291713052,77.7,1.7,0,0,1,0.528,0.57,0.438,18,900
40.03987518913052,77.7,1.7,0,0,0,0.0,0.0,0.0,18,900
40.48470772027135,69.99566589267047,42.9,1,1,0,9.246,7.695,5.518,19,900
40.51065582260644,67.18746335758817,42.9,1,0,0,3.311,2.988,2.048,19,900
40.54282801689319,66.9,42.9,2,1,0,13.279,10.07,9.16,20,900
40.55826765166805,66.9,42.9,3,2,0,24.826,17.679,18.858,21,900
40.571860572022025,66.9,42.9,3,1,0,17.589,12.354,12.134,21,900
40.57383662260644,66.9,42.9,2,1,0,13.279,10.07,9.16,21,900
40.63008087927605,66.9,42.9,3,2,0,24.826,17.679,18.858,22,900
40.63772801689317,66.9,42.9,3,1,0,17.589,12.354,12.134,22,900
40.64349572643762,66.9,42.9,3,0,0,10.385,7.547,7.321,22,900
40.66646463602202,66.9,42.9,2,0,0,7.006,5.591,4.53,22,900
40.67974407860644,66.9,42.9,3,0,0,10.385,7.547,7.321,22,900
40.70667652643762,66.9,42.9,2,0,0,7.006,5.591,4.53,22,900
40.75818660648218,66.9,42.9,3,0,0,10.385,7.547,7.321,22,900
40.769962832893164,66.9,42.9,2,0,0,7.006,5.591,4.53,22,900
40.797302850705435,66.9,42.9,3,0,0,10.385,7.547,7.321,22,900
40.80475854260642,66.9,42.9,2,0,0,7.006,5.591,4.53,22,900
40.83934520194687,66.9,42.9,3,1,0,17.589,12.354,12.134,23,900
40.85179925600092,66.9,42.9,3,0,0,10.385,7.547,7.321,23,900
40.90026974739661,66.9,42.9,2,0,0,7.006,5.591,4.53,23,900
40.91058686160639,66.9,42.9,3,0,0,10.385,7.547,7.321,23,900
40.91498005600089,66.9,42.9,2,0,0,7.006,5.591,4.53,23,900
40.938421683246894,66.9,42.9,1,0,0,3.311,2.988,2.048,23,900
40.99513933403672,66.9,42.9,2,0,0,7.006,5.591,4.53,23,900
41.00218151537928,66.9,42.9,3,0,0,10.385,7.547,7.321,23,900
41.10891228005496,66.9,42.9,2,0,0,7.006,5.591,4.53,23,900
41.141029740131124,66.9,42.9,1,0,0,3.311,2.988,2.048,23,900
41.1728491326064,66.9,42.9,2,0,0,7.006,5.591,4.53,23,900
41.17714160388737,66.9,42.9,1,0,0,3.311,2.988,2.048,23,900
41.195865102622584,66.9,42.9,2,1,0,13.279,10.07,9.16,24,900
41.198568386217126,66.9,42.9,3,1,0,17.589,12.354,12.134,24,900
41.21276510262258,66.9,42.9,3,0,0,10.385,7.547,7.321,24,900
41.33915731867658,66.9,42.9,2,0,0,7.006,5.591,4.53,24,900
41.36615821071492,66.9,42.9,3,0,0,10.385,7.547,7.321,24,900
41.38839891822551,66.9,42.9,2,0,0,7.006,5.591,4.53,24,900
41.42186675135897,66.9,42.9,1,0,0,3.311,2.988,2.048,24,900
41.431864609919806,66.9,42.9,2,0,0,7.006,5.591,4.53,24,900
41.436180747134436,66.9,42.9,3,0,0,10.385,7.547,7.321,24,900
41.594136614230166,66.9,42.9,2,0,0,7.006,5.591,4.53,24,900
41.600129690507146,66.9,42.9,3,0,0,10.385,7.547,7.321,24,900
41.644844322969455,66.9,42.9,2,0,0,7.006,5.591,4.53,24,900
41.67071830878471,66.9,42.9,3,0,0,10.385,7.547,7.321,24,900
41.672869607661774,66.9,42.9,2,0,0,7.006,5.591,4.53,24,900
41.70507018673184,66.9,42.9,3,0,0,10.385,7.547,7.321,24,900
41.74469190220702,66.9,42.9,2,0,0,7.006,5.591,4.53,24,900
41.751936607901975,66.9,42.9,3,0,0,10.385,7.547,7.321,24,900
41.909562074313016,66.9,42.9,2,0,0,7.006,5.591,4.53,24,900
41.91525122485464,66.9,42.9,3,0,0,10.385,7.547,7.321,24,900
41.929928955795695,66.9,42.9,2,0,0,7.006,5.591,4.53,24,900
41.9811365092764,66.9,42.9,3,0,0,10.385,7.547,7.321,24,900
41.988474805968934,66.9,42.9,2,0,0,7.006,5.591,4.53,24,900
41.99944836142244,66.9,42.9,3,1,0,17.589,12.354,12.134,25,900
42.02428933177285,66.9,42.9,3,0,0,10.385,7.547,7.321,25,900
42.218703228355984,66.9,42.9,2,0,0,7.006,5.591,4.53,25,900
42.23848028204398,66.9,42.9,1,0,0,3.311,2.988,2.048,25,900
42.26448294176815,66.9,42.9,2,0,0,7.006,5.591,4.53,25,900
42.30360738052205,66.9,42.9,3,0,0,10.385,7.547,7.321,25,900
42.31750671270641,66.9,41.23986303553682,2,0,0,7.006,5.591,4.53,25,900
42.33286774546641,66.9,34.89732944004257,3,0,0,10.385,7.547,7.321,25,900
42.48163626913745,66.9,1.59,3,1,0,17.589,12.354,12.134,26,900
42.500930280557,66.9,1.59,2,1,0,13.279,10.07,9.16,26,900
42.535128997055374,66.9,1.59,1,1,0,9.246,7.695,5.518,26,900
42.55490462520712,66.9,1.59,2,1,0,13.279,10.07,9.16,26,900
42.57677242915117,66.9,1.59,1,1,0,9.246,7.695,5.518,26,900
42.60047168880734,66.9,1.59,2,1,0,13.279,10.07,9.16,26,900
42.61418486550751,66.9,1.59,3,1,0,17.589,12.354,12.134,26,900
42.62388882133099,66.9,1.59,3,0,0,10.385,7.547,7.321,26,900
42.65847706631097,66.9,1.59,3,1,0,17.589,12.354,12.134,27,900
42.69036633966737,66.9,1.59,3,0,0,10.385,7.547,7.321,27,900
42.822601155667385,66.9,1.59,2,0,0,7.006,5.591,4.53,27,900
42.841371335011004,66.9,1.59,1,0,0,3.311,2.988,2.048,27,900
42.852297872593255,66.9,1.59,2,0,0,7.006,5.591,4.53,27,900
42.858725014411206,66.9,1.59,1,0,0,3.311,2.988,2.048,27,900
42.8664784591652,66.9,1.59,2,0,0,7.006,5.591,4.53,27,900
42.93154113987142,66.9,1.59,3,0,0,10.385,7.547,7.321,27,900
43.136355084284816,66.9,1.59,2,0,0,7.006,5.591,4.53,27,900
43.14919871928595,66.9,1.59,1,0,0,3.311,2.988,2.048,27,900
43.17606411305384,66.9,1.59,2,0,0,7.006,5.591,4.53,27,900
43.190646992423495,66.9,1.59,1,0,0,3.311,2.988,2.048,27,900
43.19475142049426,66.9,1.59,2,0,0,7.006,5.591,4.53,27,900
43.25693050461379,66.9,1.59,3,0,0,10.385,7.547,7.321,27,900
43.464532744035274,66.9,1.59,2,0,0,7.006,5.591,4.53,27,900
43.4651670112164,66.9,1.59,1,0,0,3.311,2.988,2.048,27,900
43.492579754998836,66.9,1.59,2,0,0,7.006,5.591,4.53,27,900
43.529882577092195,66.9,1.59,1,0,0,3.311,2.988,2.048,27,900
43.54581560447775,66.9,1.59,2,0,0,7.006,5.591,4.53,27,900
43.58137549113231,66.9,1.59,3,0,0,10.385,7.547,7.321,27,900
43.76777632052396,66.9,1.59,2,0,0,7.006,5.591,4.53,27,900
43.786594788258995,66.9,1.59,1,0,0,3.311,2.988,2.048,27,900
43.79507916104069,66.9,1.59,0,0,0,0.0,0.0,0.0,27,900
43.81708635695831,66.65251008664383,1.59,1,0,0,3.311,2.988,2.048,27,900
43.90566104554375,60.99295412791091,1.59,2,0,0,7.006,5.591,4.53,27,900
43.90707647159322,60.9025142622915,1.59,3,0,0,10.385,7.547,7.321,27,900
44.024869633004606,60.5,1.59,2,0,0,7.006,5.591,4.53,27,900
44.0868070865155,60.5,1.59,3,0,0,10.385,7.547,7.321,27,900
44.13109655013121,60.5,1.59,2,0,0,7.006,5.591,4.53,27,900
44.148574545932256,60.5,1.59,3,0,0,10.385,7.547,7.321,27,900
44.35961784698578,60.5,1.7240302642759744,2,0,0,7.006,5.591,4.53,27,900
44.45038634912958,60.5,1.88,1,0,0,3.311,2.988,2.048,27,900
44.49924938689317,60.5,1.88,2,0,0,7.006,5.591,4.53,27,900
44.50288136382095,60.5,1.88,1,0,0,3.311,2.988,2.048,27,900
44.65773629292064,60.5,1.88,2,0,0,7.006,5.591,4.53,27,900
44.67659908338488,60.5,1.88,3,0,0,10.385,7.547,7.321,27,900
44.73269014539315,60.5,1.88,2,0,0,7.006,5.591,4.53,27,900
44.894084897075416,60.5,1.88,1,0,0,3.311,2.988,2.048,27,900
44.91802519948504,60.5,1.88,0,0,0,0.0,0.0,0.0,27,900
45.88114402387526,60.5,1.88,1,0,0,3.311,2.988,2.048,27,900
46.25669744546448,60.5,1.88,0,0,0,0.0,0.0,0.0,27,900
52.93697490320271,66.4,1.89,0,0,1,0.528,0.57,0.438,27,900
52.95527852160902,66.4,1.89,0,0,2,1.262,1.188,0.808,27,900
52.983790793609025,66.4,1.89,0,0,1,0.528,0.57,0.438,27,900
52.993257175202714,66.4,1.89,0,0,0,0.0,0.0,0.0,27,900
53.06882801812971,66.4,1.89,0,0,1,0.528,0.57,0.438,27,900
53.09719029012972,66.4,1.89,0,0,0,0.0,0.0,0.0,27,900
54.13884378810768,66.0,1.89,1,1,0,9.246,7.695,5.518,28,900
54.15193877520275,66.0,1.89,2,2,0,21.094,15.238,15.196,29,900
54.165161156838344,66.0,1.89,2,1,0,13.279,10.07,9.16,29,900
54.18514378810768,66.0,1.89,2,0,0,7.006,5.591,4.53,29,900
54.22834195683834,66.0,1.89,1,0,0,3.311,2.988,2.048,29,900
54.24832458810768,66.0,1.89,0,0,0,0.0,0.0,0.0,29,900
54.25482849235027,66.0,1.89,1,1,0,9.246,7.695,5.518,30,900
54.26894181547431,66.0,1.89,1,0,0,3.311,2.988,2.048,30,900
54.290066626920876,66.0,1.89,2,1,0,13.279,10.07,9.16,31,900
54.303232341206595,66.0,1.89,2,0,0,7.006,5.591,4.53,31,900
54.318282214129596,66.0,1.89,3,0,0,10.385,7.547,7.321,31,900
54.366413141206614,66.0,1.89,2,0,0,7.006,5.591,4.53,31,900
54.456151400778054,66.0,1.8045329185513372,3,0,0,10.385,7.547,7.321,31,900
54.47882716802725,66.0,1.7595778049682758,2,0,0,7.006,5.591,4.53,31,900
54.50849367039337,66.0,1.7007634341545275,3,1,0,17.589,12.354,12.134,32,900
54.51736373776584,66.0,1.69,3,0,0,10.385,7.547,7.321,32,900
54.60111400797663,66.0,1.69,2,0,0,7.006,5.591,4.53,32,900
54.65497043698048,66.0,1.69,3,0,0,10.385,7.547,7.321,32,900
54.693808724485265,66.0,1.69,3,1,0,17.589,12.354,12.134,33,900
54.70669823497478,66.0,1.69,3,0,0,10.385,7.547,7.321,33,900
55.50697580931744,66.0,1.69,2,0,0,7.006,5.591,4.53,33,900
55.52124243624517,66.0,1.69,1,0,0,3.311,2.988,2.048,33,900
55.53048510346493,66.0,1.69,2,0,0,7.006,5.591,4.53,33,900
55.54820172374963,66.0,1.69,3,0,0,10.385,7.547,7.321,33,900
55.73926140279758,66.0,1.69,2,0,0,7.006,5.591,4.53,33,900
55.754452347002704,66.0,1.69,1,0,0,3.311,2.988,2.048,33,900
55.81290866546389,66.0,1.69,2,0,0,7.006,5.591,4.53,33,900
55.82529787288613,66.0,1.69,3,0,0,10.385,7.547,7.321,33,900
56.02636274427243,66.0,1.69,2,0,0,7.006,5.591,4.53,33,900
56.0321509898893,66.0,1.69,1,0,0,3.311,2.988,2.048,33,900
56.032970970464675,66.0,1.69,2,1,0,13.279,10.07,9.16,34,900
56.05039246583224,66.0,1.69,3,1,0,17.589,12.354,12.134,34,900
56.135970970464655,66.0,1.69,3,0,0,10.385,7.547,7.321,34,900
56.343986338096165,66.0,1.69,2,0,0,7.006,5.591,4.53,34,900
56.41284506421947,66.0,1.69,3,0,0,10.385,7.547,7.321,34,900
56.420256931029506,66.0,2.607550583312295,2,0,0,7.006,5.591,4.53,34,900
56.43558373017813,66.0,4.687292043929691,3,0,0,10.385,7.547,7.321,34,900
56.63157957633111,66.0,15.2,3,1,0,17.589,12.354,12.134,35,900
56.655776745965014,66.0,15.2,2,1,0,13.279,10.07,9.16,35,900
56.663820123349026,66.0,15.2,1,1,0,9.246,7.695,5.518,35,900
56.68907167006888,66.0,15.2,2,2,0,21.094,15.238,15.196,36,900
56.726638484269266,66.0,15.2,3,2,0,24.826,17.679,18.858,36,900
56.7269975959948,66.0,15.2,3,1,0,17.589,12.354,12.134,36,900
56.82373535433111,66.0,15.2,3,0,0,10.385,7.547,7.321,36,900
56.98050501386284,66.0,15.2,2,0,0,7.006,5.591,4.53,36,900
56.99061304664789,66.0,15.2,1,0,0,3.311,2.988,2.048,36,900
57.00358408818446,66.0,15.2,2,0,0,7.006,5.591,4.53,36,900
57.049514101947366,66.0,15.2,3,0,0,10.385,7.547,7.321,36,900
57.257303134394455,66.0,15.2,2,0,0,7.006,5.591,4.53,36,900
57.257782238276874,66.0,15.2,3,0,0,10.385,7.547,7.321,36,900
57.33058887753494,66.08659425946954,15.2,2,0,0,7.006,5.591,4.53,36,900
57.38055670745407,66.3350274996733,15.2,3,0,0,10.385,7.547,7.321,36,900
57.411484411822045,66.48879583062961,15.2,2,0,0,7.006,5.591,4.53,36,900
57.485091570551795,66.5,15.2,1,0,0,3.311,2.988,2.048,36,900
57.516738872865666,66.5,15.2,2,0,0,7.006,5.591,4.53,36,900
57.59182595431546,66.5,15.2,1,0,0,3.311,2.988,2.048,36,900
57.59461318132097,66.5,15.2,2,0,0,7.006,5.591,4.53,36,900
57.634742665744234,66.5,15.2,3,0,0,10.385,7.547,7.321,36,900
57.672204113659,66.5,15.2,2,0,0,7.006,5.591,4.53,36,900
57.718920350789375,66.5,15.2,3,0,0,10.385,7.547,7.321,36,900
57.933607124065084,66.5,15.2,2,0,0,7.006,5.591,4.53,36,900
57.998812247240515,66.5,15.2,3,0,0,10.385,7.547,7.321,36,900
58.00432150497714,66.5,15.2,2,0,0,7.006,5.591,4.53,36,900
58.04834825475417,66.5,15.2,1,0,0,3.311,2.988,2.048,36,900
58.14974384695331,66.5,15.2,2,0,0,7.006,5.591,4.53,36,900
58.194078790530234,66.5,15.2,1,0,0,3.311,2.988,2.048,36,900
58.306886929068135,66.5,15.2,2,0,0,7.006,5.591,4.53,36,900
58.412622536246886,66.5,15.2,1,0,0,3.311,2.988,2.048,36,900
58.50761483835576,66.5,2.477214551513395,0,0,0,0.0,0.0,0.0,36,900
58.622947829891565,66.5,1.71,1,0,0,3.311,2.988,2.048,36,900
58.825279057177134,66.5,1.71,0,0,0,0.0,0.0,0.0,36,900
58.943088744710884,66.5,1.71,1,0,0,3.311,2.988,2.048,36,900
59.14890495399437,66.5,1.71,0,0,0,0.0,0.0,0.0,36,900
59.269387589526026,66.5,1.71,1,0,0,3.311,2.988,2.048,36,900
59.47738142080744,66.5,1.71,0,0,0,0.0,0.0,0.0,36,900
59.60048625533703,66.5,1.71,1,0,0,3.311,2.988,2.048,36,900
59.81088516461638,66.5,1.71,0,0,0,0.0,0.0,0.0,36,900
59.9366199401439,66.5,1.71,1,0,0,3.311,2.988,2.048,36,900
60.149690679421155,66.5,1.71,0,0,0,0.0,0.0,0.0,36,900
60.27148202058703,66.5,1.71,1,0,0,3.311,2.988,2.048,36,900
60.48032721824378,66.5,1.71,0,0,0,0.0,0.0,0.0,36,900
60.604530915336774,66.5,53.19240125270897,1,0,0,3.311,2.988,2.048,36,900
60.815415764920665,67.6,58.4,0,0,0,0.0,0.0,0.0,36,900
60.94197565794078,67.6,58.4,1,0,0,3.311,2.988,2.048,36,900
61.155369535451825,67.6,58.4,0,0,0,0.0,0.0,0.0,36,900
65.79007342639893,70.4,1.95,1,0,0,3.311,2.988,2.048,36,900
66.04056385540869,70.4,1.95,0,0,0,0.0,0.0,0.0,36,900
66.0794608474087,70.4,1.95,0,0,1,0.528,0.57,0.438,36,900
66.12994008464455,70.4,1.95,0,0,0,0.0,0.0,0.0,36,900
66.16063813040671,70.4,1.95,0,0,1,0.528,0.57,0.438,36,900
66.21085582292329,70.4,1.95,0,0,0,0.0,0.0,0.0,36,900
66.47852663560644,70.4,1.95,0,0,1,0.528,0.57,0.438,36,900
66.50696890760646,70.4,1.95,0,0,0,0.0,0.0,0.0,36,900
66.58924317397694,70.4,6.932133075067574,0,0,1,0.528,0.57,0.438,36,900
66.62472962715019,70.4,8.57,0,0,0,0.0,0.0,0.0,36,900
66.63468992375392,70.4,8.57,0,0,1,0.528,0.57,0.438,36,900
66.75117219575392,70.4,8.57,0,0,0,0.0,0.0,0.0,36,900
66.9977042052466,70.4,8.57,0,0,1,0.528,0.57,0.438,36,900
67.10288647724664,70.4,8.57,0,0,0,0.0,0.0,0.0,36,900
67.23953062796618,70.4,8.57,1,1,0,9.246,7.695,5.518,37,900
67.25263062796616,70.4,8.57,1,0,0,3.311,2.988,2.048,37,900
67.31581142796614,70.4,8.57,0,0,0,0.0,0.0,0.0,37,900
67.39082629818184,70.4,8.57,1,0,0,3.311,2.988,2.048,37,900
67.48525454894651,65.94127970461376,8.57,0,0,0,0.0,0.0,0.0,37,900
67.56202851745634,64.2,8.57,1,0,0,3.311,2.988,2.048,37,900
67.6585486995152,64.2,8.57,0,0,0,0.0,0.0,0.0,37,900
67.66327307877432,64.2,8.57,1,1,0,9.246,7.695,5.518,38,900
67.67672709337286,64.2,8.57,1,0,0,3.311,2.988,2.048,38,900
67.67734170457344,64.2,8.57,2,1,0,13.279,10.07,9.16,39,900
67.69130534093706,64.2,8.57,2,0,0,7.006,5.591,4.53,39,900
67.7371881373191,64.2,8.57,3,0,0,10.385,7.547,7.321,39,900
67.73990789337284,64.2,8.57,2,0,0,7.006,5.591,4.53,39,900
67.78164325886658,64.2,8.57,3,1,0,17.589,12.354,12.134,40,900
67.78590940493706,64.2,8.57,2,1,0,13.279,10.07,9.16,40,900
67.79539848274717,64.2,8.57,2,0,0,7.006,5.591,4.53,40,900
67.8306738347743,64.2,8.57,3,0,0,10.385,7.547,7.321,40,900
67.83526111467201,64.2,8.57,2,0,0,7.006,5.591,4.53,40,900
67.87896540848249,64.2,8.57,3,0,0,10.385,7.547,7.321,40,900
67.89000254674717,64.2,8.57,2,0,0,7.006,5.591,4.53,40,900
67.90720099409204,64.2,8.57,3,1,0,17.589,12.354,12.134,41,900
67.9205189131672,64.2,8.57,3,0,0,10.385,7.547,7.321,41,900
68.02239515287647,64.2,8.57,2,0,0,7.006,5.591,4.53,41,900
68.04748103941712,64.2,8.57,1,0,0,3.311,2.988,2.048,41,900
68.06579471261372,64.2,8.57,2,0,0,7.006,5.591,4.53,41,900
68.07398052538107,64.2,8.57,3,0,0,10.385,7.547,7.321,41,900
68.21475055919034,64.2,8.57,2,0,0,7.006,5.591,4.53,41,900
68.22047343526958,64.2,8.57,3,0,0,10.385,7.547,7.321,41,900
68.26311056384851,64.2,8.57,2,0,0,7.006,5.591,4.53,41,900
68.26601176769466,64.2,8.57,1,0,0,3.311,2.988,2.048,41,900
68.30792469076702,64.2,8.57,2,0,0,7.006,5.591,4.53,41,900
68.31046807724665,64.2,8.57,3,1,0,17.589,12.354,12.134,42,900
68.32350343792557,64.2,8.57,3,0,0,10.385,7.547,7.321,42,900
68.45937807816614,64.2,8.57,2,0,0,7.006,5.591,4.53,42,900
68.46592072479196,64.2,8.57,3,0,0,10.385,7.547,7.321,42,900
68.48267163996614,64.2,8.57,2,0,0,7.006,5.591,4.53,42,900
68.50782307656205,64.2,8.57,3,0,0,10.385,7.547,7.321,42,900
68.55372993739161,64.2,5.937536794770223,2,0,0,7.006,5.591,4.53,42,900
68.55529470485966,64.2,5.833901512182894,3,0,0,10.385,7.547,7.321,42,900
68.70726471377006,64.2,2.0,2,0,0,7.006,5.591,4.53,42,900
68.71173143697922,64.2,2.0,1,0,0,3.311,2.988,2.048,42,900
68.72337357719493,64.2,2.0,2,0,0,7.006,5.591,4.53,42,900
68.74061176472753,64.2,2.0,3,0,0,10.385,7.547,7.321,42,900
68.93629110226024,64.2,2.0,2,0,0,7.006,5.591,4.53,42,900
68.95532105666432,64.2,2.0,3,0,0,10.385,7.547,7.321,42,900
68.96074697240053,64.2,2.0,2,0,0,7.006,5.591,4.53,42,900
68.97080887853683,64.2,2.0,1,0,0,3.311,2.988,2.048,42,900
68.98034114670489,64.2,2.0,2,0,0,7.006,5.591,4.53,42,900
68.98911194619492,64.2,2.0,3,0,0,10.385,7.547,7.321,42,900
69.1687641134367,64.2,2.0,2,0,0,7.006,5.591,4.53,42,900
69.22283013307629,64.2,2.0,1,0,0,3.311,2.988,2.048,42,900
69.22612773649415,64.2,2.0,2,0,0,7.006,5.591,4.53,42,900
69.23638918583902,64.2,2.0,1,0,0,3.311,2.988,2.048,42,900
69.25749673519492,64.2,2.0,2,0,0,7.006,5.591,4.53,42,900
69.26104569230067,64.2,2.0,3,0,0,10.385,7.547,7.321,42,900
69.46025563693703,64.2,2.0,2,0,0,7.006,5.591,4.53,42,900
69.47798283109526,64.2,2.0,3,0,0,10.385,7.547,7.321,42,900
69.52798594175634,64.2,2.0,2,0,0,7.006,5.591,4.53,42,900
69.57088000565648,64.2,2.0,3,0,0,10.385,7.547,7.321,42,900
69.83962078858426,64.2,2.0,2,0,0,7.006,5.591,4.53,42,900
69.89180608081038,64.2,2.0,3,0,0,10.385,7.547,7.321,42,900
69.89294301808384,64.2,2.0,2,0,0,7.006,5.591,4.53,42,900
69.89586883130075,64.2,2.0,3,0,0,10.385,7.547,7.321,42,900
69.92961655478777,64.2,2.0,2,0,0,7.006,5.591,4.53,42,900
69.94397211800734,64.2,2.0,3,0,0,10.385,7.547,7.321,42,900
70.13232031734582,64.2,2.0,3,1,0,17.589,12.354,12.134,43,900
70.1493615264622,64.2,2.0,2,1,0,13.279,10.07,9.16,43,900
70.15924376555992,64.2,2.0,1,1,0,9.246,7.695,5.518,43,900
70.21954545665662,64.2,2.0,2,1,0,13.279,10.07,9.16,43,900
70.22443075566447,64.2,2.0,3,1,0,17.589,12.354,12.134,43,900
70.23639832203249,64.2,2.0,2,1,0,13.279,10.07,9.16,43,900
70.24492181800304,64.2,2.0,3,1,0,17.589,12.354,12.134,43,900
70.34447609534585,64.2,2.0,3,0,0,10.385,7.547,7.321,43,900
70.4815541932411,64.2,2.0,2,0,0,7.006,5.591,4.53,43,900
70.48581557368338,64.2,2.0,1,0,0,3.311,2.988,2.048,43,900
70.49516920199719,64.2,2.0,2,0,0,7.006,5.591,4.53,43,900
70.54983470209977,64.2,2.0,1,0,0,3.311,2.988,2.048,43,900
70.55569256319512,64.2,2.0,2,0,0,7.006,5.591,4.53,43,900
70.60758573756509,64.2,2.0,3,0,0,10.385,7.547,7.321,43,900
70.80390378201619,64.2,53.8,3,1,0,17.589,12.354,12.134,44,900
70.82131025201363,64.26299897650563,53.8,2,1,0,13.279,10.07,9.16,44,900
70.83142610933098,64.34400277728489,53.8,2,2,0,21.094,15.238,15.196,45,900
70.87108140698959,64.66154678077955,53.8,1,2,0,15.716,13.138,11.485,45,900
70.94925181461012,65.0,53.8,0,2,0,11.362,10.917,4.906,45,900
70.95119802233452,65.0,53.8,1,2,0,15.716,13.138,11.485,45,900
70.99105956001621,65.0,53.8,1,1,0,9.246,7.695,5.518,45,900
70.99110523572635,65.0,53.8,2,1,0,13.279,10.07,9.16,45,900
71.05828831925845,65.0,53.8,3,1,0,17.589,12.354,12.134,45,900
71.07492971341796,65.0,53.8,3,0,0,10.385,7.547,7.321,45,900
71.19912608270204,65.0,53.8,2,0,0,7.006,5.591,4.53,45,900
71.20095769895318,65.0,53.8,3,0,0,10.385,7.547,7.321,45,900
71.25522706236652,65.0,53.8,2,0,0,7.006,5.591,4.53,45,900
71.3228414903501,65.0,53.8,3,0,0,10.385,7.547,7.321,45,900
71.56504996447845,65.0,53.8,2,0,0,7.006,5.591,4.53,45,900
71.59254287788735,65.0,53.8,1,0,0,3.311,2.988,2.048,45,900
71.67880750148237,65.0,53.8,2,0,0,7.006,5.591,4.53,45,900
71.73995662203852,65.0,53.8,1,0,0,3.311,2.988,2.048,45,900
71.7467391087964,65.0,53.8,2,0,0,7.006,5.591,4.53,45,900
71.88055402794603,65.0,53.8,1,0,0,3.311,2.988,2.048,45,900
71.99684425462779,65.0,53.8,2,0,0,7.006,5.591,4.53,45,900
72.00603359807255,65.0,53.8,1,0,0,3.311,2.988,2.048,45,900
72.20062814476921,65.0,53.8,0,0,0,0.0,0.0,0.0,45,900
72.31940031212878,65.0,53.8,1,0,0,3.311,2.988,2.048,45,900
72.52544902194803,65.0,53.8,0,0,0,0.0,0.0,0.0,45,900
72.64671087198538,65.0,36.419940853851436,1,0,0,3.311,2.988,2.048,45,900
72.85529115348247,65.0,1.82,0,0,0,0.0,0.0,0.0,45,900
72.97901856019759,65.0,1.82,1,0,0,3.311,2.988,2.048,45,900
73.18980718137243,65.0,1.82,0,0,0,0.0,0.0,0.0,45,900
73.31600580776536,65.0,1.82,1,0,0,3.311,2.988,2.048,45,900
73.52889294461802,65.0,1.82,0,0,0,0.0,0.0,0.0,45,900
78.51722225603464,66.2,18.3,1,0,0,3.311,2.988,2.048,45,900
78.81309738791099,66.2,1.92,0,0,0,0.0,0.0,0.0,45,900
78.84066437991099,66.2,1.92,0,0,1,0.528,0.57,0.438,45,900
78.89783768055081,66.2,1.92,0,0,0,0.0,0.0,0.0,45,900
78.9356194199164,66.2,1.92,0,0,1,0.528,0.57,0.438,45,900
78.99298574440299,66.2,1.92,0,0,0,0.0,0.0,0.0,45,900
79.96112778866045,66.2,1.92,0,0,1,0.528,0.57,0.438,45,900
79.98979006066045,66.2,1.92,0,0,0,0.0,0.0,0.0,45,900
80.02919881161539,66.2,1.92,1,1,0,9.246,7.695,5.518,46,900
80.04158590838959,66.2,1.92,1,0,0,3.311,2.988,2.048,46,900
80.04642048703018,66.2,1.92,1,0,1,3.994,3.474,2.656,46,900
80.07475275903018,66.2,1.92,1,0,0,3.311,2.988,2.048,46,900
80.10476670838959,66.2,1.92,0,0,0,0.0,0.0,0.0,46,900
80.17733454688748,66.2,1.92,0,0,1,0.528,0.57,0.438,46,900
80.19172949033046,66.2,1.92,1,0,1,3.994,3.474,2.656,46,900
80.22331681888748,66.2,1.92,1,0,0,3.311,2.988,2.048,46,900
80.29821930715298,66.2,1.92,0,0,0,0.0,0.0,0.0,46,900
80.38627015665485,66.2,1.92,1,0,0,3.311,2.988,2.048,46,900
80.39039829103862,66.2,1.92,1,0,1,3.994,3.474,2.656,46,900
80.4185905630386,66.2,1.92,1,0,0,3.311,2.988,2.048,46,900
80.52152226904332,66.2,1.92,0,0,0,0.0,0.0,0.0,46,900
80.59086526707262,66.2,1.92,0,0,1,0.528,0.57,0.438,46,900
80.60860715787065,66.2,1.92,1,0,1,3.994,3.474,2.656,46,900
80.61943753907259,66.2,1.92,1,0,0,3.311,2.988,2.048,46,900
80.7463465239378,66.2,8.959945984441802,0,0,0,0.0,0.0,0.0,46,900
80.83583527544376,66.2,23.6,1,0,0,3.311,2.988,2.048,46,900
80.97601050318954,66.2,23.6,0,0,0,0.0,0.0,0.0,46,900
81.06831757837422,66.42036979014954,23.6,1,0,0,3.311,2.988,2.048,46,900
81.14487927746656,66.6,23.6,2,1,0,13.279,10.07,9.16,47,900
81.15773283395191,66.6,23.6,2,0,0,7.006,5.591,4.53,47,900
81.2110505877987,66.6,23.6,1,0,0,3.311,2.988,2.048,47,900
81.22899962387491,66.6,23.6,2,1,0,13.279,10.07,9.16,48,900
81.2421091544581,66.6,23.6,2,0,0,7.006,5.591,4.53,48,900
81.25233689795188,66.6,23.6,1,0,0,3.311,2.988,2.048,48,900
81.30528995445813,66.6,23.6,0,0,0,0.0,0.0,0.0,48,900
81.306003095662,66.6,23.6,1,0,0,3.311,2.988,2.048,48,900
81.34139824454607,66.6,23.6,2,0,0,7.006,5.591,4.53,48,900
81.37986154296695,66.6,23.6,3,1,0,17.589,12.354,12.134,49,900
81.39343444429241,66.6,23.6,3,0,0,10.385,7.547,7.321,49,900
81.48079569093375,66.6,23.6,2,0,0,7.006,5.591,4.53,49,900
81.4880385082924,66.6,23.6,1,0,0,3.311,2.988,2.048,49,900
81.53484808167289,66.6,23.6,0,0,0,0.0,0.0,0.0,49,900
81.54899505430706,66.6,23.6,1,0,0,3.311,2.988,2.048,49,900
81.57282915908296,66.6,23.6,2,0,0,7.006,5.591,4.53,49,900
81.57501448158693,66.6,23.6,3,1,0,17.589,12.354,12.134,50,900
81.60331448158695,66.6,23.6,3,0,0,10.385,7.547,7.321,50,900
81.71585837602584,66.6,23.6,2,0,0,7.006,5.591,4.53,50,900
81.72169886266063,66.6,23.6,1,0,0,3.311,2.988,2.048,50,900
81.7712360334795,66.6,23.6,0,0,0,0.0,0.0,0.0,50,900
81.77261146626898,66.6,23.6,1,1,0,9.246,7.695,5.518,51,900
81.78631146626898,66.6,23.6,1,0,0,3.311,2.988,2.048,51,900
81.78935362721163,66.6,23.6,2,0,0,7.006,5.591,4.53,51,900
81.7970885953095,66.6,23.6,3,0,0,10.385,7.547,7.321,51,900
81.96230459499786,66.6,23.6,2,0,0,7.006,5.591,4.53,51,900
82.01348427287773,66.6,23.6,1,0,0,3.311,2.988,2.048,51,900
82.01896123918245,66.6,23.6,2,0,0,7.006,5.591,4.53,51,900
82.03950569143689,66.6,23.6,1,0,0,3.311,2.988,2.048,51,900
82.05018003166916,66.6,23.6,2,0,0,7.006,5.591,4.53,51,900
82.06049075133068,66.6,23.6,3,0,0,10.385,7.547,7.321,51,900
82.24028323980825,66.6,23.6,2,0,0,7.006,5.591,4.53,51,900
82.2527542998491,66.6,23.6,3,0,0,10.385,7.547,7.321,51,900
82.26186528186777,66.6,23.6,2,0,0,7.006,5.591,4.53,51,900
82.26560932484516,66.6,23.6,1,0,0,3.311,2.988,2.048,51,900
82.30469554383036,66.6,23.6,2,0,0,7.006,5.591,4.53,51,900
82.34621712362598,66.6,23.6,3,0,0,10.385,7.547,7.321,51,900
82.51615784344956,66.6,23.6,2,0,0,7.006,5.591,4.53,51,900
82.53994903768354,66.6,23.6,1,0,0,3.311,2.988,2.048,51,900
82.55305246564242,66.6,23.6,2,0,0,7.006,5.591,4.53,51,900
82.59044806763325,66.6,23.6,3,0,0,10.385,7.547,7.321,51,900
83.17802369484907,66.6,1.83,2,0,0,7.006,5.591,4.53,51,900
83.19283938380231,66.6,1.83,3,0,0,10.385,7.547,7.321,51,900
83.22550674428182,66.6,1.83,2,0,0,7.006,5.591,4.53,51,900
83.27173793451801,66.6,1.83,3,0,0,10.385,7.547,7.321,51,900
83.47966631559193,66.6,1.83,2,0,0,7.006,5.591,4.53,51,900
83.49879189708201,66.6,1.83,1,0,0,3.311,2.988,2.048,51,900
83.50689052586776,66.6,1.83,2,0,0,7.006,5.591,4.53,51,900
83.58407940184911,66.6,1.83,3,0,0,10.385,7.547,7.321,51,900
83.84534018314376,66.6,1.83,2,0,0,7.006,5.591,4.53,51,900
83.84636567023279,66.6,1.83,3,0,0,10.385,7.547,7.321,51,900
84.09073720584917,66.6,1.83,2,0,0,7.006,5.591,4.53,51,900
84.15258136097684,66.6,1.83,3,0,0,10.385,7.547,7.321,51,900
84.35216685034601,66.6,1.83,3,1,0,17.589,12.354,12.134,52,900
84.36303607028667,66.6,1.83,2,1,0,13.279,10.07,9.16,52,900
84.40822528284927,66.6,1.83,1,1,0,9.246,7.695,5.518,52,900
84.46572590478212,67.43404008384013,1.83,2,1,0,13.279,10.07,9.16,52,900
84.48065596167932,67.67269419249429,1.83,2,0,0,7.006,5.591,4.53,52,900
84.55903085086085,68.2,1.83,1,0,0,3.311,2.988,2.048,52,900
84.65752099012317,68.2,1.83,2,0,0,7.006,5.591,4.53,52,900
84.66823255488596,68.2,1.83,1,0,0,3.311,2.988,2.048,52,900
84.78542645518361,68.2,2.0091885471694373,2,0,0,7.006,5.591,4.53,52,900
84.78589438708077,68.2,2.0103614036359643,3,0,0,10.385,7.547,7.321,52,900
84.99875031501628,68.2,2.08,3,1,0,17.589,12.354,12.134,53,900
85.05872675767279,68.2,2.08,2,1,0,13.279,10.07,9.16,53,900
85.082620468418,68.2,2.08,3,2,0,24.826,17.679,18.858,54,900
85.14975031501628,68.2,2.08,3,1,0,17.589,12.354,12.134,54,900
85.18862046841802,68.2,2.08,3,0,0,10.385,7.547,7.321,54,900
85.28198513101628,68.2,2.08,2,0,0,7.006,5.591,4.53,54,900
85.32046904347037,68.2,2.08,1,0,0,3.311,2.988,2.048,54,900
85.32085528441802,68.2,2.08,0,0,0,0.0,0.0,0.0,54,900
85.4112032974704,68.2,2.08,1,0,0,3.311,2.988,2.048,54,900
85.6215362434704,68.2,2.08,0,0,0,0.0,0.0,0.0,54,900
85.74934040156133,68.2,2.08,1,0,0,3.311,2.988,2.048,54,900
85.96136912480809,68.2,2.08,0,0,0,0.0,0.0,0.0,54,900
89.06124183841816,69.0,1.83,1,0,0,3.311,2.988,2.048,54,900
90.63090080185998,69.0,1.83,0,0,0,0.0,0.0,0.0,54,900
92.02774602995524,76.4,51.9,0,0,1,0.528,0.57,0.438,54,900
92.0968283019552,76.4,51.9,0,0,0,0.0,0.0,0.0,54,900
93.26830990195522,76.4,1.86,1,1,0,9.246,7.695,5.518,55,900
93.2876306566722,76.4,1.86,1,0,0,3.311,2.988,2.048,55,900
93.41986547267221,76.4,1.86,0,0,0,0.0,0.0,0.0,55,900
93.51782095138361,76.4,1.86,0,0,1,0.528,0.57,0.438,55,900
93.53276640041855,76.4,1.86,1,0,1,3.994,3.474,2.656,55,900
93.60760322338362,76.4,1.86,1,0,0,3.311,2.988,2.048,55,900
93.64351842667286,76.4,1.86,1,0,1,3.994,3.474,2.656,55,900
93.6558164777784,76.4,1.86,1,0,2,4.593,3.608,3.001,55,900
93.6843487497784,76.4,1.86,1,0,1,3.994,3.474,2.656,55,900
93.72260069867285,76.4,1.86,1,0,0,3.311,2.988,2.048,55,900
93.73349011343322,76.4,1.86,0,0,0,0.0,0.0,0.0,55,900
93.85183869432629,76.4,1.86,1,0,0,3.311,2.988,2.048,55,900
94.05798842548768,76.4,1.86,0,0,0,0.0,0.0,0.0,55,900
94.18135883052753,76.4,1.86,1,0,0,3.311,2.988,2.048,55,900
94.39167168247715,76.4,1.86,0,0,0,0.0,0.0,0.0,55,900
94.79978482338366,76.0,1.86,1,1,0,9.246,7.695,5.518,56,900
94.84049487989454,76.0,1.8200723284394646,2,2,0,21.094,15.238,15.196,57,900
94.8538707870063,76.0,1.80001107927582,2,1,0,13.279,10.07,9.16,57,900
94.86288482338365,76.0,1.7864917846049808,2,0,0,7.006,5.591,4.53,57,900
94.90408229867288,76.0,1.7247036150415525,3,1,0,17.589,12.354,12.134,58,900
94.91705158700628,76.0,1.71,2,1,0,13.279,10.07,9.16,58,900
94.91819562179691,76.0,1.71,2,0,0,7.006,5.591,4.53,58,900
94.95748888738363,76.0,1.71,1,0,0,3.311,2.988,2.048,58,900
95.00753910468988,76.0,1.71,2,0,0,7.006,5.591,4.53,58,900
95.0127996857969,76.0,1.71,1,0,0,3.311,2.988,2.048,58,900
95.03850363418259,76.0,1.71,2,1,0,13.279,10.07,9.16,59,900
95.05165056713552,76.0,1.71,2,0,0,7.006,5.591,4.53,59,900
95.06339631138363,76.0,1.71,3,0,0,10.385,7.547,7.321,59,900
95.0934448451458,76.0,1.71,3,1,0,17.589,12.354,12.134,60,900
95.1294448451458,76.0,1.71,3,0,0,10.385,7.547,7.321,60,900
95.25627688738365,76.0,1.71,2,0,0,7.006,5.591,4.53,60,900
95.31323963734158,76.0,1.71,3,0,0,10.385,7.547,7.321,60,900
95.34465741327534,76.0,1.71,2,0,0,7.006,5.591,4.53,60,900
95.34723360873566,76.0,1.71,3,0,0,10.385,7.547,7.321,60,900
95.45276768447445,76.0,1.71,2,0,0,7.006,5.591,4.53,60,900
95.46246659727534,76.0,1.71,3,0,0,10.385,7.547,7.321,60,900
95.51821179938362,76.0,1.71,2,0,0,7.006,5.591,4.53,60,900
95.54493906822968,76.0,1.71,3,0,0,10.385,7.547,7.321,60,900
95.68810741992198,76.0,1.71,2,0,0,7.006,5.591,4.53,60,900
95.73100149434848,76.0,1.71,3,0,0,10.385,7.547,7.321,60,900
95.88089427049134,76.0,1.71,2,0,0,7.006,5.591,4.53,60,900
95.88307401987898,76.0,1.71,3,0,0,10.385,7.547,7.321,60,900
95.91721245227531,76.0,1.71,2,0,0,7.006,5.591,4.53,60,900
95.9260094052648,76.0,1.71,3,0,0,10.385,7.547,7.321,60,900
95.92972241948841,76.0,1.71,2,0,0,7.006,5.591,4.53,60,900
95.9830148020628,76.0,1.71,3,0,0,10.385,7.547,7.321,60,900
96.13569597020562,76.0,1.71,2,0,0,7.006,5.591,4.53,60,900
96.17463161140695,76.0,1.71,3,0,0,10.385,7.547,7.321,60,900
96.1771989571737,76.0,1.71,2,0,0,7.006,5.591,4.53,60,900
96.20321789227529,76.0,1.71,1,0,0,3.311,2.988,2.048,60,900
96.23622390397104,76.0,1.71,2,0,0,7.006,5.591,4.53,60,900
96.24104866877704,76.0,1.71,3,0,0,10.385,7.547,7.321,60,900
96.43054586597788,76.0,1.71,2,0,0,7.006,5.591,4.53,60,900
96.4372040818786,76.0,1.71,1,0,0,3.311,2.988,2.048,60,900
96.47328709108267,76.0,1.71,2,0,0,7.006,5.591,4.53,60,900
96.48891155627527,76.0,1.71,1,0,0,3.311,2.988,2.048,60,900
96.5057556104913,76.0,1.71,2,0,0,7.006,5.591,4.53,60,900
96.53493786197089,76.0,1.71,3,0,0,10.385,7.547,7.321,60,900
96.72772493590095,76.0,1.71,2,0,0,7.006,5.591,4.53,60,900
96.76070918420865,76.0,1.71,1,0,0,3.311,2.988,2.048,60,900
96.77509625927527,76.0,1.71,0,0,0,0.0,0.0,0.0,60,900
96.77972126290621,76.0,1.71,1,0,0,3.311,2.988,2.048,60,900
96.81377132977701,76.0,1.7166402862146553,2,0,0,7.006,5.591,4.53,60,900
96.83559167439044,76.0,2.836456413138353,3,0,0,10.385,7.547,7.321,60,900
97.03151291581702,76.0,6.86,2,0,0,7.006,5.591,4.53,60,900
97.06381319401689,76.0,6.86,3,0,0,10.385,7.547,7.321,60,900
97.09137500362117,76.0,6.86,2,0,0,7.006,5.591,4.53,60,900
97.0927654488775,76.0,6.86,3,0,0,10.385,7.547,7.321,60,900
97.09807670927526,76.0,6.86,2,0,0,7.006,5.591,4.53,60,900
97.12843067520558,76.0,6.86,3,0,0,10.385,7.547,7.321,60,900
97.3318581404913,76.0,6.86,2,0,0,7.006,5.591,4.53,60,900
97.34179543972613,76.0,6.86,1,0,0,3.311,2.988,2.048,60,900
97.41305174799658,76.0,6.86,2,0,0,7.006,5.591,4.53,60,900
97.4176499293613,76.0,6.86,1,0,0,3.311,2.988,2.048,60,900
97.45098794777698,76.0,6.86,2,0,0,7.006,5.591,4.53,60,900
97.4567003072086,76.0,6.86,3,0,0,10.385,7.547,7.321,60,900
97.65777039363407,76.0,6.86,2,0,0,7.006,5.591,4.53,60,900
97.6682602729129,76.0,6.86,1,0,0,3.311,2.988,2.048,60,900
97.7422797593078,76.0,6.86,0,0,0,0.0,0.0,0.0,60,900
97.78043377449119,76.0,6.86,1,0,0,3.311,2.988,2.048,60,900
97.8208749922284,76.0,6.86,2,0,0,7.006,5.591,4.53,60,900
97.86435655816831,76.0,6.86,3,0,0,10.385,7.547,7.321,60,900
97.99042972891971,78.1476097768305,6.86,2,0,0,7.006,5.591,4.53,60,900
98.0620993633712,78.8,6.86,1,0,0,3.311,2.988,2.048,60,900
98.07410321688042,78.8,6.86,0,0,0,0.0,0.0,0.0,60,900
98.19985135955395,78.8,6.86,1,0,0,3.311,2.988,2.048,60,900
98.22035311022827,78.8,6.86,2,0,0,7.006,5.591,4.53,60,900
98.2874601263482,78.8,6.86,3,0,0,10.385,7.547,7.321,60,900
98.46637126618747,78.8,6.86,2,0,0,7.006,5.591,4.53,60,900
98.48834671667902,78.8,6.86,3,1,0,17.589,12.354,12.134,61,900
98.599346716679,78.8,6.86,3,0,0,10.385,7.547,7.321,61,900
98.64162256379547,78.8,6.86,2,0,0,7.006,5.591,4.53,61,900
98.71320222656583,78.8,6.86,3,0,0,10.385,7.547,7.321,61,900
98.75916115943848,78.8,6.86,2,0,0,7.006,5.591,4.53,61,900
98.9785473567159,78.8,1.54,1,0,0,3.311,2.988,2.048,61,900
99.0109739928405,78.8,1.54,0,0,0,0.0,0.0,0.0,61,900
99.18361978901602,78.8,1.54,1,1,0,9.246,7.695,5.518,62,900
99.1943360680858,78.8,1.54,1,0,0,3.311,2.988,2.048,62,900
99.25751686808582,78.8,1.54,0,0,0,0.0,0.0,0.0,62,900
99.33852381536487,78.8,1.54,1,0,0,3.311,2.988,2.048,62,900
99.43900114273696,78.8,1.54,0,0,0,0.0,0.0,0.0,62,900
99.52210918557414,78.8,1.54,1,0,0,3.311,2.988,2.048,62,900
99.65609112950435,78.8,1.54,0,0,0,0.0,0.0,0.0,62,900
99.7418378809927,78.8,1.54,1,0,0,3.311,2.988,2.048,62,900
99.87822778157413,78.8,1.54,0,0,0,0.0,0.0,0.0,62,900
99.96629909871366,78.8,1.54,1,0,0,3.311,2.988,2.048,62,900
100.10504556394623,78.8,1.54,0,0,0,0.0,0.0,0.0,62,900
100.19585590773691,78.8,1.54,1,0,0,3.311,2.988,2.048,62,900
100.33708085762062,78.8,1.54,0,0,0,0.0,0.0,0.0,62,900
100.41754432685954,78.8,1.54,1,1,0,9.246,7.695,5.518,63,900
100.43045733706246,78.8,1.54,2,1,0,13.279,10.07,9.16,63,900
100.52354432685954,78.8,1.54,2,0,0,7.006,5.591,4.53,63,900
100.57428150759735,78.8,1.54,1,0,0,3.311,2.988,2.048,63,900
100.65577914285953,78.8,1.54,0,0,0,0.0,0.0,0.0,63,900
100.67020661369035,78.8,1.54,1,0,0,3.311,2.988,2.048,63,900
100.81660120487643,78.8,1.54,0,0,0,0.0,0.0,0.0,63,900
100.91489887862062,78.8,2.3274774552514645,1,0,0,3.311,2.988,2.048,63,900
101.06344507445782,78.8,42.7,0,0,0,0.0,0.0,0.0,63,900
101.17904548845782,78.8,42.7,1,0,0,3.311,2.988,2.048,63,900
101.38157512045781,70.9572588680131,42.7,0,0,0,0.0,0.0,0.0,63,900
101.51717401234846,67.3,42.7,1,0,0,3.311,2.988,2.048,63,900
101.7407473806236,67.3,42.7,0,0,0,0.0,0.0,0.0,63,900
101.8804841505901,67.3,42.7,1,0,0,3.311,2.988,2.048,63,900
102.10872745794106,67.3,42.7,0,0,0,0.0,0.0,0.0,63,900
102.25314306298341,67.3,42.7,1,0,0,3.311,2.988,2.048,63,900
102.48514491741027,67.3,42.7,0,0,0,0.0,0.0,0.0,63,900
102.59034349601927,67.3,42.7,1,0,0,3.311,2.988,2.048,63,900
102.63391833252844,67.3,42.7,2,0,0,7.006,5.591,4.53,63,900
102.82489139672795,67.3,42.7,1,0,0,3.311,2.988,2.048,63,900
102.87059447803107,67.3,42.7,0,0,0,0.0,0.0,0.0,63,900
103.02955873203103,67.3,1.66,1,0,0,3.311,2.988,2.048,63,900
103.26926089099399,67.3,1.66,0,0,0,0.0,0.0,0.0,63,900
103.42745137764835,67.3,1.66,1,0,0,3.311,2.988,2.048,63,900
103.67001173168713,67.3,1.66,0,0,0,0.0,0.0,0.0,63,900
103.83252102241728,67.3,1.66,1,0,0,3.311,2.988,2.048,63,900
104.0820016515319,67.3,1.66,0,0,0,0.0,0.0,0.0,63,900
104.24906596933789,67.3,1.66,1,0,0,3.311,2.988,2.048,63,900
104.50408552952835,67.3,1.66,0,0,0,0.0,0.0,0.0,63,900
107.10700309910372,62.9,1.68,1,1,0,9.246,7.695,5.518,64,900
107.12013130423193,62.9,1.68,1,0,0,3.311,2.988,2.048,64,900
107.18331210423193,62.9,1.68,0,0,0,0.0,0.0,0.0,64,900
107.24286423279521,62.9,1.68,0,0,1,0.528,0.57,0.438,64,900
107.27143650479523,62.9,1.68,0,0,0,0.0,0.0,0.0,64,900
107.27291665781031,62.9,1.68,1,0,0,3.311,2.988,2.048,64,900
107.41300400008376,62.9,1.68,0,0,0,0.0,0.0,0.0,64,900
107.50562637852816,62.9,1.68,1,0,0,3.311,2.988,2.048,64,900
107.56338902571551,62.9,1.68,1,0,1,3.994,3.474,2.656,64,900
107.59195129771554,62.9,1.68,1,0,0,3.311,2.988,2.048,64,900
107.64953458566778,62.9,1.68,0,0,0,0.0,0.0,0.0,64,900
107.74519053197831,62.9,1.68,1,0,0,3.311,2.988,2.048,64,900
107.89193432398399,62.9,1.68,0,0,0,0.0,0.0,0.0,64,900
108.04141239749072,62.9,1.68,1,0,0,3.311,2.988,2.048,64,900
108.24221300246631,66.8,1.68,0,0,0,0.0,0.0,0.0,64,900
108.32241543663348,66.8,1.68,1,1,0,9.246,7.695,5.518,65,900
108.33600835698746,66.8,1.68,1,0,0,3.311,2.988,2.048,65,900
108.39764409225495,66.8,1.68,2,0,0,7.006,5.591,4.53,65,900
108.42681917849043,66.8,1.68,3,1,0,17.589,12.354,12.134,66,900
108.4306124209875,66.8,1.68,2,1,0,13.279,10.07,9.16,66,900
108.44411917849045,66.8,1.68,2,0,0,7.006,5.591,4.53,66,900
108.52233439144771,66.8,1.68,3,0,0,10.385,7.547,7.321,66,900
108.53507468443813,66.8,1.68,3,1,0,17.589,12.354,12.134,67,900
108.58657468443812,66.8,1.68,3,0,0,10.385,7.547,7.321,67,900
108.60403627351243,66.8,1.68,2,0,0,7.006,5.591,4.53,67,900
108.6283064951223,66.8,1.68,3,0,0,10.385,7.547,7.321,67,900
108.66441753236214,66.8,1.68,2,0,0,7.006,5.591,4.53,67,900
108.68117874843811,66.8,1.68,1,0,0,3.311,2.988,2.048,67,900
108.74767212807267,66.8,1.68,2,1,0,13.279,10.07,9.16,68,900
108.75928711900227,66.8,1.68,3,1,0,17.589,12.354,12.134,68,900
108.76087556646807,66.8,1.68,3,0,0,10.385,7.547,7.321,68,900
108.87651751784014,66.8,1.68,3,1,0,17.589,12.354,12.134,69,900
108.93081751784014,66.8,7.0927545769379865,3,0,0,10.385,7.547,7.321,69,900
109.06305233384016,66.8,33.4,2,0,0,7.006,5.591,4.53,69,900
109.10025787173306,66.8,33.4,3,0,0,10.385,7.547,7.321,69,900
109.41080284183526,66.8,33.4,2,0,0,7.006,5.591,4.53,69,900
109.49784213139026,66.8,33.4,1,0,0,3.311,2.988,2.048,69,900
109.50013466942386,66.8,33.4,2,0,0,7.006,5.591,4.53,69,900
109.51165272037267,66.8,33.4,3,0,0,10.385,7.547,7.321,69,900
109.75510034294516,66.8,33.4,2,0,0,7.006,5.591,4.53,69,900
109.76954514443217,66.8,33.4,3,0,0,10.385,7.547,7.321,69,900
109.78358987657411,66.8,33.4,2,0,0,7.006,5.591,4.53,69,900
109.78587251546101,66.8,33.4,3,0,0,10.385,7.547,7.321,69,900
109.83670811297043,66.8,33.4,2,0,0,7.006,5.591,4.53,69,900
109.86154241359255,66.8,33.4,3,0,0,10.385,7.547,7.321,69,900
109.98466174722171,66.8,33.4,2,0,0,7.006,5.591,4.53,69,900
110.01759901882404,66.8,33.4,3,0,0,10.385,7.547,7.321,69,900
110.05639408883528,66.8,33.4,2,0,0,7.006,5.591,4.53,69,900
110.09882626433213,66.8,33.4,3,0,0,10.385,7.547,7.321,69,900
110.3006359369838,66.8,33.4,2,0,0,7.006,5.591,4.53,69,900
110.30108751592107,66.8,33.4,1,0,0,3.311,2.988,2.048,69,900
110.34238105531307,66.8,33.4,2,0,0,7.006,5.591,4.53,69,900
110.36452917125145,66.8,33.4,1,0,0,3.311,2.988,2.048,69,900
110.40934103570012,66.8,33.4,2,0,0,7.006,5.591,4.53,69,900
110.41929922185972,66.8,33.4,3,0,0,10.385,7.547,7.321,69,900
110.62468353327688,66.8,33.4,2,0,0,7.006,5.591,4.53,69,900
110.65847117865827,66.8,33.4,3,0,0,10.385,7.547,7.321,69,900
110.67939122419361,66.8,33.4,2,0,0,7.006,5.591,4.53,69,900
110.71774466176024,66.8,33.4,3,0,0,10.385,7.547,7.321,69,900
110.91703701610406,66.8,33.4,2,0,0,7.006,5.591,4.53,69,900
110.94451440517898,66.8,33.4,3,0,0,10.385,7.547,7.321,69,900
110.9566055112891,66.8,33.4,2,0,0,7.006,5.591,4.53,69,900
110.98112277119395,66.8,33.4,3,0,0,10.385,7.547,7.321,69,900
111.00213595966179,66.8,33.4,2,0,0,7.006,5.591,4.53,69,900
111.03281238060264,66.8,30.954810436549568,3,0,0,10.385,7.547,7.321,69,900
111.23644978883759,66.8,20.8,2,0,0,7.006,5.591,4.53,69,900
111.29584109595778,66.8,20.8,1,0,0,3.311,2.988,2.048,69,900
111.30722916597851,66.8,20.8,2,0,0,7.006,5.591,4.53,69,900
111.33175102365597,66.8,20.8,1,0,0,3.311,2.988,2.048,69,900
111.35579849322723,66.8,20.8,2,0,0,7.006,5.591,4.53,69,900
111.45628554311838,66.8,20.8,3,0,0,10.385,7.547,7.321,69,900
111.66839830617617,69.2,20.8,2,0,0,7.006,5.591,4.53,69,900
111.68569362663408,69.2,20.8,3,0,0,10.385,7.547,7.321,69,900
111.80822486499693,69.2,20.8,2,0,0,7.006,5.591,4.53,69,900
111.83953644500278,69.2,20.8,1,0,0,3.311,2.988,2.048,69,900
111.85276560538108,69.2,20.8,2,0,0,7.006,5.591,4.53,69,900
111.88186208640163,69.2,20.8,3,0,0,10.385,7.547,7.321,69,900
111.8959199906513,69.2,20.8,2,0,0,7.006,5.591,4.53,69,900
112.06725143920869,69.2,20.8,3,0,0,10.385,7.547,7.321,69,900
112.11825175306818,69.2,20.8,2,0,0,7.006,5.591,4.53,69,900
112.14202543341317,69.2,20.8,1,0,0,3.311,2.988,2.048,69,900
112.19318975182321,69.2,20.8,2,0,0,7.006,5.591,4.53,69,900
112.3270402754965,69.2,20.8,1,0,0,3.311,2.988,2.048,69,900
112.45620198886796,69.2,20.8,0,0,0,0.0,0.0,0.0,69,900
112.66292183124528,69.2,20.8,0,1,0,4.554,4.957,2.003,70,900
112.74048785878846,69.2,20.8,1,1,0,9.246,7.695,5.518,70,900
112.83007760924528,69.2,20.8,1,0,0,3.311,2.988,2.048,70,900
113.02902672099695,69.2,17.846387398611725,2,1,0,13.279,10.07,9.16,71,900
113.04523268194245,69.2,14.763160342756471,2,0,0,7.006,5.591,4.53,71,900
113.07703918114717,69.2,8.711889503018236,1,0,0,3.311,2.988,2.048,71,900
113.10841348194245,69.2,2.742845557083747,0,0,0,0.0,0.0,0.0,71,900
113.18474294049346,69.2,1.7,1,0,0,3.311,2.988,2.048,71,900
113.28049828459548,69.2,1.7,0,0,0,0.0,0.0,0.0,71,900
113.3586618714526,69.2,1.7,1,0,0,3.311,2.988,2.048,71,900
113.45658417686077,69.2,1.7,0,0,0,0.0,0.0,0.0,71,900
113.536688263024,69.2,1.7,1,0,0,3.311,2.988,2.048,71,900
113.63623839373832,69.2,1.7,0,0,0,0.0,0.0,0.0,71,900
113.71820694420768,69.2,1.7,1,0,0,3.311,2.988,2.048,71,900
113.85155018022805,69.2,1.7,0,0,0,0.0,0.0,0.0,71,900
113.9358471295546,69.2,1.7,1,0,0,3.311,2.988,2.048,71,900
114.07044663643217,69.2,1.7,0,0,0,0.0,0.0,0.0,71,900
114.15674993661581,69.2,1.7,1,0,0,3.311,2.988,2.048,71,900
114.29344971435049,69.2,1.7,0,0,0,0.0,0.0,0.0,71,900
114.38209593939126,69.2,1.7,1,0,0,3.311,2.988,2.048,71,900
114.51241380085892,69.2,1.7,1,1,0,9.246,7.695,5.518,72,900
114.52165985998309,69.2,1.7,0,1,0,4.554,4.957,2.003,72,900
114.61255490288106,69.2,1.7,1,1,0,9.246,7.695,5.518,72,900
114.75447839033006,69.2,1.7,0,1,0,4.554,4.957,2.003,72,900
114.76056957885896,69.2,1.7,0,0,0,0.0,0.0,0.0,72,900
114.84766653508515,69.80993587480093,1.7,1,0,0,3.311,2.988,2.048,72,900
114.99091861339126,71.0,1.7,0,0,0,0.0,0.0,0.0,72,900
115.08630811900349,71.0,1.9043940537876003,1,0,0,3.311,2.988,2.048,72,900
115.233112290057,71.0,1.98,0,0,0,0.0,0.0,0.0,72,900
115.34795133499534,71.0,1.98,1,0,0,3.311,2.988,2.048,72,900
115.513470592738,71.0,1.98,0,0,0,0.0,0.0,0.0,72,900
115.63120306230638,71.0,1.98,1,0,0,3.311,2.988,2.048,72,900
115.79919168167902,71.0,1.98,0,0,0,0.0,0.0,0.0,72,900
115.9199730348774,71.0,1.98,1,0,0,3.311,2.988,2.048,72,900
116.09133869588007,71.0,1.98,0,0,0,0.0,0.0,0.0,72,900
116.21482300870849,71.0,1.98,1,0,0,3.311,2.988,2.048,72,900
116.38861249534123,71.0,1.98,0,0,0,0.0,0.0,0.0,72,900
116.47019809434124,71.0,1.98,1,0,0,3.311,2.988,2.048,72,900
116.68548225460395,71.0,1.98,0,0,0,0.0,0.0,0.0,72,900
116.81565097749672,71.0,1.98,1,0,0,3.311,2.988,2.048,72,900
117.03063997619377,71.0,2.0303686717703813,0,0,0,0.0,0.0,0.0,72,900
117.16419881552086,71.0,2.28,1,0,0,3.311,2.988,2.048,72,900
117.38551409265223,71.0,2.28,0,0,0,0.0,0.0,0.0,72,900
117.5223059634136,71.0,2.28,1,0,0,3.311,2.988,2.048,72,900
117.74686009497923,71.0,2.28,0,0,0,0.0,0.0,0.0,72,900
117.88694503017494,71.0,2.28,1,0,0,3.311,2.988,2.048,72,900
118.11538518417491,70.95243860404665,2.28,0,0,0,0.0,0.0,0.0,72,900
118.25892429980497,68.7,2.28,1,0,0,3.311,2.988,2.048,72,900
118.49019220423928,68.7,2.28,0,0,0,0.0,0.0,0.0,72,900
118.63962086123325,68.7,2.28,1,0,0,3.311,2.988,2.048,72,900
118.9095773370966,68.7,2.28,0,0,0,0.0,0.0,0.0,72,900
119.09649629147786,68.7,1.8567909863368466,1,0,0,3.311,2.988,2.048,72,900
119.37088520221883,68.7,1.77,0,0,0,0.0,0.0,0.0,72,900
120.53567811400251,68.7,1.77,0,0,1,0.528,0.57,0.438,72,900
120.56397038600252,68.7,1.77,0,0,0,0.0,0.0,0.0,72,900
120.70293342206794,68.7,1.77,0,0,1,0.528,0.57,0.438,72,900
120.75921569406792,68.7,1.77,0,0,0,0.0,0.0,0.0,72,900
121.079143657868,68.7,17.159381845071994,0,0,1,0.528,0.57,0.438,72,900
121.10740592986801,68.7,23.796046551403844,0,0,0,0.0,0.0,0.0,72,900
121.71149655697239,71.8,25.1,1,1,0,9.246,7.695,5.518,73,900
121.7264965569724,71.8,25.1,1,0,0,3.311,2.988,2.048,73,900
121.78967735697243,71.8,25.1,0,0,0,0.0,0.0,0.0,73,900
121.87319306885848,71.8,25.1,1,0,0,3.311,2.988,2.048,73,900
121.91773895841355,71.8,25.1,2,1,0,13.279,10.07,9.16,74,900
121.91789729406857,71.8,25.1,3,2,0,24.826,17.679,18.858,75,900
121.93111967570415,71.8,25.1,3,1,0,17.589,12.354,12.134,75,900
121.93172378390673,71.8,25.1,3,0,0,10.385,7.547,7.321,75,900
121.97620302542356,71.8,25.1,2,0,0,7.006,5.591,4.53,75,900
121.99430047570416,71.8,25.1,1,0,0,3.311,2.988,2.048,75,900
122.02632784790674,71.8,25.1,0,0,0,0.0,0.0,0.0,75,900
122.0619630203839,71.8,25.1,1,0,0,3.311,2.988,2.048,75,900
122.08424073299541,71.8,25.1,2,0,0,7.006,5.591,4.53,75,900
122.10282380049685,71.8,25.1,3,1,0,17.589,12.354,12.134,76,900
122.11717894068376,71.8,25.1,3,0,0,10.385,7.547,7.321,76,900
122.21178300468374,71.8,25.1,2,0,0,7.006,5.591,4.53,76,900
122.22466697235835,71.8,25.1,1,0,0,3.311,2.988,2.048,76,900
122.2629668138187,71.8,25.1,0,0,0,0.0,0.0,0.0,76,900
122.26553341966584,71.8,25.1,1,1,0,9.246,7.695,5.518,77,900
122.28718653673702,71.8,25.1,2,1,0,13.279,10.07,9.16,77,900
122.29683341966584,71.8,25.1,2,0,0,7.006,5.591,4.53,77,900
122.30624784690804,71.8,25.1,3,0,0,10.385,7.547,7.321,77,900
122.45109970525696,71.8,25.1,2,0,0,7.006,5.591,4.53,77,900
122.46191686601689,71.8,25.1,1,0,0,3.311,2.988,2.048,77,900
122.48062821186166,71.8,25.1,2,0,0,7.006,5.591,4.53,77,900
122.50674670546817,71.8,25.1,1,0,0,3.311,2.988,2.048,77,900
122.51747667959702,71.8,25.1,2,0,0,7.006,5.591,4.53,77,900
122.54889308335355,71.8,25.1,3,0,0,10.385,7.547,7.321,77,900
122.69773312657472,71.8,25.1,2,0,0,7.006,5.591,4.53,77,900
122.70496270944338,71.8,25.1,1,0,0,3.311,2.988,2.048,77,900
122.71232764274978,71.8,25.1,2,0,0,7.006,5.591,4.53,77,900
122.75319651796381,71.8,25.1,3,0,0,10.385,7.547,7.321,77,900
122.85317270614753,71.8,25.1,3,1,0,17.589,12.354,12.134,78,900
122.91607270614753,71.8,25.1,3,0,0,10.385,7.547,7.321,78,900
123.14146327649046,71.8,1.87,2,0,0,7.006,5.591,4.53,78,900
123.19545738688268,71.8,1.87,3,0,0,10.385,7.547,7.321,78,900
123.20862788487197,71.8,1.87,2,0,0,7.006,5.591,4.53,78,900
123.24087559521787,71.8,1.87,3,0,0,10.385,7.547,7.321,78,900
123.3907812636243,71.8,1.87,2,0,0,7.006,5.591,4.53,78,900
123.39546723765575,71.8,1.87,3,0,0,10.385,7.547,7.321,78,900
123.47017062358624,71.8,1.87,2,0,0,7.006,5.591,4.53,78,900
123.49273320210509,71.8,1.87,3,0,0,10.385,7.547,7.321,78,900
123.64495752726492,71.8,1.87,2,0,0,7.006,5.591,4.53,78,900
123.70232643649103,71.8,1.87,3,0,0,10.385,7.547,7.321,78,900
123.94188735641241,71.8,1.87,2,0,0,7.006,5.591,4.53,78,900
124.00298024891065,71.8,1.87,3,0,0,10.385,7.547,7.321,78,900
124.1989014903372,71.8,1.87,2,0,0,7.006,5.591,4.53,78,900
124.20088698454732,71.8,1.87,3,0,0,10.385,7.547,7.321,78,900
124.24578106842478,71.8,1.87,2,0,0,7.006,5.591,4.53,78,900
124.3104775653232,71.8,1.87,3,0,0,10.385,7.547,7.321,78,900
124.50918401424633,71.8,1.87,2,0,0,7.006,5.591,4.53,78,900
124.52159808729556,71.8,1.87,3,0,0,10.385,7.547,7.321,78,900
124.55601209685516,71.8,1.87,2,0,0,7.006,5.591,4.53,78,900
124.62408888172887,71.8,1.87,3,0,0,10.385,7.547,7.321,78,900
124.82711679414841,71.8,1.87,2,0,0,7.006,5.591,4.53,78,900
124.8533656891577,71.8,1.87,3,0,0,10.385,7.547,7.321,78,900
124.87175384304439,71.8,1.87,2,0,0,7.006,5.591,4.53,78,900
124.89001476533417,71.8,1.87,1,0,0,3.311,2.988,2.048,78,900
124.94540862812744,70.31439918331996,1.87,2,0,0,7.006,5.591,4.53,78,900
125.01674550819406,67.1,1.8712715966110192,3,0,0,10.385,7.547,7.321,78,900
125.15168747604355,67.1,1.91,2,0,0,7.006,5.591,4.53,78,900
125.24962021992876,67.1,1.91,1,0,0,3.311,2.988,2.048,78,900
125.27359085451906,67.1,1.91,2,0,0,7.006,5.591,4.53,78,900
125.36039204101488,67.1,1.91,3,0,0,10.385,7.547,7.321,78,900
125.46702534086576,67.1,1.91,3,0,1,11.271,8.091,7.803,78,900
125.48305794993172,67.1,1.91,2,0,1,7.412,5.635,5.165,78,900
125.49107339664815,67.1,1.91,3,0,1,11.271,8.091,7.803,78,900
125.5371436448658,67.1,1.91,3,0,0,10.385,7.547,7.321,78,900
125.5864527968658,67.1,1.91,3,0,1,11.271,8.091,7.803,78,900
125.61170804492886,67.1,1.91,2,0,1,7.412,5.635,5.165,78,900
125.61956382630066,67.1,1.91,1,0,1,3.994,3.474,2.656,78,900
125.65511026886578,67.1,1.91,1,0,0,3.311,2.988,2.048,78,900
125.65728354827367,67.1,1.91,2,0,0,7.006,5.591,4.53,78,900
125.69377437590379,67.1,1.91,3,0,0,10.385,7.547,7.321,78,900
125.75086223293597,67.1,1.91,2,0,0,7.006,5.591,4.53,78,900
125.76578215702412,67.1,1.91,3,0,0,10.385,7.547,7.321,78,900
125.92165352078885,67.1,1.91,2,0,0,7.006,5.591,4.53,78,900
125.95559884436328,67.1,1.91,1,0,0,3.311,2.988,2.048,78,900
126.00420645270441,67.1,1.91,0,0,0,0.0,0.0,0.0,78,900
126.7011968928659,67.1,1.91,1,1,0,9.246,7.695,5.518,79,900
126.73849689286588,67.1,1.91,1,0,0,3.311,2.988,2.048,79,900
126.76638548239777,67.1,1.91,2,0,0,7.006,5.591,4.53,79,900
126.83310095686588,67.1,1.91,1,0,0,3.311,2.988,2.048,79,900
126.83776836424592,67.1,1.91,2,1,0,13.279,10.07,9.16,80,900
126.85499453247022,67.1,1.91,2,0,0,7.006,5.591,4.53,80,900
126.9353421846293,67.1,1.91,3,0,0,10.385,7.547,7.321,80,900
126.9495985964702,67.1,1.91,2,0,0,7.006,5.591,4.53,80,900
127.0308934947862,67.1,1.91,1,0,0,3.311,2.988,2.048,80,900
127.04384490043464,67.1,1.91,2,0,0,7.006,5.591,4.53,80,900
127.08804370423499,67.1,1.91,1,0,0,3.311,2.988,2.048,80,900
127.17882096742959,67.1,1.6365527732644847,0,0,0,0.0,0.0,0.0,80,900
127.19412639789451,67.1,1.5680806637084947,1,0,0,3.311,2.988,2.048,80,900
127.26618541766697,67.1,1.48,2,0,0,7.006,5.591,4.53,80,900
127.38853732039632,67.1,1.48,1,0,0,3.311,2.988,2.048,80,900
127.44171263161142,67.1,1.48,0,0,0,0.0,0.0,0.0,80,900
127.49915290879417,67.1,1.48,1,0,0,3.311,2.988,2.048,80,900
127.53228625550537,67.1,1.48,2,0,0,7.006,5.591,4.53,80,900
127.69782639003428,67.1,1.48,1,0,0,3.311,2.988,2.048,80,900
127.71075230710635,67.1,1.48,0,0,0,0.0,0.0,0.0,80,900
127.80441344265684,67.1,1.48,1,0,0,3.311,2.988,2.048,80,900
127.81285321117048,67.1,1.48,2,0,0,7.006,5.591,4.53,80,900
127.98557967591435,67.1,1.48,1,0,0,3.311,2.988,2.048,80,900
128.0155505951489,67.1,1.48,0,0,0,0.0,0.0,0.0,80,900
128.08226240012146,67.1,1.48,1,0,0,3.311,2.988,2.048,80,900
128.13492272602346,67.1,1.48,2,0,0,7.006,5.591,4.53,80,900
128.26651483103564,67.1,1.48,1,0,0,3.311,2.988,2.048,80,900
128.34203002874045,68.43449885137774,1.48,0,0,0,0.0,0.0,0.0,80,900
128.46612010835338,71.8,1.48,1,0,0,3.311,2.988,2.048,80,900
128.67845476980855,71.8,1.48,0,0,0,0.0,0.0,0.0,80,900
128.76826033385976,71.8,1.48,0,1,0,4.554,4.957,2.003,81,900
128.873268460853,71.8,1.48,0,0,0,0.0,0.0,0.0,81,900
130.33342391389942,71.8,1.83,1,0,0,3.311,2.988,2.048,81,900
130.43175333015984,71.8,1.83,2,0,0,7.006,5.591,4.53,81,900
130.59858143564225,71.8,1.83,1,0,0,3.311,2.988,2.048,81,900
130.7090288367134,71.8,1.83,0,0,0,0.0,0.0,0.0,81,900
133.67260933147992,69.6,1.76,1,0,0,3.311,2.988,2.048,81,900
133.9965242295993,69.6,1.76,0,0,0,0.0,0.0,0.0,81,900
134.24430549530058,69.6,1.76,0,0,1,0.528,0.57,0.438,81,900
134.27274776730056,69.6,1.76,0,0,0,0.0,0.0,0.0,81,900
134.33573390193587,69.6,1.76,0,0,1,0.528,0.57,0.438,81,900
134.42421617393583,69.6,1.76,0,0,0,0.0,0.0,0.0,81,900
134.50653518978868,69.6,1.76,0,0,1,0.528,0.57,0.438,81,900
134.5615174617887,69.6,1.76,0,0,0,0.0,0.0,0.0,81,900
135.18995608559922,65.68744843529866,1.9211050644288783,1,1,0,9.246,7.695,5.518,82,900
135.2652560855992,64.5,1.97,1,0,0,3.311,2.988,2.048,82,900
135.3974909015993,64.5,1.97,0,0,0,0.0,0.0,0.0,82,900
135.4290519384685,64.5,1.97,1,1,0,9.246,7.695,5.518,83,900
135.44925193846845,64.5,1.97,1,0,0,3.311,2.988,2.048,83,900
135.51243273846845,64.5,1.97,0,0,0,0.0,0.0,0.0,83,900
135.51551035659926,64.5,1.97,1,0,0,3.311,2.988,2.048,83,900
135.60319867986985,64.5,1.97,2,0,0,7.006,5.591,4.53,83,900
135.6150977739358,64.5,1.97,3,1,0,17.589,12.354,12.134,84,900
135.6273530930847,64.5,1.97,3,0,0,10.385,7.547,7.321,84,900
135.69053389308473,64.5,1.97,2,0,0,7.006,5.591,4.53,84,900
135.71889906178865,64.5,1.97,3,1,0,17.589,12.354,12.134,85,900
135.7206974605992,64.5,1.97,2,1,0,13.279,10.07,9.16,85,900
135.7444584576509,64.5,1.97,1,1,0,9.246,7.695,5.518,85,900
135.74719906178868,64.5,1.97,1,0,0,3.311,2.988,2.048,85,900
135.74904236936314,64.5,1.97,2,1,0,13.279,10.07,9.16,86,900
135.77702693751561,64.5,1.97,3,1,0,17.589,12.354,12.134,86,900
135.80054236936314,64.5,1.97,3,0,0,10.385,7.547,7.321,86,900
135.81037986178868,64.5,1.97,2,0,0,7.006,5.591,4.53,86,900
135.83831955770927,64.5,1.97,3,0,0,10.385,7.547,7.321,86,900
135.89514643336312,64.5,1.97,2,0,0,7.006,5.591,4.53,86,900
135.89698940112203,64.5,1.97,3,0,0,10.385,7.547,7.321,86,900
136.04429551059923,64.5,1.97,2,0,0,7.006,5.591,4.53,86,900
136.08044953586256,64.5,1.97,3,0,0,10.385,7.547,7.321,86,900
136.13366153736308,64.5,1.97,2,0,0,7.006,5.591,4.53,86,900
136.16230226259916,64.5,1.97,3,0,0,10.385,7.547,7.321,86,900
136.37267872036313,64.5,1.97,2,0,0,7.006,5.591,4.53,86,900
136.46414076970964,64.5,1.97,3,0,0,10.385,7.547,7.321,86,900
136.46689140512203,64.5,1.97,2,0,0,7.006,5.591,4.53,86,900
136.46875054699203,64.5,1.97,3,0,0,10.385,7.547,7.321,86,900
136.4771752647799,64.5,1.97,2,0,0,7.006,5.591,4.53,86,900
136.48678699959925,64.5,1.97,3,0,0,10.385,7.547,7.321,86,900
136.69195563959917,64.5,1.97,2,0,0,7.006,5.591,4.53,86,900
136.70709944912196,64.5,1.97,1,0,0,3.311,2.988,2.048,86,900
136.71469255973702,64.5,1.97,2,0,0,7.006,5.591,4.53,86,900
136.7275515537476,64.5,1.97,3,0,0,10.385,7.547,7.321,86,900
136.7324904854513,64.5,1.97,2,0,0,7.006,5.591,4.53,86,900
136.8049513384553,64.5,1.97,3,0,0,10.385,7.547,7.321,86,900
136.86023701978596,64.5,1.97,3,1,0,17.589,12.354,12.134,87,900
136.88649343004238,64.5,1.97,3,0,0,10.385,7.547,7.321,87,900
137.01872824604234,64.5,1.97,2,0,0,7.006,5.591,4.53,87,900
137.05406221545528,64.5,1.97,3,0,0,10.385,7.547,7.321,87,900
137.20535428812198,64.5,1.97,2,0,0,7.006,5.591,4.53,87,900
137.2245619287852,64.5,1.942817105548109,3,0,0,10.385,7.547,7.321,87,900
137.46330261912192,64.5,1.73,2,0,0,7.006,5.591,4.53,87,900
137.5268384766492,64.5,1.73,3,0,0,10.385,7.547,7.321,87,900
137.72359615810535,64.5,1.73,2,0,0,7.006,5.591,4.53,87,900
137.72652124645535,64.5,1.73,1,0,0,3.311,2.988,2.048,87,900
137.72724444708692,64.5,1.73,2,0,0,7.006,5.591,4.53,87,900
137.72791843564002,64.5,1.73,1,0,0,3.311,2.988,2.048,87,900
137.76124008022117,64.5,1.73,2,0,0,7.006,5.591,4.53,87,900
137.83604041045533,64.5,1.73,3,0,0,10.385,7.547,7.321,87,900
138.03290545912208,64.5,1.73,2,0,0,7.006,5.591,4.53,87,900
138.03563513643118,64.5,1.73,1,0,0,3.311,2.988,2.048,87,900
138.05044590263648,64.5,1.73,2,0,0,7.006,5.591,4.53,87,900
138.059294407273,64.5,1.73,1,0,0,3.311,2.988,2.048,87,900
138.09383587086757,64.5,1.73,2,0,0,7.006,5.591,4.53,87,900
138.14589494845538,64.5,1.73,3,0,0,10.385,7.547,7.321,87,900
138.3471333918499,64.5,1.73,2,0,0,7.006,5.591,4.53,87,900
138.3554135167314,64.5,1.73,1,0,0,3.311,2.988,2.048,87,900
138.3805666563337,64.5,1.73,2,0,0,7.006,5.591,4.53,87,900
138.39934986731095,64.5,1.73,1,0,0,3.311,2.988,2.048,87,900
138.46417661633643,66.93017318656092,1.73,2,0,0,7.006,5.591,4.53,87,900
138.47466993808837,67.42947353401814,1.73,3,0,0,10.385,7.547,7.321,87,900
138.66959752912015,69.3,1.73,2,0,0,7.006,5.591,4.53,87,900
138.68191894500615,69.3,1.73,1,0,0,3.311,2.988,2.048,87,900
138.7473061947539,69.3,1.73,0,0,0,0.0,0.0,0.0,87,900
138.79028879598494,69.3,1.73,1,0,0,3.311,2.988,2.048,87,900
138.80483148385028,69.3,1.73,2,0,0,7.006,5.591,4.53,87,900
138.88128479216525,69.3,1.73,3,0,0,10.385,7.547,7.321,87,900
139.10279295460202,69.3,1.73,2,0,0,7.006,5.591,4.53,87,900
139.12245574739043,69.3,1.73,3,0,0,10.385,7.547,7.321,87,900
139.147839632711,69.3,1.73,2,0,0,7.006,5.591,4.53,87,900
139.22708347058688,69.3,1.763797975613177,3,0,0,10.385,7.547,7.321,87,900
139.23667842361684,69.3,1.7878307616202602,2,0,0,7.006,5.591,4.53,87,900
139.24067588721596,69.3,1.7978433366631887,3,0,0,10.385,7.547,7.321,87,900
139.33424791293095,69.3,1.98,2,0,0,7.006,5.591,4.53,87,900
139.4664048658551,69.3,1.98,1,0,0,3.311,2.988,2.048,87,900
139.4876245896637,69.3,1.98,0,0,0,0.0,0.0,0.0,87,900
139.5632275589309,69.3,1.98,1,0,0,3.311,2.988,2.048,87,900
139.68618451185515,69.3,1.98,2,0,0,7.006,5.591,4.53,87,900
139.77552646674172,69.3,1.98,1,0,0,3.311,2.988,2.048,87,900
139.90581433356192,69.3,1.98,0,0,0,0.0,0.0,0.0,87,900
140.4073249606418,69.3,1.98,1,1,0,9.246,7.695,5.518,88,900
140.4570249606418,69.3,1.98,1,0,0,3.311,2.988,2.048,88,900
140.48515236171298,69.3,1.98,2,1,0,13.279,10.07,9.16,89,900
140.494368361713,69.3,1.98,2,0,0,7.006,5.591,4.53,89,900
140.55162902464178,69.3,1.98,1,0,0,3.311,2.988,2.048,89,900
140.55754916171298,69.3,1.98,0,0,0,0.0,0.0,0.0,89,900
140.633208180213,69.3,1.98,1,0,0,3.311,2.988,2.048,89,900
140.65292685869468,69.3,1.98,2,0,0,7.006,5.591,4.53,89,900
140.72828670671296,69.3,1.98,1,0,0,3.311,2.988,2.048,89,900
140.8046760951321,69.3,1.98,0,0,0,0.0,0.0,0.0,89,900
140.80574158821298,69.3,1.98,1,0,0,3.311,2.988,2.048,89,900
140.90294881071296,69.3,1.98,0,0,0,0.0,0.0,0.0,89,900
140.90975316887634,69.3,1.98,1,0,0,3.311,2.988,2.048,89,900
140.98230592621294,69.3,1.98,2,0,0,7.006,5.591,4.53,89,900
141.0811027087129,69.3,1.98,1,0,0,3.311,2.988,2.048,89,900
141.10255079126694,69.3,1.98,0,0,0,0.0,0.0,0.0,89,900
141.16228602321294,69.3,1.98,1,0,0,3.311,2.988,2.048,89,900
141.19600347400993,69.3,1.98,2,0,0,7.006,5.591,4.53,89,900
141.29483764571296,69.3,24.432276747987135,1,0,0,3.311,2.988,2.048,89,900
141.37737235377972,69.3,29.5,0,0,0,0.0,0.0,0.0,89,900
141.378304716213,69.3,29.5,1,0,0,3.311,2.988,2.048,89,900
141.47410270273687,69.3,29.5,2,0,0,7.006,5.591,4.53,89,900
141.51206796671298,69.3,29.5,1,0,0,3.311,2.988,2.048,89,900
141.59749674521296,69.3,29.5,2,0,0,7.006,5.591,4.53,89,900
141.65836191872086,69.3,29.5,1,0,0,3.311,2.988,2.048,89,900
141.73331562371303,69.3,29.5,0,0,0,0.0,0.0,0.0,89,900
141.75830401089218,69.3,29.5,1,0,0,3.311,2.988,2.048,89,900
141.821042684213,69.4339967649033,29.5,2,0,0,7.006,5.591,4.53,89,900
141.9458395790903,71.1,29.5,1,0,0,3.311,2.988,2.048,89,900
141.95968106271297,71.1,29.5,0,0,0,0.0,0.0,0.0,89,900
142.0493660534758,71.1,29.5,1,0,0,3.311,2.988,2.048,89,900
142.04961229821296,71.1,29.5,2,0,0,7.006,5.591,4.53,89,900
142.190565600713,71.1,29.5,1,0,0,3.311,2.988,2.048,89,900
142.24099541388813,71.1,29.5,0,0,0,0.0,0.0,0.0,89,900
142.2830067044203,71.1,29.5,1,0,0,3.311,2.988,2.048,89,900
142.42824969623786,71.1,29.5,0,0,0,0.0,0.0,0.0,89,900
142.52570518515623,71.1,29.5,1,0,0,3.311,2.988,2.048,89,900
142.67391212525803,71.1,29.5,0,0,0,0.0,0.0,0.0,89,900
142.77368823246053,71.1,29.5,1,0,0,3.311,2.988,2.048,89,900
142.92405704084655,71.1,29.5,0,0,0,0.0,0.0,0.0,90,900
143.02611399133326,71.1,29.5,1,0,0,3.311,2.988,2.048,90,900
143.17833958000352,71.1,29.5,0,0,0,0.0,0.0,0.0,90,900
143.2828328327744,71.1,10.329744636511652,1,0,0,3.311,2.988,2.048,90,900
143.43782288172886,71.1,1.89,0,0,0,0.0,0.0,0.0,90,900
143.544406512784,71.1,1.89,1,0,0,3.311,2.988,2.048,90,900
143.70120780602252,71.1,1.89,0,0,0,0.0,0.0,0.0,90,900
143.74637340502258,71.1,1.89,1,0,0,3.311,2.988,2.048,90,900
143.90723525454536,71.1,1.89,0,0,0,0.0,0.0,0.0,90,900
143.97259680248783,71.1,1.89,1,0,0,3.311,2.988,2.048,90,900
144.01880569316893,71.1,1.89,2,0,0,7.006,5.591,4.53,90,900
144.21550464297596,71.1,1.89,1,0,0,3.311,2.988,2.048,90,900
144.22637207613175,71.1,1.89,0,0,0,0.0,0.0,0.0,90,900
144.32979336506708,71.1,1.89,1,0,0,3.311,2.988,2.048,90,900
144.53200874034175,71.1,1.89,0,0,0,0.0,0.0,0.0,90,900
144.64887737490065,71.1,1.89,1,0,0,3.311,2.988,2.048,90,900
144.85275112764302,71.1,1.89,0,0,0,0.0,0.0,0.0,90,900
144.97215151766946,71.1,1.89,1,0,0,3.311,2.988,2.048,90,900
145.1795653118794,67.74770629819147,1.89,0,0,0,0.0,0.0,0.0,90,900
145.30169370937358,66.0,1.7311603591536708,1,0,0,3.311,2.988,2.048,90,900
145.51134018505118,66.0,1.71,0,0,0,0.0,0.0,0.0,90,900
145.63614584101302,66.0,1.71,1,0,0,3.311,2.988,2.048,90,900
145.84586345482393,66.0,1.71,0,0,0,0.0,0.0,0.0,90,900
145.96901625518,66.0,1.71,1,0,0,3.311,2.988,2.048,90,900
146.1794948988541,66.0,1.71,0,0,0,0.0,0.0,0.0,90,900
146.30517255075355,66.0,1.71,1,0,0,3.311,2.988,2.048,90,900
146.51791882897078,66.0,1.71,0,0,0,0.0,0.0,0.0,90,900
148.11301173927424,66.0,1.98,0,0,1,0.528,0.57,0.438,90,900
148.14131401127426,66.0,1.98,0,0,0,0.0,0.0,0.0,90,900
148.92387315771066,68.9,1.98,1,1,0,9.246,7.695,5.518,91,900
148.936726714196,68.9,1.98,1,0,0,3.311,2.988,2.048,91,900
149.0126319486164,68.9,1.98,2,1,0,13.279,10.07,9.16,92,900
149.028549047062,68.9,1.98,2,0,0,7.006,5.591,4.53,92,900
149.03133077819592,68.9,1.98,1,0,0,3.311,2.988,2.048,92,900
149.12039212479002,68.9,1.98,2,0,0,7.006,5.591,4.53,92,900
149.12315311106195,68.9,1.98,1,0,0,3.311,2.988,2.048,92,900
149.16614341763318,68.9,1.98,2,1,0,13.279,10.07,9.16,93,900
149.22323870863713,68.9,1.9609903465781129,3,1,0,17.589,12.354,12.134,93,900
149.2412434176332,68.9,1.9250298498362137,3,0,0,10.385,7.547,7.321,93,900
149.25978957117775,68.9,1.887987935175312,2,0,0,7.006,5.591,4.53,93,900
149.26345811466334,68.9,1.8806608161374139,3,1,0,17.589,12.354,12.134,94,900
149.27550517348686,68.9,1.8565994319921992,3,0,0,10.385,7.547,7.321,94,900
149.2978587353536,68.9,1.8119530459349562,3,1,0,17.589,12.354,12.134,95,900
149.3114316366791,68.9,1.7848441227081144,3,0,0,10.385,7.547,7.321,95,900
149.37376428587368,68.9,1.78,2,0,0,7.006,5.591,4.53,95,900
149.40603570067907,68.9,1.78,1,0,0,3.311,2.988,2.048,95,900
149.42443664844112,68.9,1.78,2,0,0,7.006,5.591,4.53,95,900
149.47754916407922,68.9,1.78,3,0,0,10.385,7.547,7.321,95,900
149.69628479263326,68.9,1.78,2,0,0,7.006,5.591,4.53,95,900
149.73375970087042,68.9,1.78,3,0,0,10.385,7.547,7.321,95,900
149.7436892831205,68.9,1.78,2,0,0,7.006,5.591,4.53,95,900
149.7568668905523,68.9,1.78,1,0,0,3.311,2.988,2.048,95,900
149.7777972344437,68.9,1.78,2,0,0,7.006,5.591,4.53,95,900
149.8143108106332,68.9,1.78,3,0,0,10.385,7.547,7.321,95,900
150.01948284263324,68.9,1.78,2,0,0,7.006,5.591,4.53,95,900
150.0246055061205,68.9,1.78,1,0,0,3.311,2.988,2.048,95,900
150.0834269008203,68.9,1.78,2,0,0,7.006,5.591,4.53,95,900
150.08639410139193,68.9,1.78,3,0,0,10.385,7.547,7.321,95,900
150.12370546332713,68.9,1.78,2,0,0,7.006,5.591,4.53,95,900
150.1372895946333,68.9,1.78,3,0,0,10.385,7.547,7.321,95,900
150.3052732191205,68.9,1.78,2,0,0,7.006,5.591,4.53,95,900
150.32463714786604,68.9,1.78,3,0,0,10.385,7.547,7.321,95,900
150.3259868524671,68.9,1.78,2,0,0,7.006,5.591,4.53,95,900
150.3748899305468,68.9,1.78,1,0,0,3.311,2.988,2.048,95,900
150.40303518592393,68.9,1.78,2,0,0,7.006,5.591,4.53,95,900
150.42136501178112,68.9,1.78,3,0,0,10.385,7.547,7.321,95,900
150.6259347861639,68.9,1.78,2,0,0,7.006,5.591,4.53,95,900
150.63214814210176,68.9,1.78,1,0,0,3.311,2.988,2.048,95,900
150.72167102073539,68.9,1.78,0,0,0,0.0,0.0,0.0,95,900
150.72797695551762,68.9,1.78,1,0,0,3.311,2.988,2.048,95,900
150.72847914303966,68.9,1.78,2,0,0,7.006,5.591,4.53,95,900
150.73859021274913,68.9,1.78,3,0,0,10.385,7.547,7.321,95,900
150.86473772597927,68.9,1.78,3,1,0,17.589,12.354,12.134,96,900
150.93784568707403,68.9,1.78,2,1,0,13.279,10.07,9.16,96,900
150.95453172376102,68.9,1.78,1,1,0,9.246,7.695,5.518,96,900
150.9772235184019,68.9,1.78,0,1,0,4.554,4.957,2.003,96,900
151.03416981739875,68.9,1.78,1,1,0,9.246,7.695,5.518,96,900
151.04347491440214,68.9,1.78,2,1,0,13.279,10.07,9.16,96,900
151.0791340559757,68.9,1.78,3,1,0,17.589,12.354,12.134,96,900
151.11989350397923,68.9,1.78,3,0,0,10.385,7.547,7.321,96,900
151.23793193331687,68.9,1.78,2,0,0,7.006,5.591,4.53,96,900
151.24157697040786,68.9,1.78,1,0,0,3.311,2.988,2.048,96,900
151.29094966591236,68.9,1.78,0,0,0,0.0,0.0,0.0,96,900
151.34614288653253,68.9,12.588956689881213,1,0,0,3.311,2.988,2.048,96,900
151.3474078899061,68.9,13.013239587434349,2,0,0,7.006,5.591,4.53,96,900
151.35543554658125,68.9,15.705720497449665,3,0,0,10.385,7.547,7.321,96,900
151.54918920699208,68.9,35.2,2,0,0,7.006,5.591,4.53,96,900
151.55643902334998,68.9,35.2,1,0,0,3.311,2.988,2.048,96,900
151.63634432461777,68.9,35.2,0,0,0,0.0,0.0,0.0,96,900
151.65330747355202,68.9,35.2,1,0,0,3.311,2.988,2.048,96,900
151.66869063847952,68.9,35.2,2,0,0,7.006,5.591,4.53,96,900
151.67374260528635,68.9,35.2,3,0,0,10.385,7.547,7.321,96,900
151.87918375881816,68.96585745297799,35.2,2,0,0,7.006,5.591,4.53,96,900
151.96736781928405,69.0,35.2,3,0,0,10.385,7.547,7.321,96,900
151.98970334587733,69.0,35.2,2,0,0,7.006,5.591,4.53,96,900
151.99999052051757,69.0,35.2,3,0,0,10.385,7.547,7.321,96,900
152.12673755731217,69.0,35.2,3,0,1,11.271,8.091,7.803,96,900
152.17699582040743,69.0,35.2,3,0,0,10.385,7.547,7.321,96,900
152.20746003015526,69.0,35.2,3,0,1,11.271,8.091,7.803,96,900
152.20879882281247,69.0,35.2,2,0,1,7.412,5.635,5.165,96,900
152.21433328911667,69.0,35.2,1,0,1,3.994,3.474,2.656,96,900
152.2574417430119,69.0,35.2,1,0,0,3.311,2.988,2.048,96,900
152.28849454472865,69.0,35.2,2,0,0,7.006,5.591,4.53,96,900
152.35118861969113,69.0,35.2,1,0,0,3.311,2.988,2.048,96,900
152.494088382245,69.0,35.2,0,0,0,0.0,0.0,0.0,96,900
152.5775842240139,69.0,35.2,1,0,0,3.311,2.988,2.048,96,900
152.61545523288552,69.0,35.2,2,0,0,7.006,5.591,4.53,96,900
152.688033944739,69.0,35.2,3,0,0,10.385,7.547,7.321,96,900
152.8508845265032,69.0,35.2,2,0,0,7.006,5.591,4.53,96,900
152.8556490138963,69.0,35.2,3,0,0,10.385,7.547,7.321,96,900
152.9503823999984,69.0,35.2,2,0,0,7.006,5.591,4.53,96,900
153.0208686322867,69.0,35.2,1,0,0,3.311,2.988,2.048,96,900
153.03421400629753,69.0,35.2,2,0,0,7.006,5.591,4.53,96,900
153.1209941440465,69.0,35.2,1,0,0,3.311,2.988,2.048,96,900
153.25439564127691,69.0,35.2,0,0,0,0.0,0.0,0.0,96,900
153.28586770652123,69.0,35.2,1,1,0,9.246,7.695,5.518,97,900
153.29966770652126,69.0,35.2,1,0,0,3.311,2.988,2.048,97,900
153.36284850652126,69.0,18.600984544972565,0,0,0,0.0,0.0,0.0,97,900
153.43976973458768,69.0,1.74,1,0,0,3.311,2.988,2.048,97,900
153.53612247740398,69.0,1.74,0,0,0,0.0,0.0,0.0,97,900
153.61491160896887,69.0,1.74,1,0,0,3.311,2.988,2.048,97,900
153.71346508828347,69.0,1.74,0,0,0,0.0,0.0,0.0,97,900
153.79422849434687,69.0,1.74,1,0,0,3.311,2.988,2.048,97,900
153.8944435741599,69.0,1.74,0,0,0,0.0,0.0,0.0,97,900
153.9771052197216,69.0,1.74,1,0,0,3.311,2.988,2.048,97,900
154.1111471800331,69.0,1.74,0,0,0,0.0,0.0,0.0,98,900
154.19617662884303,69.0,1.74,1,0,0,3.311,2.988,2.048,98,900
154.33151426440267,69.0,1.74,0,0,0,0.0,0.0,0.0,98,900
154.4185894684608,69.0,1.74,1,0,0,3.311,2.988,2.048,98,900
154.55606677926872,69.0,1.74,0,0,0,0.0,0.0,0.0,98,900
154.6455243125751,69.0,1.74,1,0,0,3.311,2.988,2.048,98,900
154.7859051706311,69.0,1.74,0,0,0,0.0,0.0,0.0,98,900
154.87765092618565,69.0,1.74,1,0,0,3.311,2.988,2.048,98,900
155.02043075548985,69.0,1.74,0,0,0,0.0,0.0,0.0,98,900
155.1145090172926,69.0,1.74,1,0,0,3.311,2.988,2.048,98,900
155.25865684184504,71.29435902321174,1.74,0,0,0,0.0,0.0,0.0,98,900
155.35497586889593,74.1,1.7441462663740281,1,0,0,3.311,2.988,2.048,98,900
155.5020394646966,74.1,1.75,0,0,0,0.0,0.0,0.0,98,900
155.60063093299573,74.1,1.75,1,0,0,3.311,2.988,2.048,98,900
155.75442798899567,74.1,1.75,0,0,0,0.0,0.0,0.0,98,900
155.85792485199565,74.1,1.75,1,0,0,3.311,2.988,2.048,98,900
156.0112589639956,74.1,1.75,0,0,0,0.0,0.0,0.0,98,900
156.11487240499565,74.1,1.75,1,0,0,3.311,2.988,2.048,98,900
156.2686512529956,74.1,1.75,0,0,0,0.0,0.0,0.0,98,900
156.37203534799565,74.1,1.75,1,0,0,3.311,2.988,2.048,98,900
156.52530571599567,74.1,1.75,0,0,0,0.0,0.0,0.0,98,900
156.62929131499567,74.1,1.75,1,0,0,3.311,2.988,2.048,98,900
156.8211240509957,74.1,1.75,0,0,0,0.0,0.0,0.0,98,900
156.9264667261625,74.1,1.75,1,0,0,3.311,2.988,2.048,98,900
157.1165103928202,74.1,1.75,0,0,0,0.0,0.0,0.0,98,900
157.22428890991424,74.1,1.75,1,0,0,3.311,2.988,2.048,98,900
157.41970458049906,74.1,1.65,0,0,0,0.0,0.0,0.0,98,900
157.5297618545202,74.1,1.65,1,0,0,3.311,2.988,2.048,99,900
157.72746210503223,74.1,1.65,0,0,0,0.0,0.0,0.0,99,900
157.83985816898047,74.1,1.65,1,0,0,3.311,2.988,2.048,99,900
158.04049016741956,74.1,1.65,0,0,0,0.0,0.0,0.0,99,900
158.15538613729495,74.1,1.65,1,0,0,3.311,2.988,2.048,99,900
158.3578916116612,74.1,1.65,0,0,0,0.0,0.0,0.0,99,900
158.47522925146373,74.1,1.65,1,0,0,3.311,2.988,2.048,99,900
158.6798068897572,71.57762572286403,1.65,0,0,0,0.0,0.0,0.0,99,900
158.79950996948688,70.3,1.65,1,0,0,3.311,2.988,2.048,99,900
159.0064205717074,70.3,1.65,0,0,0,0.0,0.0,0.0,99,900
161.43567619550325,70.3,20.6,0,0,1,0.528,0.57,0.438,99,900
161.46216378343615,70.3,20.6,0,0,2,1.262,1.188,0.808,99,900
161.49059605543616,70.3,20.6,0,0,1,0.528,0.57,0.438,99,900
161.51475846750324,70.3,20.6,0,0,0,0.0,0.0,0.0,99,900
161.65451030128662,70.3,20.6,0,0,1,0.528,0.57,0.438,99,900
161.68294257328657,70.3,20.6,0,0,0,0.0,0.0,0.0,99,900
162.6478460259039,72.2,20.6,1,1,0,9.246,7.695,5.518,100,900
162.6802460259039,72.2,20.6,1,0,0,3.311,2.988,2.048,100,900
162.69624006750277,72.2,20.6,2,1,0,13.279,10.07,9.16,101,900
162.7103533906268,72.2,20.6,2,0,0,7.006,5.591,4.53,101,900
162.7328508823203,72.2,20.6,3,1,0,17.589,12.354,12.134,102,900
162.74874053749272,72.2,20.6,3,0,0,10.385,7.547,7.321,102,900
162.77485008990402,72.2,20.6,2,0,0,7.006,5.591,4.53,102,900
162.80495745462687,72.2,20.6,1,0,0,3.311,2.988,2.048,102,900
162.83965004180476,72.2,20.6,2,1,0,13.279,10.07,9.16,103,900
162.84334460149273,72.2,20.6,1,1,0,9.246,7.695,5.518,103,900
162.85330337513807,72.2,20.6,1,0,0,3.311,2.988,2.048,103,900
162.86469873730823,72.2,20.6,2,0,0,7.006,5.591,4.53,103,900
162.896817669046,72.2,20.6,3,1,0,17.589,12.354,12.134,104,900
162.91002110744142,72.2,20.6,3,0,0,10.385,7.547,7.321,104,900
163.00489090312388,72.2,20.6,2,0,0,7.006,5.591,4.53,104,900
163.0398468075825,72.2,20.6,3,0,0,10.385,7.547,7.321,104,900
163.04252558312913,72.2,20.6,2,0,0,7.006,5.591,4.53,104,900
163.06307463922937,72.2,20.6,3,0,0,10.385,7.547,7.321,104,900
163.09375733480303,72.2,20.6,2,0,0,7.006,5.591,4.53,104,900
163.0977636024075,72.2,20.6,3,0,0,10.385,7.547,7.321,104,900
163.24163946910264,72.2,20.6,2,0,0,7.006,5.591,4.53,104,900
163.2778831265826,72.2,20.6,3,0,0,10.385,7.547,7.321,104,900
163.28729563749215,72.2,20.6,2,0,0,7.006,5.591,4.53,104,900
163.29634112469648,72.2,20.6,3,0,0,10.385,7.547,7.321,104,900
163.44053791837553,72.2,15.528323392074055,2,0,0,7.006,5.591,4.53,104,900
163.49746610021688,72.2,4.805123581795664,3,0,0,10.385,7.547,7.321,104,900
163.69354531197553,72.2,1.81,2,0,0,7.006,5.591,4.53,104,900
163.76739405257393,72.2,1.81,3,0,0,10.385,7.547,7.321,104,900
163.93273541754743,72.2,1.81,2,0,0,7.006,5.591,4.53,104,900
163.96134538320058,72.2,1.81,3,0,0,10.385,7.547,7.321,104,900
164.00576233704442,72.2,1.81,2,0,0,7.006,5.591,4.53,104,900
164.02142049794273,72.2,1.81,3,0,0,10.385,7.547,7.321,104,900
164.17512648886492,72.2,1.81,2,0,0,7.006,5.591,4.53,104,900
164.18787897409757,72.2,1.81,1,0,0,3.311,2.988,2.048,104,900
164.2089934190955,72.2,1.81,2,0,0,7.006,5.591,4.53,104,900
164.26000086287638,72.2,1.81,3,0,0,10.385,7.547,7.321,104,900
164.455563123037,72.2,1.81,2,0,0,7.006,5.591,4.53,104,900
164.47605161010696,72.2,1.81,1,0,0,3.311,2.988,2.048,104,900
164.5139152838685,72.2,1.81,2,0,0,7.006,5.591,4.53,104,900
164.5584865766735,72.2,1.81,3,0,0,10.385,7.547,7.321,104,900
164.7648867514346,72.2,1.81,2,0,0,7.006,5.591,4.53,104,900
164.78179151611351,72.2,1.81,3,0,0,10.385,7.547,7.321,104,900
164.7837972453002,72.2,1.81,2,0,0,7.006,5.591,4.53,104,900
164.8253657602232,72.2,1.81,3,0,0,10.385,7.547,7.321,104,900
164.9124766993948,72.2,1.81,3,0,1,11.271,8.091,7.803,104,900
164.96262515103203,72.2,1.81,3,0,0,10.385,7.547,7.321,104,900
165.0661825570775,72.2,1.81,2,0,0,7.006,5.591,4.53,104,900
165.0814492579796,72.2,1.81,1,0,0,3.311,2.988,2.048,104,900
165.09824902844414,72.2,1.81,0,0,0,0.0,0.0,0.0,104,900
165.12758425897883,72.2,1.81,1,1,0,9.246,7.695,5.518,105,900
165.14397694715922,72.2,1.81,2,1,0,13.279,10.07,9.16,105,900
165.14398283549127,72.2,1.81,2,0,0,7.006,5.591,4.53,105,900
165.1838769544382,72.2,1.81,3,0,0,10.385,7.547,7.321,105,900
165.40595346167257,72.2,1.81,2,0,0,7.006,5.591,4.53,105,900
165.42056267153924,72.05242133600329,1.8093291878909241,1,0,0,3.311,2.988,2.048,105,900
165.48776184887302,70.5681921228007,1.802582691467276,0,0,0,0.0,0.0,0.0,105,900
165.51313565291588,70.00776054157211,1.8000352751889641,1,0,0,3.311,2.988,2.048,105,900
165.54114412647007,70.0,1.8,2,0,0,7.006,5.591,4.53,105,900
165.586338137952,70.0,1.8,3,0,0,10.385,7.547,7.321,105,900
165.72335876375172,70.0,1.8,2,0,0,7.006,5.591,4.53,105,900
165.74972582058538,70.0,1.8,1,0,0,3.311,2.988,2.048,105,900
165.7731763009157,70.0,1.8,0,0,0,0.0,0.0,0.0,105,900
165.8496027349607,70.0,1.8,1,0,0,3.311,2.988,2.048,105,900
165.87575464507213,70.0,1.8,2,0,0,7.006,5.591,4.53,105,900
166.06252757802227,70.0,1.8,3,1,0,17.589,12.354,12.134,106,900
166.06319926908014,70.0,1.8,2,1,0,13.279,10.07,9.16,106,900
166.06632452711324,70.0,1.8,1,1,0,9.246,7.695,5.518,106,900
166.11125029467703,70.0,1.8,2,1,0,13.279,10.07,9.16,106,900
166.11752757802225,70.0,1.8,2,0,0,7.006,5.591,4.53,106,900
166.16879538205717,70.0,1.8,3,0,0,10.385,7.547,7.321,106,900
166.67506144097263,70.0,1.8,2,0,0,7.006,5.591,4.53,106,900
166.67736184452744,70.0,1.8,1,0,0,3.311,2.988,2.048,106,900
166.70366392902224,70.0,1.8,0,0,0,0.0,0.0,0.0,106,900
166.78952175736123,70.0,1.8,1,0,0,3.311,2.988,2.048,106,900
166.80156427902224,70.0,1.8,2,0,0,7.006,5.591,4.53,106,900
166.94983749502222,70.0,1.8,1,0,0,3.311,2.988,2.048,106,900
166.99216030063454,70.0,1.8,0,0,0,0.0,0.0,0.0,106,900
167.04762226202223,70.0,1.8,1,0,0,3.311,2.988,2.048,106,900
167.19575371802222,70.0,1.8,0,0,0,0.0,0.0,0.0,106,900
167.29356063102227,70.0,1.8,1,0,0,3.311,2.988,2.048,106,900
167.44142143102235,70.0,1.7632567819980047,0,0,0,0.0,0.0,0.0,106,900
167.53913292002235,70.0,1.67,1,0,0,3.311,2.988,2.048,106,900
167.68740850402236,70.0,1.67,0,0,0,0.0,0.0,0.0,106,900
167.7815258757324,70.0,1.67,1,0,0,3.311,2.988,2.048,106,900
167.92027934603885,70.0,1.67,0,0,0,0.0,0.0,0.0,106,900
168.01059066210368,70.0,1.67,1,0,0,3.311,2.988,2.048,106,900
168.1509226816282,70.0,1.67,0,0,0,0.0,0.0,0.0,106,900
168.2434124209111,70.0,1.67,1,0,0,3.311,2.988,2.048,106,900
168.3864217416537,70.0,1.67,0,0,0,0.0,0.0,0.0,106,900
168.48108359515467,70.0,1.67,1,0,0,3.311,2.988,2.048,106,900
168.58955213413117,70.0,1.67,2,1,0,13.279,10.07,9.16,107,900
168.61230768968676,70.0,1.67,2,0,0,7.006,5.591,4.53,107,900
168.62629095311542,70.0,1.67,1,0,0,3.311,2.988,2.048,107,900
168.72302294283455,70.55190766180021,1.67,2,0,0,7.006,5.591,4.53,107,900
168.7352982581007,71.28783072331602,1.67,3,0,0,10.385,7.547,7.321,107,900
168.74454250568684,71.84203685468604,1.67,2,0,0,7.006,5.591,4.53,107,900
168.8707527540134,76.0,1.67,1,0,0,3.311,2.988,2.048,107,900
168.96963846195052,76.0,1.67,2,0,0,7.006,5.591,4.53,107,900
169.05295809582137,76.0,1.67,1,0,0,3.311,2.988,2.048,107,900
169.1559656063474,76.0,1.67,0,0,0,0.0,0.0,0.0,107,900
169.25743805196234,76.0,1.67,1,0,0,3.311,2.988,2.048,107,900
169.45710499108733,76.0,1.67,0,0,0,0.0,0.0,0.0,107,900
169.57612844336683,76.0,1.67,1,0,0,3.311,2.988,2.048,107,900
169.70994825136677,76.0,1.67,0,0,0,0.0,0.0,0.0,107,900
169.83220147313634,76.0,1.67,1,0,0,3.311,2.988,2.048,107,900
170.03963478259232,76.0,1.67,0,0,0,0.0,0.0,0.0,107,900
170.16501889985216,76.0,1.67,1,0,0,3.311,2.988,2.048,107,900
170.37838124679817,76.0,1.67,0,0,0,0.0,0.0,0.0,107,900
170.5067578885481,76.0,1.67,1,0,0,3.311,2.988,2.048,107,900
170.7221912249844,76.0,1.67,0,0,0,0.0,0.0,0.0,107,900
170.85351223422458,76.0,1.67,1,0,0,3.311,2.988,2.048,107,900
171.0728982241511,76.0,1.67,0,0,0,0.0,0.0,0.0,107,900
171.2073598528815,76.0,1.67,1,0,0,3.311,2.988,2.048,107,900
171.42939113629805,76.0,1.67,0,0,0,0.0,0.0,0.0,107,900
171.56694263551861,76.0,34.70490790041443,1,0,0,3.311,2.988,2.048,107,900
171.79184666842534,76.0,63.1,0,0,0,0.0,0.0,0.0,107,900
171.9324957801361,76.0,63.1,1,0,0,3.311,2.988,2.048,107,900
172.0546522818519,76.0,63.1,2,1,0,13.279,10.07,9.16,108,900
172.0825795545792,76.0,63.1,2,0,0,7.006,5.591,4.53,108,900
172.16053931453322,68.7562474792875,63.1,1,0,0,3.311,2.988,2.048,108,900
172.21481437057926,60.6,63.1,0,0,0,0.0,0.0,0.0,108,900
172.30426191273426,60.6,63.1,1,0,0,3.311,2.988,2.048,108,900
172.46158723869928,60.6,63.1,2,0,0,7.006,5.591,4.53,108,900
172.5351217166216,60.6,63.1,1,0,0,3.311,2.988,2.048,108,900
172.68192346431272,60.6,63.1,2,0,0,7.006,5.591,4.53,108,900
172.71451087178528,60.6,63.1,1,0,0,3.311,2.988,2.048,108,900
172.9255749915009,60.6,63.1,0,0,0,0.0,0.0,0.0,108,900
175.02957800458955,60.6,1.93,0,0,1,0.528,0.57,0.438,108,900
175.05815027658952,60.6,1.93,0,0,0,0.0,0.0,0.0,108,900
175.14640154742705,60.6,1.93,0,0,1,0.528,0.57,0.438,108,900
175.1861751288347,60.6,1.93,0,0,0,0.0,0.0,0.0,108,900
175.2117140776176,60.6,1.93,0,0,1,0.528,0.57,0.438,108,900
175.26969634961762,60.6,1.93,0,0,0,0.0,0.0,0.0,108,900
176.17453477320967,69.8,1.77,1,1,0,9.246,7.695,5.518,109,900
176.2135329502851,69.8,1.77,2,2,0,21.094,15.238,15.196,110,900
176.23083295028508,69.8,1.77,2,1,0,13.279,10.07,9.16,110,900
176.24373477320964,69.8,1.77,2,0,0,7.006,5.591,4.53,110,900
176.32543701428506,69.8,1.77,1,0,0,3.311,2.988,2.048,110,900
176.34434793203303,69.8,1.77,2,1,0,13.279,10.07,9.16,111,900
176.35872546713446,69.8,1.77,2,0,0,7.006,5.591,4.53,111,900
176.3759695892097,69.8,1.77,1,0,0,3.311,2.988,2.048,111,900
176.41502026691694,69.8,1.77,2,0,0,7.006,5.591,4.53,111,900
176.43007794961778,69.8,1.77,3,1,0,17.589,12.354,12.134,112,900
176.453092313218,69.8,1.77,3,0,0,10.385,7.547,7.321,112,900
176.45332953113444,69.8,1.77,2,0,0,7.006,5.591,4.53,112,900
176.48788904420968,69.8,1.77,3,0,0,10.385,7.547,7.321,112,900
176.49930536952778,69.8,1.77,3,1,0,17.589,12.354,12.134,113,900
176.53520536952777,69.8,1.77,3,0,0,10.385,7.547,7.321,113,900
176.62980943352773,69.8,1.77,2,0,0,7.006,5.591,4.53,113,900
176.6368871054138,69.8,1.77,3,0,0,10.385,7.547,7.321,113,900
176.69280816867573,69.8,1.77,2,0,0,7.006,5.591,4.53,113,900
176.72174880197213,69.8,1.77,3,0,0,10.385,7.547,7.321,113,900
176.7764151525466,69.8,1.77,2,0,0,7.006,5.591,4.53,113,900
176.78950865882075,69.8,1.77,3,0,0,10.385,7.547,7.321,113,900
176.79112480199026,69.8,1.77,2,0,0,7.006,5.591,4.53,113,900
176.7991021662096,69.8,1.77,3,0,0,10.385,7.547,7.321,113,900
176.86405138937963,69.8,1.77,2,0,0,7.006,5.591,4.53,113,900
176.86858653630193,69.8,1.77,3,0,0,10.385,7.547,7.321,113,900
177.01175488799427,69.8,1.77,2,0,0,7.006,5.591,4.53,113,900
177.03466584081775,69.8,1.77,1,0,0,3.311,2.988,2.048,113,900
177.03745804900404,69.8,1.77,2,0,0,7.006,5.591,4.53,113,900
177.10527690571294,69.8,1.77,1,0,0,3.311,2.988,2.048,113,900
177.1071574233089,69.8,1.77,2,0,0,7.006,5.591,4.53,113,900
177.11028095020964,69.8,1.77,3,0,0,10.385,7.547,7.321,113,900
177.28585030803737,69.8,1.77,2,0,0,7.006,5.591,4.53,113,900
177.3106276702096,69.8,1.77,1,0,0,3.311,2.988,2.048,113,900
177.3296659157368,69.8,1.77,2,0,0,7.006,5.591,4.53,113,900
177.35171628043474,69.8,1.77,3,0,0,10.385,7.547,7.321,113,900
177.35314028652772,69.8,1.77,2,0,0,7.006,5.591,4.53,113,900
177.38922667551716,69.8,1.77,3,0,0,10.385,7.547,7.321,113,900
177.54310851959232,69.8,1.7788801321643308,2,0,0,7.006,5.591,4.53,113,900
177.60227440467958,69.8,1.796601015673425,3,0,0,10.385,7.547,7.321,113,900
177.6072278058241,69.8,1.798084617998101,2,0,0,7.006,5.591,4.53,113,900
177.6216343272097,69.8,1.8,1,0,0,3.311,2.988,2.048,113,900
177.628849223256,69.8,1.8,2,0,0,7.006,5.591,4.53,113,900
177.64955059023978,69.8,1.8,3,0,0,10.385,7.547,7.321,113,900
177.84440226548267,69.8,1.8,2,0,0,7.006,5.591,4.53,113,900
177.85858533004338,69.8,1.8,3,0,0,10.385,7.547,7.321,113,900
177.86754829660202,69.8,1.8,2,0,0,7.006,5.591,4.53,113,900
177.93303000820987,69.8,1.8,1,0,0,3.311,2.988,2.048,113,900
177.9355904055615,69.8,1.8,2,0,0,7.006,5.591,4.53,113,900
177.95443529189313,69.8,1.8,3,0,0,10.385,7.547,7.321,113,900
178.152537347899,69.8,1.8,2,0,0,7.006,5.591,4.53,113,900
178.1592391424631,69.8,1.8,3,0,0,10.385,7.547,7.321,113,900
178.17206354886142,69.8,1.8,2,0,0,7.006,5.591,4.53,113,900
178.24421045821,69.8,1.8,1,0,0,3.311,2.988,2.048,113,900
178.25057026665323,69.8,1.8,2,0,0,7.006,5.591,4.53,113,900
178.26639592407244,69.8,1.8,3,0,0,10.385,7.547,7.321,113,900
178.48360211152809,69.8,1.8,2,0,0,7.006,5.591,4.53,113,900
178.5542617707419,69.8,1.8,1,0,0,3.311,2.988,2.048,113,900
178.57262012853107,69.8,1.8,2,0,0,7.006,5.591,4.53,113,900
178.58470298277763,69.8,1.8,3,0,0,10.385,7.547,7.321,113,900
178.8020496186021,69.8,1.8,2,0,0,7.006,5.591,4.53,113,900
178.85060162082178,69.8,1.8,3,1,0,17.589,12.354,12.134,114,900
178.87221981085528,69.8,1.8,2,1,0,13.279,10.07,9.16,114,900
178.89900162082174,69.8,1.8,2,0,0,7.006,5.591,4.53,114,900
178.9023720901951,69.8,1.8,3,0,0,10.385,7.547,7.321,114,900
179.19704527955037,68.9,1.8,2,0,0,7.006,5.591,4.53,114,900
179.24207100068622,68.9,1.8,1,0,0,3.311,2.988,2.048,114,900
179.24429371976603,68.9,1.8,2,0,0,7.006,5.591,4.53,114,900
179.2587300764752,68.9,1.8,3,0,0,10.385,7.547,7.321,114,900
179.32366904897836,68.9,1.8,2,0,0,7.006,5.591,4.53,114,900
179.34471754222858,68.9,1.8,3,0,0,10.385,7.547,7.321,114,900
179.42584356586153,68.9,1.8,3,1,0,17.589,12.354,12.134,115,900
179.43589372943842,68.9,1.8,3,0,0,10.385,7.547,7.321,115,900
179.49907452943842,68.9,1.8,2,0,0,7.006,5.591,4.53,115,900
179.53566193778784,68.9,1.7956023740493405,1,0,0,3.311,2.988,2.048,115,900
179.57770702633263,68.9,1.7871262148280174,2,0,0,7.006,5.591,4.53,115,900
179.64259837546584,68.9,1.78,3,0,0,10.385,7.547,7.321,115,900
179.66345700744375,68.9,1.78,2,0,0,7.006,5.591,4.53,115,900
179.6698702630492,68.9,1.78,3,0,0,10.385,7.547,7.321,115,900
179.67578731639588,68.9,1.78,2,0,0,7.006,5.591,4.53,115,900
179.75638538730428,68.9,1.78,3,0,0,10.385,7.547,7.321,115,900
180.14686589355543,68.9,1.78,2,0,0,7.006,5.591,4.53,115,900
180.14741186280483,68.9,1.78,1,0,0,3.311,2.988,2.048,115,900
180.18985780500878,68.9,1.78,2,0,0,7.006,5.591,4.53,115,900
180.26261884575393,68.9,1.78,3,0,0,10.385,7.547,7.321,115,900
180.30920685370168,68.9,1.78,2,0,0,7.006,5.591,4.53,115,900
180.3257554944526,68.9,1.78,1,0,0,3.311,2.988,2.048,115,900
180.41358154091066,68.9,1.78,2,0,0,7.006,5.591,4.53,115,900
180.46553062572008,68.9,1.78,1,0,0,3.311,2.988,2.048,115,900
180.5517996065377,68.9,1.78,0,0,0,0.0,0.0,0.0,115,900
180.58521255880484,68.9,1.78,1,0,0,3.311,2.988,2.048,115,900
180.64203368017894,68.9,1.78,2,0,0,7.006,5.591,4.53,115,900
180.78269285798925,68.9,1.78,1,0,0,3.311,2.988,2.048,115,900
180.79310869890662,68.9,1.78,0,0,0,0.0,0.0,0.0,115,900
180.87531744981374,68.9,1.78,1,0,0,3.311,2.988,2.048,115,900
180.91686936412697,68.9,1.78,2,0,0,7.006,5.591,4.53,115,900
181.01838893980718,68.9,1.78,1,0,0,3.311,2.988,2.048,115,900
181.1132279908148,68.9,1.78,2,0,0,7.006,5.591,4.53,115,900
181.12807124036428,68.9,1.78,1,0,0,3.311,2.988,2.048,115,900
181.25829297699144,68.9,1.78,0,0,0,0.0,0.0,0.0,115,900
181.3556616161823,68.9,1.78,1,0,0,3.311,2.988,2.048,115,900
181.50319705854216,68.9,1.78,0,0,0,0.0,0.0,0.0,115,900
181.60284431491615,68.9,22.297168177795758,1,0,0,3.311,2.988,2.048,115,900
181.7904705654593,68.9,24.8,0,0,0,0.0,0.0,0.0,115,900
181.89275728818552,68.9,24.8,1,0,0,3.311,2.988,2.048,115,900
182.0833000920809,68.9,24.8,0,0,0,0.0,0.0,0.0,115,900
182.18837738615943,68.9,24.8,1,0,0,3.311,2.988,2.048,115,900
182.38092992740698,69.64426082801559,24.8,0,0,0,0.0,0.0,0.0,115,900
182.48886444483776,70.0,24.8,1,0,0,3.311,2.988,2.048,115,900
182.49082439678594,70.0,24.8,2,1,0,13.279,10.07,9.16,116,900
182.5342243967859,70.0,24.8,2,0,0,7.006,5.591,4.53,116,900
182.53869309572022,70.0,24.8,3,0,0,10.385,7.547,7.321,116,900
182.6664592127859,70.0,24.8,2,0,0,7.006,5.591,4.53,116,900
182.6844394594375,70.0,24.8,1,0,0,3.311,2.988,2.048,116,900
182.79567314188913,70.0,24.8,2,0,0,7.006,5.591,4.53,116,900
182.8124945617871,70.0,24.8,1,0,0,3.311,2.988,2.048,116,900
182.95111294988914,70.0,24.8,0,0,0,0.0,0.0,0.0,116,900
183.08508035677252,70.0,24.8,1,0,0,3.311,2.988,2.048,116,900
183.304284407456,70.0,24.8,0,0,0,0.0,0.0,0.0,116,900
183.44183515874155,70.0,24.8,1,0,0,3.311,2.988,2.048,116,900
183.66742069582733,70.0,1.67,0,0,0,0.0,0.0,0.0,116,900
183.80841642051513,70.0,1.67,1,0,0,3.311,2.988,2.048,116,900
184.03652539600316,70.0,1.67,0,0,0,0.0,0.0,0.0,116,900
184.18091793709317,70.0,1.67,1,0,0,3.311,2.988,2.048,116,900
184.41343201498344,70.0,1.67,0,0,0,0.0,0.0,0.0,116,900
184.56141762447567,70.0,1.67,1,0,0,3.311,2.988,2.048,116,900
184.79702944476819,70.0,1.67,0,0,0,0.0,0.0,0.0,116,900
186.0668931573678,67.2,51.5,1,1,0,9.246,7.695,5.518,117,900
186.10090053744156,67.2,51.5,1,0,0,3.311,2.988,2.048,117,900
186.23313535344158,67.2,51.5,0,0,0,0.0,0.0,0.0,117,900
188.75650756255587,67.2,3.2,0,0,1,0.528,0.57,0.438,117,900
188.78483983455587,67.2,3.2,0,0,0,0.0,0.0,0.0,117,900
189.7325659810296,69.5,1.64,1,1,0,9.246,7.695,5.518,118,900
189.74655080652278,69.5,1.64,1,0,0,3.311,2.988,2.048,118,900
189.8411548705227,69.5,1.64,0,0,0,0.0,0.0,0.0,118,900
189.86894992846354,69.5,1.64,1,1,0,9.246,7.695,5.518,119,900
189.88205945904676,69.5,1.64,1,0,0,3.311,2.988,2.048,119,900
189.9338239644415,69.5,1.64,2,1,0,13.279,10.07,9.16,120,900
189.93428712380947,69.5,1.64,3,1,0,17.589,12.354,12.134,120,900
189.9407137639383,69.5,1.64,3,2,0,24.826,17.679,18.858,121,900
189.95601376393827,69.5,1.64,3,1,0,17.589,12.354,12.134,121,900
189.98532396444148,69.5,1.64,3,0,0,10.385,7.547,7.321,121,900
190.01919456393824,69.5,1.64,2,0,0,7.006,5.591,4.53,121,900
190.03477824491864,69.5,1.64,3,0,0,10.385,7.547,7.321,121,900
190.07779383643458,69.5,1.64,2,0,0,7.006,5.591,4.53,121,900
190.07992802844143,69.5,1.64,1,0,0,3.311,2.988,2.048,121,900
190.08512037870233,69.5,1.64,2,1,0,13.279,10.07,9.16,122,900
190.097359422527,69.5,1.64,2,0,0,7.006,5.591,4.53,122,900
190.11053166700057,69.5,1.64,3,0,0,10.385,7.547,7.321,122,900
190.16054022252698,69.5,1.64,2,0,0,7.006,5.591,4.53,122,900
190.17416672809006,69.5,1.64,3,0,0,10.385,7.547,7.321,122,900
190.33895527209006,69.5,1.64,2,0,0,7.006,5.591,4.53,122,900
190.34926767122445,69.5,1.64,3,0,0,10.385,7.547,7.321,122,900
190.35293229524942,69.5,1.64,2,0,0,7.006,5.591,4.53,122,900
190.41118633806798,69.5,1.64,1,0,0,3.311,2.988,2.048,122,900
190.41267177144138,69.5,1.64,2,0,0,7.006,5.591,4.53,122,900
190.44177822713127,69.5,1.64,3,0,0,10.385,7.547,7.321,122,900
190.5815496946532,69.5,1.64,2,0,0,7.006,5.591,4.53,122,900
190.59524467390378,69.5,1.64,3,0,0,10.385,7.547,7.321,122,900
190.65343457746633,69.5,1.64,2,0,0,7.006,5.591,4.53,122,900
190.65353214207033,69.5,1.64,3,0,0,10.385,7.547,7.321,122,900
190.65544522209012,69.5,1.64,2,0,0,7.006,5.591,4.53,122,900
190.6733957770157,69.5,1.64,3,0,0,10.385,7.547,7.321,122,900
190.74530533787353,69.5,1.64,2,0,0,7.006,5.591,4.53,122,900
190.75216499622593,69.5,1.64,3,0,0,10.385,7.547,7.321,122,900
190.81593664301838,69.5,1.64,2,0,0,7.006,5.591,4.53,122,900
190.84759816503842,69.5,1.64,3,0,0,10.385,7.547,7.321,122,900
191.00083940873577,69.5,1.64,2,0,0,7.006,5.591,4.53,122,900
191.00368250151175,69.5,1.64,3,0,0,10.385,7.547,7.321,122,900
191.04931816393142,69.5,1.64,2,0,0,7.006,5.591,4.53,122,900
191.055727605345,69.5,1.64,1,0,0,3.311,2.988,2.048,122,900
191.08527923909006,69.5,1.64,2,0,0,7.006,5.591,4.53,122,900
191.10646644762838,69.5,1.64,3,0,0,10.385,7.547,7.321,122,900
191.3041652324556,69.5,1.64,2,0,0,7.006,5.591,4.53,122,900
191.37172404867383,69.5,1.64,3,0,0,10.385,7.547,7.321,122,900
191.60283171709008,69.5,1.64,2,0,0,7.006,5.591,4.53,122,900
191.60292246483232,69.5,1.64,1,0,0,3.311,2.988,2.048,122,900
191.64402348417454,69.5,5.330122159675814,2,0,0,7.006,5.591,4.53,122,900
191.6565487641684,69.5,6.817980416600868,3,0,0,10.385,7.547,7.321,122,900
191.9083777531836,69.5,13.6,2,0,0,7.006,5.591,4.53,122,900
191.91674430186032,69.5,13.6,3,0,0,10.385,7.547,7.321,122,900
191.9182964860901,69.5,13.6,2,0,0,7.006,5.591,4.53,122,900
191.9600267966632,69.5,13.6,3,0,0,10.385,7.547,7.321,122,900
192.23527347453614,69.5,13.6,2,0,0,7.006,5.591,4.53,122,900
192.28309517467227,69.5,13.6,3,0,0,10.385,7.547,7.321,122,900
192.5602128035865,60.6,13.6,2,0,0,7.006,5.591,4.53,122,900
192.61448291920175,60.6,13.6,3,0,0,10.385,7.547,7.321,122,900
192.65253808678756,60.6,13.6,3,1,0,17.589,12.354,12.134,123,900
192.68638973340725,60.6,13.6,3,2,0,24.826,17.679,18.858,124,900
192.70076726850863,60.6,13.6,3,1,0,17.589,12.354,12.134,124,900
192.7196380867875,60.6,13.6,3,0,0,10.385,7.547,7.321,124,900
192.8744241778705,60.6,13.6,2,0,0,7.006,5.591,4.53,124,900
192.889916763529,60.6,13.6,3,0,0,10.385,7.547,7.321,124,900
193.21178571258454,60.6,13.6,2,0,0,7.006,5.591,4.53,124,900
193.28165595960226,60.6,13.6,1,0,0,3.311,2.988,2.048,124,900
193.30386278185318,60.6,13.6,2,0,0,7.006,5.591,4.53,124,900
193.32328196326995,60.6,13.6,3,0,0,10.385,7.547,7.321,124,900
193.3372054538666,60.6,13.6,2,0,0,7.006,5.591,4.53,124,900
193.36755638119448,60.6,13.6,3,0,0,10.385,7.547,7.321,124,900
193.68616248510406,60.6,4.979725698588741,2,0,0,7.006,5.591,4.53,124,900
193.7346657125951,60.6,1.7,1,0,0,3.311,2.988,2.048,124,900
193.80603333694012,60.6,1.7,0,0,0,0.0,0.0,0.0,124,900
193.84315237433213,60.6,1.7,1,0,0,3.311,2.988,2.048,124,900
193.89765096039372,60.6,1.7,2,0,0,7.006,5.591,4.53,124,900
194.05362691313098,60.6,1.7,1,0,0,3.311,2.988,2.048,124,900
194.07660539390105,60.6,1.7,0,0,0,0.0,0.0,0.0,124,900
194.17088452878536,60.6,1.7,1,0,0,3.311,2.988,2.048,124,900
194.3533290827235,60.6,1.7,0,0,0,0.0,0.0,0.0,124,900
194.45045056503844,60.6,1.7,1,0,0,3.311,2.988,2.048,124,900
194.63506146340717,60.6,1.7,0,0,0,0.0,0.0,0.0,124,900
194.73518039115288,60.6,1.7,1,0,0,3.311,2.988,2.048,124,900
194.9225864979524,60.6,1.7,0,0,0,0.0,0.0,0.0,124,900
195.0257061061288,60.6,1.7,1,0,0,3.311,2.988,2.048,124,900
195.2166070053591,60.6,1.7,0,0,0,0.0,0.0,0.0,124,900
195.96352915996627,69.2,89.8,1,0,0,3.311,2.988,2.048,124,900
196.2057041234347,69.2,89.8,0,0,0,0.0,0.0,0.0,124,900
196.5237071271554,69.2,89.8,0,1,0,4.554,4.957,2.003,125,900
196.545226962035,69.2,89.8,1,1,0,9.246,7.695,5.518,125,900
196.6948629051554,69.2,89.8,1,0,0,3.311,2.988,2.048,125,900
197.3642099752391,69.2,89.8,0,0,0,0.0,0.0,0.0,125,900
200.1072997623637,64.2,1.94,1,1,0,9.246,7.695,5.518,126,900
200.1413071424375,64.2,1.94,1,0,0,3.311,2.988,2.048,126,900
200.27354195843753,64.2,1.94,0,0,0,0.0,0.0,0.0,126,900
202.1679424685569,64.2,67.3,0,0,1,0.528,0.57,0.438,126,900
202.17364263569476,64.2,67.3,0,0,2,1.262,1.188,0.808,126,900
202.20251490769476,64.2,67.3,0,0,1,0.528,0.57,0.438,126,900
202.2513550764478,64.2,67.3,0,0,2,1.262,1.188,0.808,126,900
202.2564247405569,64.2,67.3,0,0,1,0.528,0.57,0.438,126,900
202.2797273484478,64.2,67.3,0,0,0,0.0,0.0,0.0,126,900
203.35642668246166,66.0,67.3,1,1,0,9.246,7.695,5.518,127,900
203.38092668246168,66.0,67.3,1,0,0,3.311,2.988,2.048,127,900
203.4180091161981,66.0,67.3,2,1,0,13.279,10.07,9.16,128,900
203.43026443534706,66.0,67.3,2,0,0,7.006,5.591,4.53,128,900
203.43903173815602,66.0,67.3,3,1,0,17.589,12.354,12.134,129,900
203.4441074824617,66.0,67.3,2,1,0,13.279,10.07,9.16,129,900
203.4537068973917,66.0,67.3,2,0,0,7.006,5.591,4.53,129,900
203.46215601010334,66.0,67.3,3,1,0,17.589,12.354,12.134,130,900
203.47420306892687,66.0,67.3,3,0,0,10.385,7.547,7.321,130,900
203.49344523534705,66.0,67.3,2,0,0,7.006,5.591,4.53,130,900
203.52914059720206,66.0,67.3,3,0,0,10.385,7.547,7.321,130,900
203.53738386892684,66.0,67.3,2,0,0,7.006,5.591,4.53,130,900
203.54831096139168,66.0,67.3,1,0,0,3.311,2.988,2.048,130,900
203.5799382797779,66.0,67.3,2,0,0,7.006,5.591,4.53,130,900
203.58370923759438,66.0,67.3,3,1,0,17.589,12.354,12.134,131,900
203.6472092375944,66.0,67.3,3,0,0,10.385,7.547,7.321,131,900
203.74181330159445,66.0,67.3,2,0,0,7.006,5.591,4.53,131,900
203.77486114921416,66.0,67.3,3,0,0,10.385,7.547,7.321,131,900
203.78994171029623,66.0,67.3,2,0,0,7.006,5.591,4.53,131,900
203.81652324191384,66.0,65.60867129498735,3,0,0,10.385,7.547,7.321,131,900
204.0905456539013,66.0,1.74,2,0,0,7.006,5.591,4.53,131,900
204.14777714159442,66.0,1.74,3,0,0,10.385,7.547,7.321,131,900
204.17358013448307,66.0,1.74,2,0,0,7.006,5.591,4.53,131,900
204.17930382240448,66.0,1.74,3,0,0,10.385,7.547,7.321,131,900
204.37035372656376,66.0,1.74,2,0,0,7.006,5.591,4.53,131,900
204.41041746059446,66.0,1.74,3,0,0,10.385,7.547,7.321,131,900
204.43333426234386,66.0,1.74,2,0,0,7.006,5.591,4.53,131,900
204.47731999997774,66.0,1.74,3,0,0,10.385,7.547,7.321,131,900
204.67189441185673,66.0,1.74,2,0,0,7.006,5.591,4.53,131,900
204.70014116055907,66.0,1.74,1,0,0,3.311,2.988,2.048,131,900
204.7104087575945,66.0,1.74,2,0,0,7.006,5.591,4.53,131,900
204.77022165560015,66.0,1.74,3,0,0,10.385,7.547,7.321,131,900
204.8293457924343,66.0,1.74,3,0,1,11.271,8.091,7.803,131,900
204.85777806443429,66.0,1.74,3,0,0,10.385,7.547,7.321,131,900
204.97394867412865,66.0,1.74,2,0,0,7.006,5.591,4.53,131,900
204.9811915355892,66.0,1.74,1,0,0,3.311,2.988,2.048,131,900
205.0098086935945,66.0,1.74,2,0,0,7.006,5.591,4.53,131,900
205.02288786014267,66.0,1.74,3,0,0,10.385,7.547,7.321,131,900
205.0706265337112,66.0,1.74,2,0,0,7.006,5.591,4.53,131,900
205.0890292965781,66.0,1.74,3,0,0,10.385,7.547,7.321,131,900
205.25471049405283,66.0,1.74,2,0,0,7.006,5.591,4.53,131,900
205.28112879793352,66.0,1.74,3,0,0,10.385,7.547,7.321,131,900
205.29943517676125,66.0,1.74,2,0,0,7.006,5.591,4.53,131,900
205.30937592359453,66.0,1.74,3,0,0,10.385,7.547,7.321,131,900
205.32923772745414,66.0,1.74,2,0,0,7.006,5.591,4.53,131,900
205.37308131367936,66.0,1.74,3,0,0,10.385,7.547,7.321,131,900
205.54183174533128,66.0,1.74,2,0,0,7.006,5.591,4.53,131,900
205.54484078197274,66.0,1.74,3,0,0,10.385,7.547,7.321,131,900
205.63080456651323,66.0,1.74,2,0,0,7.006,5.591,4.53,131,900
205.66380789113506,66.0,1.74,3,0,0,10.385,7.547,7.321,131,900
205.9580250624235,66.0,25.02326647257772,2,0,0,7.006,5.591,4.53,131,900
205.99927655097034,66.0,46.766071692912746,3,0,0,10.385,7.547,7.321,131,900
206.0373947897729,65.76377019596309,54.4,3,1,0,17.589,12.354,12.134,132,900
206.062370399529,65.5141388455129,54.4,3,0,0,10.385,7.547,7.321,132,900
206.19460521552887,65.0,54.4,2,0,0,7.006,5.591,4.53,132,900
206.1963522912474,65.0,54.4,3,0,0,10.385,7.547,7.321,132,900
206.21326317700183,65.0,54.4,2,0,0,7.006,5.591,4.53,132,900
206.2163342480369,65.0,54.4,3,0,0,10.385,7.547,7.321,132,900
206.2547441172867,65.0,54.4,2,0,0,7.006,5.591,4.53,132,900
206.3430164142106,65.0,54.4,3,0,0,10.385,7.547,7.321,132,900
206.41570763175042,65.0,54.4,2,0,0,7.006,5.591,4.53,132,900
206.536414918855,65.0,54.4,3,0,0,10.385,7.547,7.321,132,900
206.56121950444484,65.0,54.4,2,0,0,7.006,5.591,4.53,132,900
206.5759677730013,65.0,54.4,1,0,0,3.311,2.988,2.048,132,900
206.69519810185625,65.0,54.4,2,0,0,7.006,5.591,4.53,132,900
206.69602322049235,65.0,54.4,3,0,0,10.385,7.547,7.321,132,900
206.7517125872031,65.0,54.4,2,0,0,7.006,5.591,4.53,132,900
206.88315019273108,65.0,54.4,3,0,0,10.385,7.547,7.321,132,900
206.9106598378723,65.0,54.4,2,0,0,7.006,5.591,4.53,132,900
206.91670626429288,65.0,54.4,1,0,0,3.311,2.988,2.048,132,900
207.02512283743602,65.0,54.4,2,0,0,7.006,5.591,4.53,132,900
207.0492240918723,65.0,54.4,3,0,0,10.385,7.547,7.321,132,900
207.1819535002386,65.0,54.4,3,1,0,17.589,12.354,12.134,133,900
207.2861423908214,65.0,54.4,3,0,0,10.385,7.547,7.321,133,900
207.2921892175235,65.0,54.4,2,0,0,7.006,5.591,4.53,133,900
207.3795628572467,65.0,54.4,1,0,0,3.311,2.988,2.048,133,900
207.41726578840385,65.0,54.4,2,0,0,7.006,5.591,4.53,133,900
207.49622157769286,65.0,54.4,1,0,0,3.311,2.988,2.048,133,900
207.5000978215462,65.0,54.4,2,0,0,7.006,5.591,4.53,133,900
207.64457403137467,65.0,54.4,1,0,0,3.311,2.988,2.048,133,900
207.71972764325287,65.0,54.4,0,0,0,0.0,0.0,0.0,133,900
209.91971416112764,68.2,1.528768076745233,1,0,0,3.311,2.988,2.048,133,900
210.18449951390076,68.2,1.51,0,0,0,0.0,0.0,0.0,133,900
210.70255366015448,68.2,1.51,1,1,0,9.246,7.695,5.518,134,900
210.79155366015448,68.2,1.51,1,0,0,3.311,2.988,2.048,134,900
210.92378847615444,68.2,1.51,0,0,0,0.0,0.0,0.0,134,900
214.14770636735935,75.0,1.74,0,1,0,4.554,4.957,2.003,135,900
214.25032020987547,75.0,1.74,0,0,0,0.0,0.0,0.0,135,900
214.64717503015433,75.0,1.74,1,0,0,3.311,2.988,2.048,135,900
214.9428558758489,75.0,1.74,0,0,0,0.0,0.0,0.0,135,900
215.70398971985176,75.0,1.74,0,0,1,0.528,0.57,0.438,135,900
215.7630719918518,75.0,1.74,0,0,0,0.0,0.0,0.0,135,900
215.90923088652323,75.0,1.74,0,0,1,0.528,0.57,0.438,135,900
215.92692504896527,75.0,1.74,0,0,2,1.262,1.188,0.808,135,900
215.95522732096526,75.0,1.74,0,0,1,0.528,0.57,0.438,135,900
215.96611315852323,75.0,1.74,0,0,0,0.0,0.0,0.0,135,900
216.79243828577538,74.0,57.1,1,1,0,9.246,7.695,5.518,136,900
216.83323828577534,74.0,57.1,1,0,0,3.311,2.988,2.048,136,900
216.92455359185152,74.0,57.1,2,1,0,13.279,10.07,9.16,137,900
216.92784234977532,74.0,57.1,1,1,0,9.246,7.695,5.518,137,900
216.93762593227703,74.0,57.1,1,0,0,3.311,2.988,2.048,137,900
217.0189007438622,74.0,57.1,2,0,0,7.006,5.591,4.53,137,900
217.03222999627695,74.0,57.1,1,0,0,3.311,2.988,2.048,137,900
217.11177204504435,74.0,57.1,2,1,0,13.279,10.07,9.16,138,900
217.1220786436812,74.0,57.1,3,1,0,17.589,12.354,12.134,138,900
217.1253449463698,74.0,57.1,3,0,0,10.385,7.547,7.321,138,900
217.12539475852276,74.0,57.1,3,1,0,17.589,12.354,12.134,139,900
217.155376382246,74.0,57.1,3,2,0,24.826,17.679,18.858,140,900
217.1555947585228,74.0,57.1,3,1,0,17.589,12.354,12.134,140,900
217.16921422008386,74.0,57.1,3,0,0,10.385,7.547,7.321,140,900
217.2501988225228,74.0,57.1,2,0,0,7.006,5.591,4.53,140,900
217.25394361134263,74.0,57.1,3,0,0,10.385,7.547,7.321,140,900
217.26227080949684,74.0,57.1,2,0,0,7.006,5.591,4.53,140,900
217.26381828408387,74.0,57.1,1,0,0,3.311,2.988,2.048,140,900
217.31148573487937,74.0,57.1,2,0,0,7.006,5.591,4.53,140,900
217.34213819096732,74.0,57.1,3,0,0,10.385,7.547,7.321,140,900
217.48444077837462,74.0,57.1,2,0,0,7.006,5.591,4.53,140,900
217.49607045758572,74.0,57.1,3,0,0,10.385,7.547,7.321,140,900
217.4990193754755,74.0,57.1,2,0,0,7.006,5.591,4.53,140,900
217.51417112355355,74.0,57.1,1,0,0,3.311,2.988,2.048,140,900
217.54638466226075,74.0,57.1,2,0,0,7.006,5.591,4.53,140,900
217.5795421025598,74.0,57.1,3,0,0,10.385,7.547,7.321,140,900
217.7256662947079,74.0,57.1,2,0,0,7.006,5.591,4.53,140,900
217.74212999821307,74.0,57.1,1,0,0,3.311,2.988,2.048,140,900
217.74439779659147,74.0,57.1,2,0,0,7.006,5.591,4.53,140,900
217.77262903931214,74.0,57.1,1,0,0,3.311,2.988,2.048,140,900
217.78835841897748,74.0,57.1,2,0,0,7.006,5.591,4.53,140,900
217.8241800706338,74.0,57.1,3,0,0,10.385,7.547,7.321,140,900
217.97352967552268,74.0,57.1,2,0,0,7.006,5.591,4.53,140,900
217.99118895170946,74.0,57.1,1,0,0,3.311,2.988,2.048,140,900
217.99893692535986,74.0,57.1,2,0,0,7.006,5.591,4.53,140,900
218.0365235190295,74.0,44.32004863376727,3,0,0,10.385,7.547,7.321,140,900
218.03878644151902,74.0,43.06295674729711,2,0,0,7.006,5.591,4.53,140,900
218.07516860918935,74.0,22.852044529977334,3,0,0,10.385,7.547,7.321,140,900
218.22761719481903,74.0,1.82,2,0,0,7.006,5.591,4.53,140,900
218.24620506896485,74.0,1.82,1,0,0,3.311,2.988,2.048,140,900
218.25944137789102,74.0,1.82,2,0,0,7.006,5.591,4.53,140,900
218.2908912594168,74.0,1.82,3,0,0,10.385,7.547,7.321,140,900
218.3122296041742,74.0,1.82,2,0,0,7.006,5.591,4.53,140,900
218.33251901522644,74.0,1.82,3,0,0,10.385,7.547,7.321,140,900
218.48793768559673,74.0,1.82,2,0,0,7.006,5.591,4.53,140,900
218.54514013997897,74.0,1.82,1,0,0,3.311,2.988,2.048,140,900
218.5512151741393,74.0,1.82,2,0,0,7.006,5.591,4.53,140,900
218.56451642031067,74.0,1.82,3,0,0,10.385,7.547,7.321,140,900
218.5929673602776,74.0,1.82,2,0,0,7.006,5.591,4.53,140,900
218.5959848227449,74.0,1.82,3,0,0,10.385,7.547,7.321,140,900
218.7924529378561,74.0,1.82,2,0,0,7.006,5.591,4.53,140,900
218.85078331257478,74.0,1.82,1,0,0,3.311,2.988,2.048,140,900
218.85609987579252,74.0,1.82,2,0,0,7.006,5.591,4.53,140,900
218.87667784974488,74.0,1.82,3,0,0,10.385,7.547,7.321,140,900
219.10399150052277,74.0,1.82,2,0,0,7.006,5.591,4.53,140,900
219.16351232193807,74.0,1.82,1,0,0,3.311,2.988,2.048,140,900
219.16806050797183,74.0,1.82,2,0,0,7.006,5.591,4.53,140,900
219.1951961621936,74.0,1.82,3,0,0,10.385,7.547,7.321,140,900
219.42243900759695,74.0,1.82,2,0,0,7.006,5.591,4.53,140,900
219.4851839652007,74.0,1.82,1,0,0,3.311,2.988,2.048,140,900
219.48636756667707,74.0,1.82,2,0,0,7.006,5.591,4.53,140,900
219.52166578765673,74.01640808982441,1.82,3,0,0,10.385,7.547,7.321,140,900
219.7489511710783,74.2,1.82,2,0,0,7.006,5.591,4.53,140,900
219.81261548190815,74.2,1.82,3,0,0,10.385,7.547,7.321,140,900
219.8136741046109,74.2,1.82,2,0,0,7.006,5.591,4.53,140,900
219.86313939743806,74.2,1.82,3,0,0,10.385,7.547,7.321,140,900
219.96209967258196,74.2,1.82,3,1,0,17.589,12.354,12.134,141,900
219.9735197469314,74.2,1.82,3,0,0,10.385,7.547,7.321,141,900
220.03670054693146,74.2,1.7732173464450096,2,0,0,7.006,5.591,4.53,141,900
220.06529093458627,74.2,1.7163871746031505,1,0,0,3.311,2.988,2.048,141,900
220.08307995745014,74.2,1.6810272753791142,2,0,0,7.006,5.591,4.53,141,900
220.12021625881744,74.2,1.62,3,0,0,10.385,7.547,7.321,141,900
220.14914463016902,74.2,1.62,2,0,0,7.006,5.591,4.53,141,900
220.22322621538248,74.2,1.62,1,0,0,3.311,2.988,2.048,141,900
220.28261271913416,74.2,1.62,2,0,0,7.006,5.591,4.53,141,900
220.30707257058802,74.2,1.62,1,0,0,3.311,2.988,2.048,141,900
220.3089862103428,74.2,1.62,2,0,0,7.006,5.591,4.53,141,900
220.36199573548603,74.2,1.62,3,0,0,10.385,7.547,7.321,141,900
220.44564397098225,74.2,1.62,2,0,0,7.006,5.591,4.53,141,900
220.54205987482345,74.2,1.62,1,0,0,3.311,2.988,2.048,141,900
220.54403926196278,74.2,1.62,2,0,0,7.006,5.591,4.53,141,900
220.57333024666545,74.2,1.62,3,0,0,10.385,7.547,7.321,141,900
220.70045294240498,74.2,1.62,2,0,0,7.006,5.591,4.53,141,900
220.80955658235743,74.2,1.62,3,0,0,10.385,7.547,7.321,141,900
220.8334935936771,74.2,1.62,2,0,0,7.006,5.591,4.53,141,900
220.86309146859168,74.2,1.62,1,0,0,3.311,2.988,2.048,141,900
220.87477376845027,74.2,1.62,2,0,0,7.006,5.591,4.53,141,900
220.96950346089488,74.2,1.62,1,0,0,3.311,2.988,2.048,141,900
221.0825227609425,74.2,1.62,2,0,0,7.006,5.591,4.53,141,900
221.147413584285,74.2,1.62,1,0,0,3.311,2.988,2.048,141,900
221.24612475757516,74.2,1.62,0,0,0,0.0,0.0,0.0,141,900
221.29383314582083,74.2,1.62,0,1,0,4.554,4.957,2.003,142,900
221.36288682671795,74.2,1.62,1,1,0,9.246,7.695,5.518,142,900
221.53026467744584,74.2,1.62,0,1,0,4.554,4.957,2.003,142,900
221.53733674990775,74.2,1.62,0,0,0,0.0,0.0,0.0,142,900
221.6507520066839,74.2,1.62,1,0,0,3.311,2.988,2.048,142,900
221.82187691150693,74.2,1.62,0,0,0,0.0,0.0,0.0,142,900
221.94591344184025,74.2,1.62,1,0,0,3.311,2.988,2.048,142,900
222.12036658475864,74.2,3.8162591360366465,0,0,0,0.0,0.0,0.0,142,900
222.24826744518725,74.2,35.3,1,0,0,3.311,2.988,2.048,142,900
222.4636289862009,74.2,35.3,0,0,0,0.0,0.0,0.0,142,900
222.59591853930968,74.2,35.3,1,0,0,3.311,2.988,2.048,142,900
222.81616288500356,74.2,35.3,0,0,0,0.0,0.0,0.0,142,900
222.95243284579269,72.61444282281187,35.3,1,0,0,3.311,2.988,2.048,142,900
223.17718966016687,70.1,35.3,0,0,0,0.0,0.0,0.0,142,900
223.31798098563624,70.1,35.3,1,0,0,3.311,2.988,2.048,142,900
223.5463388766907,70.1,35.3,0,0,0,0.0,0.0,0.0,142,900
223.69133054184027,70.1,35.3,1,0,0,3.311,2.988,2.048,142,900
223.9242052535749,70.1,35.3,0,0,0,0.0,0.0,0.0,142,900
224.01228950757493,70.1,35.3,1,0,0,3.311,2.988,2.048,142,900
224.2368778842152,70.1,1.72,0,0,0,0.0,0.0,0.0,142,900
224.379431167514,70.1,1.72,1,0,0,3.311,2.988,2.048,142,900
224.60627954376395,70.1,1.72,0,0,0,0.0,0.0,0.0,142,900
224.73249940084847,70.1,1.72,1,1,0,9.246,7.695,5.518,143,900
224.74483675024607,70.1,1.72,1,0,0,3.311,2.988,2.048,143,900
224.80801755024606,70.1,1.72,0,0,0,0.0,0.0,0.0,143,900
224.89480300156066,70.1,1.72,1,0,0,3.311,2.988,2.048,143,900
225.00111380090206,70.1,1.72,0,0,0,0.0,0.0,0.0,143,900
225.09033015537727,70.1,1.72,1,0,0,3.311,2.988,2.048,143,900
225.23047537887925,70.1,1.72,0,0,0,0.0,0.0,0.0,143,900
225.3227152175419,70.1,1.72,1,0,0,3.311,2.988,2.048,143,900
225.46565317323135,70.1,1.72,0,0,0,0.0,0.0,0.0,143,900
225.56060235308144,70.1,1.72,1,0,0,3.311,2.988,2.048,143,900
225.70628164895822,70.1,1.72,0,0,0,0.0,0.0,0.0,143,900
225.81838145495817,70.1,1.72,1,0,0,3.311,2.988,2.048,143,900
225.98053249495817,70.1,1.72,0,0,0,0.0,0.0,0.0,143,900
226.10016854662248,70.1,1.72,1,0,0,3.311,2.988,2.048,143,900
226.2704410374281,70.1,43.44194548010407,0,0,0,0.0,0.0,0.0,143,900
226.39394695208176,67.92660805778785,75.1,1,0,0,3.311,2.988,2.048,143,900
226.56811109987675,67.4,75.1,0,0,0,0.0,0.0,0.0,143,900
226.69531081851986,67.4,75.1,1,0,0,3.311,2.988,2.048,143,900
226.87294780730426,67.4,75.1,0,0,0,0.0,0.0,0.0,143,900
227.00415645893676,67.4,75.1,1,0,0,3.311,2.988,2.048,143,900
227.22284644871064,67.4,75.1,0,0,0,0.0,0.0,0.0,143,900
227.3586090534739,67.4,75.1,1,0,0,3.311,2.988,2.048,143,900
227.5823471083785,67.4,75.1,0,0,0,0.0,0.0,0.0,143,900
227.72225538127242,67.4,75.1,1,0,0,3.311,2.988,2.048,143,900
227.9506711653078,67.4,75.1,0,0,0,0.0,0.0,0.0,143,900
228.09526606333253,67.4,75.1,1,0,0,3.311,2.988,2.048,143,900
228.25801096487493,67.4,42.03577072609136,2,1,0,13.279,10.07,9.16,144,900
228.3274481844986,67.4,1.7,1,1,0,9.246,7.695,5.518,144,900
228.3451109648749,67.4,1.7,1,0,0,3.311,2.988,2.048,144,900
228.47640868265398,67.4,1.7,2,0,0,7.006,5.591,4.53,144,900
228.47734578087483,67.4,1.7,1,0,0,3.311,2.988,2.048,144,900
228.71327288495078,67.4,1.7,0,0,0,0.0,0.0,0.0,144,900
228.88673253095075,67.4,1.7,1,0,0,3.311,2.988,2.048,144,900
229.12553152680226,67.4,1.7,0,0,0,0.0,0.0,0.0,144,900
229.2342783580178,67.4,1.7,0,0,1,0.528,0.57,0.438,144,900
229.3301606300178,67.4,1.7,0,0,0,0.0,0.0,0.0,144,900
229.4671352626765,67.4,1.7,0,0,1,0.528,0.57,0.438,144,900
229.49556753467647,67.4,1.7,0,0,0,0.0,0.0,0.0,144,900
229.7513552532842,65.3,1.7,0,0,1,0.528,0.57,0.438,144,900
229.7798875252842,65.3,1.7,0,0,0,0.0,0.0,0.0,144,900
230.3180533998225,65.3,1.68,1,1,0,9.246,7.695,5.518,145,900
230.3323862147525,65.3,1.68,1,0,0,3.311,2.988,2.048,145,900
230.42699027875258,65.3,1.68,0,0,0,0.0,0.0,0.0,145,900
230.52085811669446,65.3,1.68,1,0,0,3.311,2.988,2.048,145,900
230.52844223001748,65.3,1.68,2,1,0,13.279,10.07,9.16,146,900
230.59764223001739,65.3,1.68,2,0,0,7.006,5.591,4.53,146,900
230.6386949935906,65.3,1.68,3,1,0,17.589,12.354,12.134,147,900
230.6512949935906,65.3,1.68,3,0,0,10.385,7.547,7.321,147,900
230.65227500319452,65.3,1.68,3,1,0,17.589,12.354,12.134,148,900
230.7035750031945,65.3,1.68,3,0,0,10.385,7.547,7.321,148,900
230.71447579359057,65.3,1.68,2,0,0,7.006,5.591,4.53,148,900
230.72987704601738,65.3,1.68,1,0,0,3.311,2.988,2.048,148,900
230.76202120220745,65.3,1.68,2,0,0,7.006,5.591,4.53,148,900
230.79817906719452,65.3,1.68,1,0,0,3.311,2.988,2.048,148,900
230.80068029384424,65.3,1.68,2,0,0,7.006,5.591,4.53,148,900
230.8417965010174,65.3,1.68,3,0,0,10.385,7.547,7.321,148,900
230.91009325235188,65.3,1.68,2,0,0,7.006,5.591,4.53,148,900
230.9361916964518,65.3,1.68,3,1,0,17.589,12.354,12.134,149,900
230.94984502978517,65.3,1.68,3,0,0,10.385,7.547,7.321,149,900
231.04444909378515,65.3,1.68,2,0,0,7.006,5.591,4.53,149,900
231.13032281019457,65.3,1.68,3,0,0,10.385,7.547,7.321,149,900
231.13453244994335,65.3,1.68,2,0,0,7.006,5.591,4.53,149,900
231.13484020812385,65.3,1.68,3,0,0,10.385,7.547,7.321,149,900
231.27869104963702,65.3,1.68,2,0,0,7.006,5.591,4.53,149,900
231.30359583227815,65.3,1.68,3,0,0,10.385,7.547,7.321,149,900
231.31638608764158,65.3,1.68,2,0,0,7.006,5.591,4.53,149,900
231.3683991323886,65.3,1.68,1,0,0,3.311,2.988,2.048,149,900
231.37199171139926,65.3,1.68,2,0,0,7.006,5.591,4.53,149,900
231.37379237382225,65.3,1.68,3,0,0,10.385,7.547,7.321,149,900
231.5199165659704,65.3,1.68,2,0,0,7.006,5.591,4.53,149,900
231.5998361908473,65.3,1.68,1,0,0,3.311,2.988,2.048,149,900
231.60355671627977,65.3,1.68,2,0,0,7.006,5.591,4.53,149,900
231.60763912817194,65.3,1.68,1,0,0,3.311,2.988,2.048,149,900
231.6184303418963,65.3,1.68,2,0,0,7.006,5.591,4.53,149,900
231.61983373618597,65.3,1.68,3,0,0,10.385,7.547,7.321,149,900
231.79924995302932,65.3,1.68,2,0,0,7.006,5.591,4.53,149,900
231.85278881829342,65.3,1.68,1,0,0,3.311,2.988,2.048,149,900
231.86941888045183,65.3,1.68,2,0,0,7.006,5.591,4.53,149,900
231.87386018155482,65.3,1.68,3,0,0,10.385,7.547,7.321,149,900
231.8891316776345,65.3,1.68,2,0,0,7.006,5.591,4.53,149,900
231.91112237883274,65.3,1.68,3,0,0,10.385,7.547,7.321,149,900
232.10379604775315,65.3,1.68,2,0,0,7.006,5.591,4.53,149,900
232.11128229335807,65.3,1.68,1,0,0,3.311,2.988,2.048,149,900
232.12676928648887,65.3,1.68,2,0,0,7.006,5.591,4.53,149,900
232.13382458150582,65.3,1.68,3,0,0,10.385,7.547,7.321,149,900
232.18590838700325,65.3,1.68,2,0,0,7.006,5.591,4.53,149,900
232.20694581428282,65.3,1.68,3,0,0,10.385,7.547,7.321,149,900
232.63623692891224,65.3,21.0,2,0,0,7.006,5.591,4.53,149,900
232.6984322889704,65.3,21.0,3,0,0,10.385,7.547,7.321,149,900
232.95068871205623,65.3,21.0,2,0,0,7.006,5.591,4.53,149,900
233.01388738834066,65.30336948509436,21.0,3,0,0,10.385,7.547,7.321,149,900
233.2166892788592,69.1,21.0,2,0,0,7.006,5.591,4.53,149,900
233.24031535745058,69.1,21.0,1,0,0,3.311,2.988,2.048,149,900
233.24461183128616,69.1,21.0,2,0,0,7.006,5.591,4.53,149,900
233.2730023551513,69.1,21.0,1,0,0,3.311,2.988,2.048,149,900
233.33587088811854,69.1,21.0,2,0,0,7.006,5.591,4.53,149,900
233.35568829013363,69.1,21.0,3,0,0,10.385,7.547,7.321,149,900
233.54320144234066,69.1,21.0,2,0,0,7.006,5.591,4.53,149,900
233.57656207826088,69.1,21.0,1,0,0,3.311,2.988,2.048,149,900
233.57749141060734,69.1,21.0,2,0,0,7.006,5.591,4.53,149,900
233.6021655041974,69.1,21.0,1,0,0,3.311,2.988,2.048,149,900
233.66597721830357,69.1,21.0,2,0,0,7.006,5.591,4.53,149,900
233.71836222381756,69.1,21.0,3,0,0,10.385,7.547,7.321,149,900
233.7736685119947,69.1,21.0,3,1,0,17.589,12.354,12.134,150,900
233.7877172924825,69.1,21.0,3,0,0,10.385,7.547,7.321,150,900
233.8823213564825,69.1,21.0,2,0,0,7.006,5.591,4.53,150,900
233.94773441395498,69.1,21.0,1,0,0,3.311,2.988,2.048,150,900
233.9756837538056,69.1,21.0,2,0,0,7.006,5.591,4.53,150,900
234.08810792800136,69.1,21.0,3,0,0,10.385,7.547,7.321,150,900
234.1251345459476,69.1,21.0,2,0,0,7.006,5.591,4.53,150,900
234.15383624860362,69.1,21.0,3,0,0,10.385,7.547,7.321,150,900
234.3491578904247,69.1,1.78,2,0,0,7.006,5.591,4.53,150,900
234.38342787323774,69.1,1.78,1,0,0,3.311,2.988,2.048,150,900
234.41351786773313,69.1,1.78,0,0,0,0.0,0.0,0.0,150,900
234.43073237189603,69.1,1.78,1,0,0,3.311,2.988,2.048,150,900
234.49921960673282,69.1,1.78,2,0,0,7.006,5.591,4.53,150,900
234.50140121994107,69.1,1.78,3,0,0,10.385,7.547,7.321,150,900
234.702734067896,69.1,1.78,2,0,0,7.006,5.591,4.53,150,900
234.70330738634448,69.1,1.78,1,0,0,3.311,2.988,2.048,150,900
234.73710189211292,69.1,1.78,0,0,0,0.0,0.0,0.0,150,900
234.82375442077168,69.1,1.78,1,0,0,3.311,2.988,2.048,150,900
235.03184952931542,69.1,1.78,0,0,0,0.0,0.0,0.0,150,900
235.15733982567465,69.1,1.78,1,0,0,3.311,2.988,2.048,150,900
235.37041576715038,69.1,1.78,0,0,0,0.0,0.0,0.0,150,900
235.5005582554416,69.1,1.78,1,0,0,3.311,2.988,2.048,150,900
235.54502750490653,69.1,1.78,1,1,0,9.246,7.695,5.518,151,900
235.7191149978493,69.1,1.78,0,1,0,4.554,4.957,2.003,151,900
235.7885311089934,69.1,1.78,0,0,0,0.0,0.0,0.0,151,900
235.85409051407257,69.1,1.78,1,0,0,3.311,2.988,2.048,151,900
236.07680428141242,69.1,1.78,0,0,0,0.0,0.0,0.0,151,900
236.2167679235678,69.1,1.78,1,0,0,3.311,2.988,2.048,151,900
236.44426757983962,69.3776697250858,40.8,0,0,0,0.0,0.0,0.0,151,900
236.589222582927,70.0,40.8,1,0,0,3.311,2.988,2.048,151,900
236.82220771213085,70.0,40.8,0,0,0,0.0,0.0,0.0,151,900
237.35255546964265,70.0,40.8,0,0,1,0.528,0.57,0.438,151,900
237.52323774164267,70.0,40.8,0,0,0,0.0,0.0,0.0,151,900
237.61295594215034,70.0,40.8,1,0,0,3.311,2.988,2.048,151,900
237.8695142344107,70.0,40.8,0,0,0,0.0,0.0,0.0,151,900
238.79631934164283,70.0,1.88,1,1,0,9.246,7.695,5.518,152,900
238.90831934164282,70.0,1.88,1,0,0,3.311,2.988,2.048,152,900
239.04055415764287,70.0,1.88,0,0,0,0.0,0.0,0.0,152,900
242.32881345845308,69.8,7.74604479222692,1,1,0,9.246,7.695,5.518,153,900
242.4233134584531,69.8,39.8,1,0,0,3.311,2.988,2.048,153,900
242.55554827445312,69.8,39.8,0,0,0,0.0,0.0,0.0,153,900
242.7283762149482,69.8,39.8,0,0,1,0.528,0.57,0.438,153,900
242.7567884869482,69.8,39.8,0,0,0,0.0,0.0,0.0,153,900
242.78694071164338,69.8,39.8,1,0,0,3.311,2.988,2.048,153,900
243.0811453502994,69.8,39.8,0,0,0,0.0,0.0,0.0,153,900
243.3844757368967,67.0,39.8,0,0,1,0.528,0.57,0.438,153,900
243.41293800889667,67.0,39.8,0,0,0,0.0,0.0,0.0,153,900
243.91173341739196,67.0,39.8,1,1,0,9.246,7.695,5.518,154,900
243.92773341739198,67.0,39.8,1,0,0,3.311,2.988,2.048,154,900
243.9909142173921,67.0,39.8,0,0,0,0.0,0.0,0.0,154,900
244.082246876494,67.0,39.8,1,0,0,3.311,2.988,2.048,154,900
244.1250614154254,67.0,39.8,2,1,0,13.279,10.07,9.16,155,900
244.13817094600861,67.0,39.8,2,0,0,7.006,5.591,4.53,155,900
244.1519231173508,67.0,39.8,3,1,0,17.589,12.354,12.134,156,900
244.16453050449172,67.0,39.8,3,0,0,10.385,7.547,7.321,156,900
244.18961139273392,67.0,39.8,3,1,0,17.589,12.354,12.134,157,900
244.20398892783535,67.0,39.8,3,0,0,10.385,7.547,7.321,157,900
244.2240787628693,67.0,39.8,2,0,0,7.006,5.591,4.53,157,900
244.25913456849176,67.0,39.8,1,0,0,3.311,2.988,2.048,157,900
244.29088973188067,67.0,39.8,2,0,0,7.006,5.591,4.53,157,900
244.29859299183533,67.0,39.8,1,0,0,3.311,2.988,2.048,157,900
244.31854431688404,67.0,39.8,2,0,0,7.006,5.591,4.53,157,900
244.3473100670472,67.0,39.8,3,0,0,10.385,7.547,7.321,157,900
244.46431213817215,67.0,20.792972782129976,2,0,0,7.006,5.591,4.53,157,900
244.48581331818266,67.0,12.440981865946231,1,0,0,3.311,2.988,2.048,157,900
244.52346125139144,67.0,1.59,2,0,0,7.006,5.591,4.53,157,900
244.53594643456415,67.0,1.59,1,0,0,3.311,2.988,2.048,157,900
244.56192633009982,67.0,1.59,2,0,0,7.006,5.591,4.53,157,900
244.5697275750931,67.0,1.59,3,1,0,17.589,12.354,12.134,158,900
244.62252757509313,67.0,1.59,3,0,0,10.385,7.547,7.321,158,900
244.717131639093,67.0,1.59,2,0,0,7.006,5.591,4.53,158,900
244.71897909899383,67.0,1.59,1,0,0,3.311,2.988,2.048,158,900
244.76287833849375,67.0,1.59,2,0,0,7.006,5.591,4.53,158,900
244.78038441909075,67.0,1.59,1,0,0,3.311,2.988,2.048,158,900
244.81152840614104,67.0,1.59,2,0,0,7.006,5.591,4.53,158,900
244.8127480798127,67.0,1.59,3,0,0,10.385,7.547,7.321,158,900
244.95876238799744,67.0,1.59,2,0,0,7.006,5.591,4.53,158,900
244.9633492492548,67.0,1.59,1,0,0,3.311,2.988,2.048,158,900
245.00827648318796,67.0,1.59,2,0,0,7.006,5.591,4.53,158,900
245.0554164846614,67.0,1.59,3,0,0,10.385,7.547,7.321,158,900
245.22220425003474,67.0,1.59,2,0,0,7.006,5.591,4.53,158,900
245.24507006441152,67.0,1.59,1,0,0,3.311,2.988,2.048,158,900
245.25979398847392,67.0,1.59,2,0,0,7.006,5.591,4.53,158,900
245.30346583177362,67.0,1.59,3,0,0,10.385,7.547,7.321,158,900
245.45409210714985,67.0,1.59,2,0,0,7.006,5.591,4.53,158,900
245.47198748914425,67.0,1.59,3,0,0,10.385,7.547,7.321,158,900
245.48801262364037,67.0,1.59,2,0,0,7.006,5.591,4.53,158,900
245.51730538135158,67.0,1.59,3,0,0,10.385,7.547,7.321,158,900
245.539174404265,67.0,1.59,2,0,0,7.006,5.591,4.53,158,900
245.55713405100616,67.0,1.59,3,0,0,10.385,7.547,7.321,158,900
245.7485615064426,67.0,1.59,2,0,0,7.006,5.591,4.53,158,900
245.77872867144964,67.0,1.59,3,0,0,10.385,7.547,7.321,158,900
245.84071508955802,67.0,1.59,2,0,0,7.006,5.591,4.53,158,900
245.85500166193918,67.0,1.59,3,0,0,10.385,7.547,7.321,158,900
246.04948675401576,67.0,1.59,2,0,0,7.006,5.591,4.53,158,900
246.08890117535296,67.0,1.59,3,0,0,10.385,7.547,7.321,158,900
246.15001221329044,67.0,1.59,2,0,0,7.006,5.591,4.53,158,900
246.15955971515254,67.0,1.59,3,0,0,10.385,7.547,7.321,158,900
246.35675348386934,67.0,1.59,2,0,0,7.006,5.591,4.53,158,900
246.40036040731394,67.0,1.59,3,0,0,10.385,7.547,7.321,158,900
246.46825585446243,67.0,36.21663183902249,2,0,0,7.006,5.591,4.53,158,900
246.47007870664638,67.0,37.36379652047292,3,0,0,10.385,7.547,7.321,158,900
246.48455590341158,67.0,46.47464432343231,3,0,1,11.271,8.091,7.803,158,900
246.5163581754116,66.94934407354658,64.9,3,0,0,10.385,7.547,7.321,158,900
246.6715174080035,65.0,64.9,2,0,0,7.006,5.591,4.53,158,900
246.7193691331132,65.0,64.9,3,0,0,10.385,7.547,7.321,158,900
246.99401031686696,65.0,64.9,2,0,0,7.006,5.591,4.53,158,900
247.0450970566097,65.0,64.9,3,0,0,10.385,7.547,7.321,158,900
247.10602015951926,65.0,64.9,2,0,0,7.006,5.591,4.53,158,900
247.12382999778998,65.0,64.9,3,0,0,10.385,7.547,7.321,158,900
247.12684574012485,65.0,64.9,2,0,0,7.006,5.591,4.53,158,900
247.25318642792908,65.0,64.9,1,0,0,3.311,2.988,2.048,158,900
247.34125710194388,65.0,64.9,0,0,0,0.0,0.0,0.0,158,900
247.40588862602888,65.0,64.9,1,0,0,3.311,2.988,2.048,158,900
247.5482361488035,65.0,64.9,2,0,0,7.006,5.591,4.53,158,900
247.56023948071302,65.0,64.9,3,0,0,10.385,7.547,7.321,158,900
247.65912950088514,65.0,64.9,2,0,0,7.006,5.591,4.53,158,900
247.6776460988139,65.0,64.9,3,1,0,17.589,12.354,12.134,159,900
247.7062460988139,65.0,64.9,3,0,0,10.385,7.547,7.321,159,900
247.8053743336458,65.0,64.9,2,0,0,7.006,5.591,4.53,159,900
247.82600896517448,65.0,64.9,1,0,0,3.311,2.988,2.048,159,900
247.89278953125836,65.0,64.9,2,0,0,7.006,5.591,4.53,159,900
247.99256640028426,65.0,64.9,1,0,0,3.311,2.988,2.048,159,900
248.03509211866577,65.0,64.9,0,0,0,0.0,0.0,0.0,159,900
248.13019344285098,65.0,64.9,1,0,0,3.311,2.988,2.048,159,900
248.1939435151376,65.0,64.9,2,0,0,7.006,5.591,4.53,159,900
248.27631763499917,65.0,64.9,1,0,0,3.311,2.988,2.048,159,900
248.3748314109251,65.0,64.9,2,0,0,7.006,5.591,4.53,159,900
248.45323800441375,65.0,39.87241326267291,1,0,0,3.311,2.988,2.048,159,900
248.52418101581404,65.0,1.65,0,0,0,0.0,0.0,0.0,159,900
248.62581994948073,65.0,1.65,1,0,0,3.311,2.988,2.048,159,900
248.7782685351104,65.0,1.65,0,0,0,0.0,0.0,0.0,159,900
248.88317035551785,65.0,1.65,1,0,0,3.311,2.988,2.048,159,900
249.03858902588817,65.0,1.65,0,0,0,0.0,0.0,0.0,159,900
249.14663616303628,65.0,1.65,1,0,0,3.311,2.988,2.048,159,900
249.34310427814736,65.0,1.65,0,0,0,0.0,0.0,0.0,159,900
249.45483335799923,65.0,1.65,1,0,0,3.311,2.988,2.048,159,900
249.65464284081412,65.0,1.65,0,0,0,0.0,0.0,0.0,159,900
249.77028845736967,65.0,1.65,1,0,0,3.311,2.988,2.048,159,900
249.79622186399445,65.0,1.65,1,1,0,9.246,7.695,5.518,160,900
249.97309034788816,64.2,1.65,0,1,0,4.554,4.957,2.003,160,900
250.04537764199438,64.2,1.65,0,0,0,0.0,0.0,0.0,160,900
250.09227195714737,64.2,1.65,1,0,0,3.311,2.988,2.048,160,900
250.2996025113696,64.2,1.65,0,0,0,0.0,0.0,0.0,160,900
250.42237828733258,64.2,1.6438801864556312,1,0,0,3.311,2.988,2.048,160,900
250.63316697725855,64.2,1.58,0,0,0,0.0,0.0,0.0,160,900
251.1871334409251,64.2,1.58,1,0,0,3.311,2.988,2.048,160,900
251.46281633368827,64.2,1.58,0,0,0,0.0,0.0,0.0,160,900
252.85820887529945,64.2,31.3,1,1,0,9.246,7.695,5.518,161,900
252.86713910785758,64.2,31.3,1,0,0,3.311,2.988,2.048,161,900
252.93031990785755,64.2,31.3,0,0,0,0.0,0.0,0.0,161,900
253.00496027325678,64.2,31.3,1,0,0,3.311,2.988,2.048,161,900
253.09901045673357,64.2,31.3,0,0,0,0.0,0.0,0.0,161,900
253.17538854559785,64.2,31.3,1,0,0,3.311,2.988,2.048,161,900
253.2715092855397,68.42479010220569,31.3,0,0,0,0.0,0.0,0.0,161,900
253.35080609354503,71.5,31.3,1,0,0,3.311,2.988,2.048,161,900
253.4501650191288,71.5,31.3,0,0,0,0.0,0.0,0.0,161,900
253.53193427112882,71.5,31.3,1,0,0,3.311,2.988,2.048,161,900
253.6650765900121,71.5,31.3,0,0,0,0.0,0.0,0.0,161,900
253.74916291019483,71.5,31.3,1,0,0,3.311,2.988,2.048,161,900
253.88355016926087,71.5,31.3,0,0,0,0.0,0.0,0.0,161,900
253.96963150962637,71.5,31.3,1,0,0,3.311,2.988,2.048,161,900
254.10610770887513,71.5,31.3,0,0,0,0.0,0.0,0.0,161,900
254.19452064342335,71.5,31.3,1,0,0,3.311,2.988,2.048,161,900
254.33384965485487,71.5,31.3,0,0,0,0.0,0.0,0.0,161,900
254.42450007658584,71.5,31.3,1,0,0,3.311,2.988,2.048,161,900
254.56617732420008,71.5,15.705379869839527,0,0,0,0.0,0.0,0.0,161,900
254.6591095171138,71.5,1.87,1,0,0,3.311,2.988,2.048,161,900
254.8021040249108,71.5,1.87,0,0,0,0.0,0.0,0.0,161,900
254.89722624800723,71.5,1.87,1,0,0,3.311,2.988,2.048,161,900
255.04308579198687,71.5,1.87,0,0,0,0.0,0.0,0.0,161,900
255.14042972126606,71.5,1.87,1,0,0,3.311,2.988,2.048,161,900
255.28835222142845,71.5,1.87,0,0,0,0.0,0.0,0.0,161,900
255.3878780818904,71.5,1.87,1,0,0,3.311,2.988,2.048,161,900
255.53755845023557,71.5,1.87,0,0,0,0.0,0.0,0.0,161,900
255.63942170088023,71.5,1.87,1,0,0,3.311,2.988,2.048,161,900
255.7917676174081,71.5,1.87,0,0,0,0.0,0.0,0.0,161,900
255.89562233423555,71.5,1.87,1,0,0,3.311,2.988,2.048,161,900
256.0496805829463,71.5,1.87,0,0,0,0.0,0.0,0.0,161,900
256.1060008955916,71.5,1.87,1,0,0,3.311,2.988,2.048,161,900
256.264020788485,71.5,1.87,0,0,0,0.0,0.0,0.0,161,900
256.37266448867774,71.5,1.87,1,0,0,3.311,2.988,2.048,161,900
256.390496002646,71.5,1.87,1,0,1,3.994,3.474,2.656,161,900
256.40551991316556,71.5,1.87,1,1,1,9.384,7.485,6.716,162,900
256.441678274646,71.5,1.87,1,1,0,9.246,7.695,5.518,162,900
256.4744506341747,71.5,1.87,1,1,1,9.384,7.485,6.716,162,900
256.50257042800763,71.5,1.87,1,0,1,3.994,3.474,2.656,162,900
256.54683290617464,71.5,7.707595405953911,1,0,0,3.311,2.988,2.048,162,900
256.56642256975397,71.5,11.109658839662195,0,0,0,0.0,0.0,0.0,162,900
256.6022080692844,71.5,17.324392386064694,0,0,1,0.528,0.57,0.438,162,900
256.63054034128453,70.88846875663944,19.3,0,0,0,0.0,0.0,0.0,162,900
256.677671511013,69.18868531273044,19.3,1,0,0,3.311,2.988,2.048,162,900
256.87683297515497,67.9,19.3,0,0,0,0.0,0.0,0.0,162,900
257.0391551969561,67.9,19.3,1,0,0,3.311,2.988,2.048,162,900
257.2886862504971,67.9,19.3,0,0,0,0.0,0.0,0.0,162,900
257.45516993621607,67.9,19.3,1,0,0,3.311,2.988,2.048,162,900
257.4950730258848,67.9,19.3,2,1,0,13.279,10.07,9.16,163,900
257.53647302588473,67.9,19.3,2,0,0,7.006,5.591,4.53,163,900
257.59525987464536,67.9,19.3,3,1,0,17.589,12.354,12.134,164,900
257.5996538258847,67.9,19.3,2,1,0,13.279,10.07,9.16,164,900
257.6071056330001,67.9,19.3,2,0,0,7.006,5.591,4.53,164,900
257.6702864330002,67.9,19.3,1,0,0,3.311,2.988,2.048,164,900
257.69041976728624,67.9,19.3,2,0,0,7.006,5.591,4.53,164,900
257.70987073967495,67.9,19.3,1,0,0,3.311,2.988,2.048,164,900
257.72161450617415,67.9,19.3,2,1,0,13.279,10.07,9.16,165,900
257.7553195477406,67.9,19.3,3,1,0,17.589,12.354,12.134,165,900
257.7673145061742,67.9,19.3,3,0,0,10.385,7.547,7.321,165,900
257.78641427066617,67.9,19.3,3,1,0,17.589,12.354,12.134,166,900
257.80171427066625,67.9,19.3,3,0,0,10.385,7.547,7.321,166,900
257.8598613414324,67.9,19.3,2,0,0,7.006,5.591,4.53,166,900
257.86191857017445,67.9,19.3,1,0,0,3.311,2.988,2.048,166,900
257.8807121413123,67.9,19.3,2,0,0,7.006,5.591,4.53,166,900
257.89631833466643,67.9,19.3,1,0,0,3.311,2.988,2.048,166,900
257.9255406451259,67.9,19.3,2,0,0,7.006,5.591,4.53,166,900
257.94722534487966,67.9,19.3,3,0,0,10.385,7.547,7.321,166,900
258.0988653712824,67.9,19.3,2,0,0,7.006,5.591,4.53,166,900
258.1326513282276,67.9,19.3,1,0,0,3.311,2.988,2.048,166,900
258.13927533468893,67.9,19.3,0,0,0,0.0,0.0,0.0,166,900
258.1676706232792,67.9,19.3,1,0,0,3.311,2.988,2.048,166,900
258.1757723523835,67.9,19.3,2,0,0,7.006,5.591,4.53,166,900
258.19540156355487,67.9,19.3,3,0,0,10.385,7.547,7.321,166,900
258.2292515294135,67.9,19.3,3,1,0,17.589,12.354,12.134,167,900
258.2430686208678,67.9,19.3,3,0,0,10.385,7.547,7.321,167,900
258.3429733077071,67.9,19.3,2,0,0,7.006,5.591,4.53,167,900
258.3761051602442,67.9,19.3,1,0,0,3.311,2.988,2.048,167,900
258.40958806620347,67.9,19.3,2,0,0,7.006,5.591,4.53,167,900
258.41594519174623,67.9,19.3,3,0,0,10.385,7.547,7.321,167,900
258.5770767425381,67.9,8.307283542016487,2,0,0,7.006,5.591,4.53,167,900
258.6312130674482,67.9,2.06,1,0,0,3.311,2.988,2.048,167,900
258.64903555533965,67.9,2.06,2,0,0,7.006,5.591,4.53,167,900
258.6636505187161,67.9,2.06,1,0,0,3.311,2.988,2.048,167,900
258.668828253205,67.9,2.06,2,0,0,7.006,5.591,4.53,167,900
258.6705026535272,67.9,2.06,3,0,0,10.385,7.547,7.321,167,900
259.064789145064,67.9,2.06,2,0,0,7.006,5.591,4.53,167,900
259.0649598571987,67.9,2.06,3,0,0,10.385,7.547,7.321,167,900
259.0887871866878,67.9,2.06,2,0,0,7.006,5.591,4.53,167,900
259.1447761735608,67.9,2.06,3,0,0,10.385,7.547,7.321,167,900
259.3202940112426,67.9,2.06,2,0,0,7.006,5.591,4.53,167,900
259.339987382704,67.9,2.06,3,0,0,10.385,7.547,7.321,167,900
259.5695890182548,67.9,2.06,2,0,0,7.006,5.591,4.53,167,900
259.5821095878108,67.9,2.06,1,0,0,3.311,2.988,2.048,167,900
259.6545355307117,67.9,2.06,2,0,0,7.006,5.591,4.53,167,900
259.66253465304675,67.9,2.06,3,0,0,10.385,7.547,7.321,167,900
259.88819766476865,67.9,2.06,2,0,0,7.006,5.591,4.53,167,900
259.9413625720997,69.29878883106514,2.06,1,0,0,3.311,2.988,2.048,167,900
259.97613044179525,71.03445692681977,2.06,2,0,0,7.006,5.591,4.53,167,900
259.98730123978527,71.59212116811732,2.06,3,0,0,10.385,7.547,7.321,167,900
260.20139789660055,72.9,2.06,2,0,0,7.006,5.591,4.53,167,900
260.21077331888233,72.9,2.06,1,0,0,3.311,2.988,2.048,167,900
260.3054042149548,72.9,2.06,2,0,0,7.006,5.591,4.53,167,900
260.3179159935826,72.9,2.06,3,0,0,10.385,7.547,7.321,167,900
260.5409376287729,72.9,2.0209130214292648,2,0,0,7.006,5.591,4.53,167,900
260.5435126484769,72.9,2.0173196333839205,1,0,0,3.311,2.988,2.048,167,900
260.6416944292258,72.9,1.92,2,0,0,7.006,5.591,4.53,167,900
260.67198835600254,72.9,1.92,3,0,0,10.385,7.547,7.321,167,900
260.697973872746,72.9,1.92,2,0,0,7.006,5.591,4.53,167,900
260.84994743888706,72.9,1.92,1,0,0,3.311,2.988,2.048,167,900
260.89055274672245,72.9,1.92,0,0,0,0.0,0.0,0.0,167,900
260.97368453974315,72.9,1.92,1,0,0,3.311,2.988,2.048,167,900
260.99722674688184,72.9,1.92,2,0,0,7.006,5.591,4.53,167,900
261.02538059687254,72.9,1.92,3,0,0,10.385,7.547,7.321,167,900
261.18411653309414,72.9,1.92,2,0,0,7.006,5.591,4.53,167,900
261.2480385915126,72.9,1.92,1,0,0,3.311,2.988,2.048,167,900
261.25905121534134,72.9,1.92,0,0,0,0.0,0.0,0.0,167,900
261.28114399570296,72.9,1.92,1,0,0,3.311,2.988,2.048,167,900
261.3106552702682,72.9,1.92,2,0,0,7.006,5.591,4.53,167,900
261.32045985868785,72.9,1.92,3,1,0,17.589,12.354,12.134,168,900
261.36825985868785,72.9,1.92,3,0,0,10.385,7.547,7.321,168,900
261.54296846416224,72.9,1.92,2,0,0,7.006,5.591,4.53,168,900
261.5595091104864,72.9,1.92,3,0,0,10.385,7.547,7.321,168,900
261.5754406230413,72.9,1.92,2,0,0,7.006,5.591,4.53,168,900
261.611633580563,72.9,1.92,1,0,0,3.311,2.988,2.048,168,900
261.70656185947996,72.9,1.92,0,0,0,0.0,0.0,0.0,168,900
261.737711960625,72.9,1.92,1,0,0,3.311,2.988,2.048,168,900
261.7546445420439,72.9,1.92,2,0,0,7.006,5.591,4.53,168,900
261.80667939864225,72.9,1.92,3,0,0,10.385,7.547,7.321,168,900
261.9578641479994,72.9,1.92,2,0,0,7.006,5.591,4.53,168,900
261.98195278501476,72.9,1.92,1,0,0,3.311,2.988,2.048,168,900
261.999666846153,72.9,1.92,0,0,0,0.0,0.0,0.0,168,900
262.0617045345254,72.9,1.92,1,0,0,3.311,2.988,2.048,168,900
262.2537414762461,72.9,1.92,0,0,0,0.0,0.0,0.0,168,900
262.36144123633056,72.9,1.92,1,0,0,3.311,2.988,2.048,168,900
262.5566895796096,72.9,1.92,0,0,0,0.0,0.0,0.0,168,900
262.6686366742526,72.9,14.469691156160042,1,0,0,3.311,2.988,2.048,168,900
262.86806992309016,72.9,24.8,0,0,0,0.0,0.0,0.0,168,900
262.98387328229137,72.9,24.8,1,0,0,3.311,2.988,2.048,168,900
263.18799140468764,72.9,24.8,0,0,0,0.0,0.0,0.0,168,900
263.3078318644473,72.9,24.8,1,0,0,3.311,2.988,2.048,168,900
263.5153110844019,68.3,24.8,0,0,0,0.0,0.0,0.0,168,900
263.6393437427201,68.3,24.8,1,0,0,3.311,2.988,2.048,168,900
263.85081292423325,68.3,24.8,0,0,0,0.0,0.0,0.0,168,900
264.05306839699364,68.3,24.8,0,1,0,4.554,4.957,2.003,169,900
264.3502241749935,68.3,24.8,0,0,0,0.0,0.0,0.0,169,900
264.9619802521099,68.3,2.03,1,0,0,3.311,2.988,2.048,169,900
264.98280395232564,68.3,2.03,2,0,0,7.006,5.591,4.53,169,900
265.22499248915466,68.3,2.03,1,0,0,3.311,2.988,2.048,169,900
265.6547523268986,68.3,2.03,0,0,0,0.0,0.0,0.0,169,900
265.68246931889854,68.3,2.03,0,0,1,0.528,0.57,0.438,169,900
265.795111929066,68.3,2.03,0,0,0,0.0,0.0,0.0,169,900
265.8915915876738,68.3,2.03,0,0,1,0.528,0.57,0.438,169,900
266.00819393302186,68.3,2.03,0,0,0,0.0,0.0,0.0,169,900
267.1068716308103,70.6,51.5,1,1,0,9.246,7.695,5.518,170,900
267.14747074975304,70.6,51.5,1,0,0,3.311,2.988,2.048,170,900
267.27970556575315,70.6,51.5,0,0,0,0.0,0.0,0.0,170,900
269.6388692964162,70.6,1.69,1,0,0,3.311,2.988,2.048,170,900
269.9529819014613,70.6,1.69,0,0,0,0.0,0.0,0.0,170,900
270.5102611830076,68.9,1.69,1,1,0,9.246,7.695,5.518,171,900
270.5861611830076,68.9,1.69,1,0,0,3.311,2.988,2.048,171,900
270.60580851515357,68.9,1.69,1,0,1,3.994,3.474,2.656,171,900
270.6499907871536,68.9,1.69,1,0,0,3.311,2.988,2.048,171,900
270.7183959990076,68.9,1.6986099358245175,0,0,0,0.0,0.0,0.0,171,900
271.0348147403416,68.9,1.85,1,1,0,9.246,7.695,5.518,172,900
271.0489497096668,68.9,1.85,1,0,0,3.311,2.988,2.048,172,900
271.14355377366684,68.9,1.85,0,0,0,0.0,0.0,0.0,172,900
271.18478375746133,68.9,1.85,1,1,0,9.246,7.695,5.518,173,900
271.22558375746127,68.9,1.85,1,0,0,3.311,2.988,2.048,173,900
271.23722632420055,68.9,1.85,2,0,0,7.006,5.591,4.53,173,900
271.2887645574612,68.9,1.85,1,0,0,3.311,2.988,2.048,173,900
271.32636198916276,68.9,1.85,2,1,0,13.279,10.07,9.16,174,900
271.37911407207196,68.9,1.85,3,1,0,17.589,12.354,12.134,174,900
271.38127842521277,68.9,1.85,2,1,0,13.279,10.07,9.16,174,900
271.39766198916277,68.9,1.85,2,0,0,7.006,5.591,4.53,174,900
271.4244841480418,68.9,1.85,3,1,0,17.589,12.354,12.134,175,900
271.48798414804185,68.9,1.85,3,0,0,10.385,7.547,7.321,175,900
271.5298968051627,68.9,1.85,2,0,0,7.006,5.591,4.53,175,900
271.5825882120416,68.9,1.85,1,0,0,3.311,2.988,2.048,175,900
271.6133704063005,68.9,1.85,2,0,0,7.006,5.591,4.53,175,900
271.626215278458,68.9,1.85,1,0,0,3.311,2.988,2.048,175,900
271.64391626016254,68.9,1.85,2,0,0,7.006,5.591,4.53,175,900
271.6888956360416,68.9,1.85,3,0,0,10.385,7.547,7.321,175,900
271.80578794768337,68.9,1.85,3,1,0,17.589,12.354,12.134,176,900
271.82328794768335,68.9,1.85,3,0,0,10.385,7.547,7.321,176,900
271.88646874768335,68.9,1.85,2,0,0,7.006,5.591,4.53,176,900
271.91533502140277,68.9,1.85,1,0,0,3.311,2.988,2.048,176,900
271.9593293821625,68.9,1.85,2,0,0,7.006,5.591,4.53,176,900
271.9765446389351,68.9,1.85,3,0,0,10.385,7.547,7.321,176,900
272.16070141416225,68.9,1.85,2,0,0,7.006,5.591,4.53,176,900
272.2102329037405,68.9,1.85,3,0,0,10.385,7.547,7.321,176,900
272.2110773680036,68.9,1.85,2,0,0,7.006,5.591,4.53,176,900
272.25119237104116,68.9,1.85,3,0,0,10.385,7.547,7.321,176,900
272.2525114444259,68.9,1.85,2,0,0,7.006,5.591,4.53,176,900
272.2747081661621,68.9,1.85,3,0,0,10.385,7.547,7.321,176,900
272.5088670838237,68.9,1.85,2,0,0,7.006,5.591,4.53,176,900
272.5148037832611,68.9,1.85,1,0,0,3.311,2.988,2.048,176,900
272.55118366804095,68.9,1.85,2,0,0,7.006,5.591,4.53,176,900
272.5791306758764,68.9,1.85,3,0,0,10.385,7.547,7.321,176,900
272.59812075514316,68.9,1.85,2,0,0,7.006,5.591,4.53,176,900
272.615034546841,68.9,1.85,3,0,0,10.385,7.547,7.321,176,900
272.77204516598414,68.9,13.167177214634918,2,0,0,7.006,5.591,4.53,176,900
272.82662316517496,68.9,21.1,1,0,0,3.311,2.988,2.048,176,900
272.8477975980207,68.9,21.1,0,0,0,0.0,0.0,0.0,176,900
272.85058360404076,68.9,21.1,1,0,0,3.311,2.988,2.048,176,900
272.8759294493623,68.9,21.1,2,0,0,7.006,5.591,4.53,176,900
272.88141753388277,68.9,21.1,3,0,0,10.385,7.547,7.321,176,900
273.07835039890733,68.9,21.1,2,0,0,7.006,5.591,4.53,176,900
273.10345762892706,68.9,21.1,1,0,0,3.311,2.988,2.048,176,900
273.14539257374537,68.9,21.1,0,0,0,0.0,0.0,0.0,176,900
273.1501508340406,68.9,21.1,1,0,0,3.311,2.988,2.048,176,900
273.180367332065,68.9,21.1,2,0,0,7.006,5.591,4.53,176,900
273.19119651681325,68.9,21.1,3,0,0,10.385,7.547,7.321,176,900
273.3780848356024,68.9,21.1,2,0,0,7.006,5.591,4.53,176,900
273.39119695884517,68.9,21.1,1,0,0,3.311,2.988,2.048,176,900
273.4450717167595,68.9,21.1,2,0,0,7.006,5.591,4.53,176,900
273.4718959709726,68.9,21.1,1,0,0,3.311,2.988,2.048,176,900
273.4748930882006,68.9,21.1,2,0,0,7.006,5.591,4.53,176,900
273.4917526719846,68.9,21.1,3,0,0,10.385,7.547,7.321,176,900
273.69258012963047,70.0,21.1,2,0,0,7.006,5.591,4.53,176,900
273.7082822551035,70.0,21.1,3,0,0,10.385,7.547,7.321,176,900
273.7083366202615,70.0,21.1,2,0,0,7.006,5.591,4.53,176,900
273.7838827604669,70.0,21.1,3,0,0,10.385,7.547,7.321,176,900
273.80683617585606,70.0,21.1,2,0,0,7.006,5.591,4.53,176,900
273.80995942512084,70.0,21.1,3,0,0,10.385,7.547,7.321,176,900
273.98347683439493,70.0,21.1,2,0,0,7.006,5.591,4.53,176,900
274.0143030490936,70.0,21.1,1,0,0,3.311,2.988,2.048,176,900
274.0149214610722,70.0,21.1,2,0,0,7.006,5.591,4.53,176,900
274.03230369785524,70.0,21.1,1,0,0,3.311,2.988,2.048,176,900
274.0995674463374,70.0,21.1,2,0,0,7.006,5.591,4.53,176,900
274.13278360632876,70.0,21.1,3,0,0,10.385,7.547,7.321,176,900
274.3035220345676,70.0,21.1,2,0,0,7.006,5.591,4.53,176,900
274.3284308947076,70.0,21.1,3,0,0,10.385,7.547,7.321,176,900
274.33891300812473,70.0,21.1,2,0,0,7.006,5.591,4.53,176,900
274.3629271866268,70.0,21.1,1,0,0,3.311,2.988,2.048,176,900
274.42320144681224,70.0,21.1,2,0,0,7.006,5.591,4.53,176,900
274.438400359912,70.0,21.1,3,0,0,10.385,7.547,7.321,176,900
274.85387371152547,70.0,1.64,2,0,0,7.006,5.591,4.53,176,900
274.91698018412035,70.0,1.64,1,0,0,3.311,2.988,2.048,176,900
274.96494660126916,70.0,1.64,0,0,0,0.0,0.0,0.0,176,900
274.9665297883401,70.0,1.64,1,0,0,3.311,2.988,2.048,176,900
274.97392915901656,70.0,1.64,2,0,0,7.006,5.591,4.53,176,900
275.0010260141543,70.0,1.64,3,1,0,17.589,12.354,12.134,177,900
275.0159386355135,70.0,1.64,3,0,0,10.385,7.547,7.321,177,900
275.1105426995136,70.0,1.64,2,0,0,7.006,5.591,4.53,177,900
275.1817378614587,70.0,1.64,1,0,0,3.311,2.988,2.048,177,900
275.2070136550669,70.0,1.64,2,0,0,7.006,5.591,4.53,177,900
275.22497264935424,70.0,1.64,1,0,0,3.311,2.988,2.048,177,900
275.2628208163384,70.0,1.64,2,0,0,7.006,5.591,4.53,177,900
275.35389053005053,70.0,1.64,1,0,0,3.311,2.988,2.048,177,900
275.3554509229499,70.0,1.64,2,0,0,7.006,5.591,4.53,177,900
275.4538223446169,70.0,1.64,3,0,0,10.385,7.547,7.321,177,900
275.52285896616223,70.0,1.64,2,0,0,7.006,5.591,4.53,177,900
275.56353947785476,70.0,1.64,1,0,0,3.311,2.988,2.048,177,900
275.6048197276137,70.0,1.64,0,0,0,0.0,0.0,0.0,177,900
275.70846289719304,70.0,1.64,1,0,0,3.311,2.988,2.048,177,900
275.90030098020264,70.0,1.64,0,0,0,0.0,0.0,0.0,177,900
276.00779038922525,70.0,1.64,1,0,0,3.311,2.988,2.048,177,900
276.2028267396783,70.0,1.64,0,0,0,0.0,0.0,0.0,177,900
276.31455034914427,70.0,1.64,1,0,0,3.311,2.988,2.048,177,900
276.51375847104066,70.0,1.64,0,0,0,0.0,0.0,0.0,177,900
276.62932521094996,70.0,1.64,1,0,0,3.311,2.988,2.048,177,900
276.83320507228984,70.0,17.1810212920577,0,0,0,0.0,0.0,0.0,177,900
276.95279577864267,69.53210998766004,81.6,1,0,0,3.311,2.988,2.048,177,900
277.1600236034257,68.8,81.6,0,0,0,0.0,0.0,0.0,177,900
277.2837933742218,68.8,81.6,1,0,0,3.311,2.988,2.048,177,900
277.4949980264485,68.8,81.6,0,0,0,0.0,0.0,0.0,177,900
278.3579149299928,68.8,81.6,0,1,0,4.554,4.957,2.003,178,900
278.60588933268775,68.8,81.6,1,1,0,9.246,7.695,5.518,178,900
278.6350707079929,68.8,81.6,1,0,0,3.311,2.988,2.048,178,900
278.8773940719882,68.8,30.407053827097755,0,0,0,0.0,0.0,0.0,178,900
281.17781406736407,76.5,1.59,0,1,0,4.554,4.957,2.003,179,900
281.283369845364,76.5,1.59,0,0,0,0.0,0.0,0.0,179,900
283.49021830414523,76.5,30.9,0,0,1,0.528,0.57,0.438,179,900
283.52592769073954,76.5,30.9,0,0,0,0.0,0.0,0.0,179,900
284.5801287457818,67.8,30.9,1,1,0,9.246,7.695,5.518,180,900
284.61126388091685,67.8,30.9,1,0,0,3.311,2.988,2.048,180,900
284.68172485127013,67.8,30.9,2,1,0,13.279,10.07,9.16,181,900
284.69301370912007,67.8,30.9,3,2,0,24.826,17.679,18.858,182,900
284.69972485127005,67.8,30.9,3,1,0,17.589,12.354,12.134,182,900
284.70717039114766,67.8,30.9,3,0,0,10.385,7.547,7.321,182,900
284.7434986969168,67.8,30.9,2,0,0,7.006,5.591,4.53,182,900
284.79432891527006,67.8,30.9,1,0,0,3.311,2.988,2.048,182,900
284.80177445514767,67.8,30.9,0,0,0,0.0,0.0,0.0,182,900
284.8864876227522,67.8,30.9,1,0,0,3.311,2.988,2.048,182,900
284.8955251395164,67.8,30.9,2,0,0,7.006,5.591,4.53,182,900
284.9498016914176,67.8,20.509973573912273,3,1,0,17.589,12.354,12.134,183,900
284.96569134659,67.8,15.813502991386692,3,0,0,10.385,7.547,7.321,183,900
285.00078617435383,67.8,5.440601603540259,3,1,0,17.589,12.354,12.134,184,900
285.0145413982344,67.8,1.76,3,0,0,10.385,7.547,7.321,184,900
285.0396561106069,67.8,1.76,2,0,0,7.006,5.591,4.53,184,900
285.06029541058984,67.8,1.76,1,0,0,3.311,2.988,2.048,184,900
285.10914546223427,67.8,1.76,0,0,0,0.0,0.0,0.0,184,900
285.12434674681157,67.8,1.76,1,0,0,3.311,2.988,2.048,184,900
285.1366882250292,67.8,1.76,2,0,0,7.006,5.591,4.53,184,900
285.1602822526932,67.8,1.76,3,0,0,10.385,7.547,7.321,184,900
285.2847602751737,67.8,1.76,2,0,0,7.006,5.591,4.53,184,900
285.31070814390023,67.8,1.76,1,0,0,3.311,2.988,2.048,184,900
285.31390249116185,67.8,1.76,2,1,0,13.279,10.07,9.16,185,900
285.3441241856373,67.8,1.76,1,1,0,9.246,7.695,5.518,185,900
285.3694688625378,67.8,1.76,2,1,0,13.279,10.07,9.16,185,900
285.38160249116186,67.8,1.76,2,0,0,7.006,5.591,4.53,185,900
285.3853243156499,67.8,1.76,3,0,0,10.385,7.547,7.321,185,900
285.57405763684795,67.8,1.76,2,0,0,7.006,5.591,4.53,185,900
285.58613483878645,67.8,1.76,1,0,0,3.311,2.988,2.048,185,900
285.60637434765874,67.8,1.76,0,0,0,0.0,0.0,0.0,185,900
285.6209704839306,67.8,1.76,1,0,0,3.311,2.988,2.048,185,900
285.6242567621618,67.8,1.76,2,0,0,7.006,5.591,4.53,185,900
285.6782628550999,67.8,1.76,3,0,0,10.385,7.547,7.321,185,900
285.83483172568214,67.8,1.76,2,0,0,7.006,5.591,4.53,185,900
285.86998938207387,67.8,1.76,1,0,0,3.311,2.988,2.048,185,900
285.8788629079902,67.8,1.76,2,0,0,7.006,5.591,4.53,185,900
285.9104961210727,67.8,1.76,1,0,0,3.311,2.988,2.048,185,900
285.93246988416195,67.8,1.76,2,0,0,7.006,5.591,4.53,185,900
285.9369098695479,67.8,1.76,3,0,0,10.385,7.547,7.321,185,900
286.130241916162,67.8,1.76,2,0,0,7.006,5.591,4.53,185,900
286.14289966871655,67.8,1.76,3,0,0,10.385,7.547,7.321,185,900
286.1739169758513,67.8,1.76,2,0,0,7.006,5.591,4.53,185,900
286.1951663355629,67.8,1.76,3,0,0,10.385,7.547,7.321,185,900
286.22271314614176,67.8,1.76,2,0,0,7.006,5.591,4.53,185,900
286.24064866816195,67.8,1.76,3,0,0,10.385,7.547,7.321,185,900
286.43949538816196,67.8,1.76,2,0,0,7.006,5.591,4.53,185,900
286.45169881887125,67.8,1.76,3,0,0,10.385,7.547,7.321,185,900
286.5433455158657,67.8,1.76,2,0,0,7.006,5.591,4.53,185,900
286.5499334051618,67.8,1.76,3,0,0,10.385,7.547,7.321,185,900
286.65654572184644,67.8,1.76,2,0,0,7.006,5.591,4.53,185,900
286.6643527430038,67.8,1.76,3,0,0,10.385,7.547,7.321,185,900
286.7447219547532,67.8,1.76,2,0,0,7.006,5.591,4.53,185,900
286.7677889422165,67.8,1.76,3,0,0,10.385,7.547,7.321,185,900
286.9709176453176,66.3085200135388,1.7714729229727786,2,0,0,7.006,5.591,4.53,185,900
286.99874232521057,65.58806814944504,1.7770148603888845,3,0,0,10.385,7.547,7.321,185,900
287.05492773795436,65.2,1.78,2,0,0,7.006,5.591,4.53,185,900
287.0853066527269,65.2,1.78,3,0,0,10.385,7.547,7.321,185,900
287.2981144359484,65.2,1.78,2,0,0,7.006,5.591,4.53,185,900
287.3727799253755,65.2,1.78,1,0,0,3.311,2.988,2.048,185,900
287.4084069642789,65.2,1.78,2,0,0,7.006,5.591,4.53,185,900
287.4212480264781,65.2,1.78,3,0,0,10.385,7.547,7.321,185,900
287.4630345493906,65.2,1.78,2,0,0,7.006,5.591,4.53,185,900
287.4916928385956,65.2,1.78,3,0,0,10.385,7.547,7.321,185,900
287.49453574098817,65.2,1.78,3,0,1,11.271,8.091,7.803,185,900
287.5230380129883,65.2,1.78,3,0,0,10.385,7.547,7.321,185,900
287.61527583716884,65.2,1.78,2,0,0,7.006,5.591,4.53,185,900
287.63239659776985,65.2,1.78,1,0,0,3.311,2.988,2.048,185,900
287.69779918501723,65.2,1.78,0,0,0,0.0,0.0,0.0,185,900
287.7356332801977,65.2,1.78,1,0,0,3.311,2.988,2.048,185,900
287.8206940528475,65.2,1.78,2,0,0,7.006,5.591,4.53,185,900
287.9439896684796,65.2,1.78,1,0,0,3.311,2.988,2.048,185,900
288.03149460887926,65.2,1.78,0,0,0,0.0,0.0,0.0,185,900
288.18673741039544,65.2,1.78,1,0,0,3.311,2.988,2.048,185,900
288.23042987636546,65.2,1.78,2,0,0,7.006,5.591,4.53,185,900
288.45380379048265,65.2,1.78,1,0,0,3.311,2.988,2.048,185,900
288.49493788875384,65.2,1.78,0,0,0,0.0,0.0,0.0,185,900
288.4954260495313,65.2,1.78,1,0,0,3.311,2.988,2.048,185,900
288.62344494707315,65.2,1.78,2,0,0,7.006,5.591,4.53,185,900
288.6768838377565,65.2,1.78,3,1,0,17.589,12.354,12.134,186,900
288.689074313947,65.2,1.78,3,0,0,10.385,7.547,7.321,186,900
288.752255113947,65.2,1.78,2,0,0,7.006,5.591,4.53,186,900
288.7550907663648,65.2,1.78,1,0,0,3.311,2.988,2.048,186,900
288.8385170176982,65.2,1.78,2,0,0,7.006,5.591,4.53,186,900
288.89608476290783,65.2,1.78,1,0,0,3.311,2.988,2.048,186,900
288.94429928923796,65.2,1.706305536838218,0,0,0,0.0,0.0,0.0,186,900
289.00376141098417,65.2,1.5643517169034775,1,0,0,3.311,2.988,2.048,186,900
289.0329622147194,65.2,1.54,2,0,0,7.006,5.591,4.53,186,900
289.1725490289893,65.2,1.54,1,0,0,3.311,2.988,2.048,186,900
289.2611338237674,65.2,1.54,0,0,0,0.0,0.0,0.0,186,900
289.2642005769893,65.2,1.54,1,0,0,3.311,2.988,2.048,186,900
289.4065452617776,65.2,1.54,0,0,0,0.0,0.0,0.0,186,900
289.500871289296,65.2,1.54,1,0,0,3.311,2.988,2.048,186,900
289.6459224526031,65.2,1.54,0,0,0,0.0,0.0,0.0,186,900
289.74333742064005,65.2,1.54,1,0,0,3.311,2.988,2.048,186,900
289.8912169824654,65.2,1.54,0,0,0,0.0,0.0,0.0,186,900
289.9915480000209,65.2,1.54,1,0,0,3.311,2.988,2.048,186,900
290.14237669636475,65.2,1.54,0,0,0,0.0,0.0,0.0,186,900
290.24560625443877,65.2,1.54,1,0,0,3.311,2.988,2.048,186,900
290.3993552853012,66.0628822493771,1.54,0,0,0,0.0,0.0,0.0,186,900
290.50530732489386,66.2,1.54,1,0,0,3.311,2.988,2.048,186,900
290.66155787427476,66.2,1.54,0,0,0,0.0,0.0,0.0,186,900
290.770547524386,66.2,1.54,1,0,0,3.311,2.988,2.048,186,900
290.9668797522854,66.2,1.6522559582164422,0,0,0,0.0,0.0,0.0,186,900
291.07931327270353,66.2,1.75,1,0,0,3.311,2.988,2.048,186,900
291.2795834829098,66.2,1.75,0,0,0,0.0,0.0,0.0,186,900
291.39505258863454,66.2,1.75,1,0,0,3.311,2.988,2.048,186,900
291.59889044514784,66.2,1.75,0,0,0,0.0,0.0,0.0,186,900
291.71756399288853,66.2,1.75,1,0,0,3.311,2.988,2.048,186,900
291.92208585549156,66.2,1.75,0,0,0,0.0,0.0,0.0,186,900
292.04234019739374,66.2,1.75,1,0,0,3.311,2.988,2.048,186,900
292.25034882948137,66.2,1.75,0,0,0,0.0,0.0,0.0,186,900
292.4667284754813,66.2,1.75,1,0,0,3.311,2.988,2.048,186,900
292.6427614629932,66.2,1.75,1,1,0,9.246,7.695,5.518,187,900
292.6750283476101,66.2,1.75,0,1,0,4.554,4.957,2.003,187,900
292.8559172409932,66.2,1.75,0,0,0,0.0,0.0,0.0,187,900
295.2910606003641,70.5,1.67,1,1,0,9.246,7.695,5.518,188,900
295.44506060036395,70.5,1.67,1,0,0,3.311,2.988,2.048,188,900
295.5772954163639,70.5,1.67,0,0,0,0.0,0.0,0.0,188,900
297.0798695577537,69.96537473486619,20.33510456898425,0,0,1,0.528,0.57,0.438,188,900
297.1225518297536,69.7,29.6,0,0,0,0.0,0.0,0.0,188,900
297.3398524353644,69.7,29.6,0,0,1,0.528,0.57,0.438,188,900
297.3846347073644,69.7,29.6,0,0,0,0.0,0.0,0.0,188,900
297.50002643190754,69.7,29.6,0,0,1,0.528,0.57,0.438,188,900
297.53372025916536,69.7,29.6,0,0,0,0.0,0.0,0.0,188,900
298.2791776856622,69.7,29.6,1,1,0,9.246,7.695,5.518,189,900
298.28964731548257,69.7,29.6,2,2,0,21.094,15.238,15.196,190,900
298.29279068418504,69.7,29.6,2,1,0,13.279,10.07,9.16,190,900
298.34674731548245,69.7,29.6,2,0,0,7.006,5.591,4.53,190,900
298.3873947481849,69.7,29.6,1,0,0,3.311,2.988,2.048,190,900
298.44135137948257,69.7,29.6,0,0,0,0.0,0.0,0.0,190,900
298.47918897056024,69.7,29.6,1,0,0,3.311,2.988,2.048,190,900
298.53875706887857,69.7,29.6,2,1,0,13.279,10.07,9.16,191,900
298.5412588034825,69.7,29.6,3,1,0,17.589,12.354,12.134,191,900
298.55685706887857,69.7,29.6,3,0,0,10.385,7.547,7.321,191,900
298.6072298498493,69.7,29.6,3,1,0,17.589,12.354,12.134,192,900
298.6213450442086,69.7,29.6,2,1,0,13.279,10.07,9.16,192,900
298.640380928986,69.7,29.6,2,0,0,7.006,5.591,4.53,192,900
298.6900244303332,69.7,29.6,3,1,0,17.589,12.354,12.134,193,900
298.7036777636665,69.7,29.6,3,0,0,10.385,7.547,7.321,193,900
298.7982818276666,69.7,29.6,2,0,0,7.006,5.591,4.53,193,900
298.8127806222119,69.7,29.6,1,0,0,3.311,2.988,2.048,193,900
298.8281152194825,69.7,29.6,2,0,0,7.006,5.591,4.53,193,900
298.86225975305797,69.7,29.6,1,0,0,3.311,2.988,2.048,193,900
298.890221196111,69.7,29.6,2,0,0,7.006,5.591,4.53,193,900
298.90181102454517,69.7,29.6,3,0,0,10.385,7.547,7.321,193,900
299.0325237835184,69.7,24.259296829738282,2,0,0,7.006,5.591,4.53,193,900
299.0370873487671,69.7,22.98809422164099,3,1,0,17.589,12.354,12.134,194,900
299.04176862254525,69.7,21.684103347859057,2,1,0,13.279,10.07,9.16,194,900
299.0502530630528,69.7,19.320722457298878,2,0,0,7.006,5.591,4.53,194,900
299.0779555384824,69.7,11.604067364598176,3,0,0,10.385,7.547,7.321,194,900
299.1097931787329,69.7,2.735542622025534,2,0,0,7.006,5.591,4.53,194,900
299.1134338630527,69.7,1.82,1,0,0,3.311,2.988,2.048,194,900
299.12762510770347,69.7,1.82,2,0,0,7.006,5.591,4.53,194,900
299.13381079554506,69.7,1.82,3,0,0,10.385,7.547,7.321,194,900
299.27654941221175,69.7,1.82,2,0,0,7.006,5.591,4.53,194,900
299.32949030726826,69.7,1.82,3,0,0,10.385,7.547,7.321,194,900
299.34339444276696,69.7,1.82,2,0,0,7.006,5.591,4.53,194,900
299.3635315952336,69.7,1.82,1,0,0,3.311,2.988,2.048,194,900
299.3712892128785,69.7,1.82,2,0,0,7.006,5.591,4.53,194,900
299.3722630757776,69.7,1.82,3,0,0,10.385,7.547,7.321,194,900
299.52161268066664,69.7,1.82,2,0,0,7.006,5.591,4.53,194,900
299.58021151848146,69.7,1.82,1,0,0,3.311,2.988,2.048,194,900
299.6146093455453,69.7,1.82,2,0,0,7.006,5.591,4.53,194,900
299.62325161433336,69.7,1.82,3,0,0,10.385,7.547,7.321,194,900
299.6234838355603,69.7,1.82,2,0,0,7.006,5.591,4.53,194,900
299.62366354813366,69.7,1.82,3,0,0,10.385,7.547,7.321,194,900
299.8163647752127,69.7,1.82,2,0,0,7.006,5.591,4.53,194,900
299.8229155531957,69.7,1.82,1,0,0,3.311,2.988,2.048,194,900
299.86372022254517,69.7,1.82,2,0,0,7.006,5.591,4.53,194,900
299.8806020203702,69.7,1.82,3,0,0,10.385,7.547,7.321,194,900
300.0360206907405,69.7,1.82,2,0,0,7.006,5.591,4.53,194,900
300.03913681283774,69.7,1.82,3,0,0,10.385,7.547,7.321,194,900
300.07177902890976,69.7,1.82,2,0,0,7.006,5.591,4.53,194,900
300.1187250708783,69.7,1.82,3,0,0,10.385,7.547,7.321,194,900
300.1220858025262,69.7,1.82,2,0,0,7.006,5.591,4.53,194,900
300.14406782788853,69.7,1.82,3,0,0,10.385,7.547,7.321,194,900
300.32658072862387,69.7,1.82,2,0,0,7.006,5.591,4.53,194,900
300.3405359429995,69.7,1.82,1,0,0,3.311,2.988,2.048,194,900
300.34693816322033,69.7,1.82,2,0,0,7.006,5.591,4.53,194,900
300.37941903154484,69.7,1.82,3,0,0,10.385,7.547,7.321,194,900
300.54224422471515,70.0,1.82,2,0,0,7.006,5.591,4.53,194,900
300.5505909965233,70.0,1.82,3,0,0,10.385,7.547,7.321,194,900
300.58812346733816,70.0,1.82,2,0,0,7.006,5.591,4.53,194,900
300.6456984175449,70.0,1.82,3,0,0,10.385,7.547,7.321,194,900
300.65207450566623,70.0,1.82,2,0,0,7.006,5.591,4.53,194,900
300.65359817378425,70.0,1.82,3,0,0,10.385,7.547,7.321,194,900
300.85305366336394,70.0,1.82,2,0,0,7.006,5.591,4.53,194,900
300.8705072690375,70.0,1.82,2,0,1,7.412,5.635,5.165,194,900
300.87412405358475,70.0,1.82,3,0,1,11.271,8.091,7.803,194,900
300.8987895410375,70.0,1.82,3,0,0,10.385,7.547,7.321,194,900
300.90508472090966,70.0,1.82,2,0,0,7.006,5.591,4.53,194,900
300.9557477059755,70.0,1.82,3,0,0,10.385,7.547,7.321,194,900
301.17015693318285,70.0,1.91,2,0,0,7.006,5.591,4.53,194,900
301.20534829994523,70.0,1.91,3,0,0,10.385,7.547,7.321,194,900
301.2341706079094,70.0,1.91,2,0,0,7.006,5.591,4.53,194,900
301.27320644921906,70.0,1.91,3,0,0,10.385,7.547,7.321,194,900
301.2970341762215,70.0,1.91,2,0,0,7.006,5.591,4.53,194,900
301.3554136479093,70.0,1.91,3,0,0,10.385,7.547,7.321,194,900
301.41614137735735,70.0,1.91,2,0,0,7.006,5.591,4.53,194,900
301.4198099521844,70.0,1.91,3,0,0,10.385,7.547,7.321,194,900
301.47792643046114,70.0,1.91,2,0,0,7.006,5.591,4.53,194,900
301.5640710239093,70.0,1.91,1,0,0,3.311,2.988,2.048,194,900
301.597889064891,70.0,1.91,2,0,0,7.006,5.591,4.53,194,900
301.63059864211044,70.0,1.91,1,0,0,3.311,2.988,2.048,194,900
301.68530574190936,70.0,1.91,2,0,0,7.006,5.591,4.53,194,900
301.71553726542226,70.0,1.91,3,0,0,10.385,7.547,7.321,194,900
301.80530514234766,70.0,1.91,2,0,0,7.006,5.591,4.53,194,900
301.8407651531679,70.0,1.91,3,0,0,10.385,7.547,7.321,194,900
301.89374666990943,70.0,1.91,2,0,0,7.006,5.591,4.53,194,900
301.92856313599145,70.0,1.91,3,0,0,10.385,7.547,7.321,194,900
301.96877814027874,70.0,1.91,2,0,0,7.006,5.591,4.53,194,900
302.0156183030651,70.0,1.91,3,0,0,10.385,7.547,7.321,194,900
302.05756455067115,70.0,1.91,3,1,0,17.589,12.354,12.134,195,900
302.0914645506711,70.0,1.91,3,0,0,10.385,7.547,7.321,195,900
302.13959105366206,70.0,1.91,2,0,0,7.006,5.591,4.53,195,900
302.186068614671,70.0,1.91,1,0,0,3.311,2.988,2.048,195,900
302.19931093911043,70.0,1.91,2,0,0,7.006,5.591,4.53,195,900
302.2248180897071,70.0,1.91,1,0,0,3.311,2.988,2.048,195,900
302.2806140456913,70.0,1.91,2,0,0,7.006,5.591,4.53,195,900
302.3751706996619,70.0,1.91,3,0,0,10.385,7.547,7.321,195,900
302.4255472522122,70.0,1.91,2,0,0,7.006,5.591,4.53,195,900
302.4713126351103,70.0,1.91,1,0,0,3.311,2.988,2.048,195,900
302.5210213787551,70.0,1.91,2,0,0,7.006,5.591,4.53,195,900
302.523426534738,70.0,1.91,3,0,0,10.385,7.547,7.321,195,900
302.5866618296271,70.0,1.91,2,0,0,7.006,5.591,4.53,195,900
302.67235324176437,70.0,1.91,1,0,0,3.311,2.988,2.048,195,900
302.77381687179565,70.0,1.91,2,0,0,7.006,5.591,4.53,195,900
302.7793439552359,70.0,1.91,1,0,0,3.311,2.988,2.048,195,900
302.9634572713276,70.0,1.91,0,0,0,0.0,0.0,0.0,195,900
303.06862198936517,70.0,23.992577963495112,1,0,0,3.311,2.988,2.048,195,900
303.2613155049035,70.0,41.6,0,0,0,0.0,0.0,0.0,195,900
303.37056927194715,70.0,41.6,1,0,0,3.311,2.988,2.048,195,900
303.5672894074918,70.0,41.6,0,0,0,0.0,0.0,0.0,195,900
303.68024115354166,70.0,41.6,1,0,0,3.311,2.988,2.048,195,900
303.8814878770924,67.13687752085029,41.6,0,0,0,0.0,0.0,0.0,195,900
303.99831843814854,65.8,41.6,1,0,0,3.311,2.988,2.048,195,900
304.2027679737055,65.8,41.6,0,0,0,0.0,0.0,0.0,195,900
304.3236324477679,65.8,41.6,1,0,0,3.311,2.988,2.048,195,900
304.53191365933094,65.8,41.6,0,0,0,0.0,0.0,0.0,195,900
304.6568152813997,65.8,41.6,1,0,0,3.311,2.988,2.048,195,900
304.869627752969,65.8,41.6,0,0,0,0.0,0.0,0.0,195,900
305.63936838904425,65.8,1.73,1,0,0,3.311,2.988,2.048,195,900
305.9091409718823,65.8,1.73,0,0,0,0.0,0.0,0.0,195,900
309.48193007436436,70.5,1.68,1,1,0,9.246,7.695,5.518,197,900
309.5198560002903,70.5,1.68,1,0,0,3.311,2.988,2.048,197,900
309.6520908162902,70.5,1.68,0,0,0,0.0,0.0,0.0,197,900
310.61371980927896,70.4953609738564,1.68,0,0,1,0.528,0.57,0.438,197,900
310.68180208127905,69.12800264624978,1.68,0,0,0,0.0,0.0,0.0,197,900
311.15305430411064,68.5,1.7118910874869238,0,0,1,0.528,0.57,0.438,197,900
311.18151657611065,68.5,1.7345046274141331,0,0,0,0.0,0.0,0.0,197,900
311.3642956242365,68.5,1.76,0,0,1,0.528,0.57,0.438,197,900
311.4168778962365,68.5,1.76,0,0,0,0.0,0.0,0.0,197,900
311.8522836812792,68.5,1.76,1,1,0,9.246,7.695,5.518,198,900
311.87622339500166,68.5,1.76,2,2,0,21.094,15.238,15.196,199,900
311.89008204161826,68.5,1.76,2,1,0,13.279,10.07,9.16,199,900
311.89368368127924,68.5,1.76,2,0,0,7.006,5.591,4.53,199,900
311.95686448127924,68.5,1.76,1,0,0,3.311,2.988,2.048,199,900
311.9764433017805,68.5,1.76,2,1,0,13.279,10.07,9.16,200,900
311.98468610561827,68.5,1.76,1,1,0,9.246,7.695,5.518,200,900
312.0193433017805,68.5,1.76,1,0,0,3.311,2.988,2.048,200,900
312.04763042268075,68.5,1.76,2,0,0,7.006,5.591,4.53,200,900
312.07736430029496,68.5,1.76,3,0,0,10.385,7.547,7.321,200,900
312.1139473657805,68.5,1.76,2,0,0,7.006,5.591,4.53,200,900
312.1888902004616,68.5,1.76,1,0,0,3.311,2.988,2.048,200,900
312.2063273794664,68.5,1.76,2,0,0,7.006,5.591,4.53,200,900
312.2204126757835,68.5,1.76,1,0,0,3.311,2.988,2.048,200,900
312.28275130052,68.5,1.76,2,0,0,7.006,5.591,4.53,200,900
312.31630155914445,68.5,1.76,3,0,0,10.385,7.547,7.321,200,900
312.33830614230703,68.5,1.76,3,1,0,17.589,12.354,12.134,201,900
312.3911061423069,68.5,1.76,3,0,0,10.385,7.547,7.321,201,900
312.42790927695785,68.5,1.76,2,0,0,7.006,5.591,4.53,201,900
312.44464579861585,68.5,1.76,3,0,0,10.385,7.547,7.321,201,900
312.46322027231724,68.5,1.76,2,0,0,7.006,5.591,4.53,201,900
312.4857102063068,68.5,1.76,1,0,0,3.311,2.988,2.048,201,900
312.5248812786732,68.5,1.76,2,0,0,7.006,5.591,4.53,201,900
312.56257034036247,68.5,1.76,3,0,0,10.385,7.547,7.321,201,900
312.5718594962366,68.5,1.76,3,1,0,17.589,12.354,12.134,202,900
312.5977594962365,68.5,1.76,3,0,0,10.385,7.547,7.321,202,900
312.6436696925541,68.5,1.76,3,1,0,17.589,12.354,12.134,203,900
312.70576969255404,68.5,1.76,3,0,0,10.385,7.547,7.321,203,900
312.7500795832195,68.5,1.76,2,0,0,7.006,5.591,4.53,203,900
312.7731558471403,68.5,1.76,3,0,0,10.385,7.547,7.321,203,900
312.92429137289224,68.5,1.76,2,0,0,7.006,5.591,4.53,203,900
312.94227570999556,68.5,1.76,3,0,0,10.385,7.547,7.321,203,900
313.0952562878191,68.5,1.76,2,0,0,7.006,5.591,4.53,203,900
313.11670306731963,68.5,1.76,3,0,0,10.385,7.547,7.321,203,900
313.18170565733016,68.5,1.76,2,0,0,7.006,5.591,4.53,203,900
313.2007150132257,68.5,1.76,3,0,0,10.385,7.547,7.321,203,900
313.35669474072927,68.5,20.2,2,0,0,7.006,5.591,4.53,203,900
313.3935224091041,68.5,20.2,1,0,0,3.311,2.988,2.048,203,900
313.41471924489275,68.5,20.2,2,0,0,7.006,5.591,4.53,203,900
313.4459978420818,68.5,20.2,1,0,0,3.311,2.988,2.048,203,900
313.45499364853515,68.5,20.2,2,0,0,7.006,5.591,4.53,203,900
313.46532784781596,68.5,20.2,3,0,0,10.385,7.547,7.321,203,900
313.653686942881,68.5,20.2,2,0,0,7.006,5.591,4.53,203,900
313.66238608499975,68.5,20.2,1,0,0,3.311,2.988,2.048,203,900
313.72010584490545,68.5,20.2,2,0,0,7.006,5.591,4.53,203,900
313.73984842044837,68.5,20.2,3,0,0,10.385,7.547,7.321,203,900
313.75347263514743,68.5,20.2,2,0,0,7.006,5.591,4.53,203,900
313.76784091191104,68.5,20.2,3,0,0,10.385,7.547,7.321,203,900
313.96959626075324,69.17876858709742,20.2,2,0,0,7.006,5.591,4.53,203,900
313.97516717382496,69.24562630257029,20.2,1,0,0,3.311,2.988,2.048,203,900
313.9943299725339,69.47560313531588,20.2,2,0,0,7.006,5.591,4.53,203,900
314.03362152235775,69.7,20.2,3,0,0,10.385,7.547,7.321,203,900
314.0688068652992,69.7,20.2,2,0,0,7.006,5.591,4.53,203,900
314.08764338527953,69.7,20.2,3,0,0,10.385,7.547,7.321,203,900
314.2949236412043,69.7,20.2,2,0,0,7.006,5.591,4.53,203,900
314.3556874992491,69.7,20.2,3,0,0,10.385,7.547,7.321,203,900
314.3923193947009,69.7,20.2,2,0,0,7.006,5.591,4.53,203,900
314.41503316764005,69.7,20.2,3,0,0,10.385,7.547,7.321,203,900
314.6326609516045,69.7,20.2,2,0,0,7.006,5.591,4.53,203,900
314.6849325045803,69.7,20.2,3,0,0,10.385,7.547,7.321,203,900
314.72297092435326,69.7,20.2,2,0,0,7.006,5.591,4.53,203,900
314.7647103348524,69.7,20.2,3,0,0,10.385,7.547,7.321,203,900
314.79617705415603,69.7,20.2,2,0,0,7.006,5.591,4.53,203,900
314.8481074964844,69.7,20.2,3,0,0,10.385,7.547,7.321,203,900
314.8954243073384,69.7,20.2,2,0,0,7.006,5.591,4.53,203,900
314.9104184558137,69.7,20.2,3,0,0,10.385,7.547,7.321,203,900
314.9848261980261,69.7,20.2,2,0,0,7.006,5.591,4.53,203,900
315.06059044925615,69.7,20.2,1,0,0,3.311,2.988,2.048,203,900
315.113752296943,69.7,20.2,0,0,0,0.0,0.0,0.0,203,900
315.23236295053283,69.7,16.76576852216139,1,0,0,3.311,2.988,2.048,203,900
315.36020449451235,69.7,1.89,2,0,0,7.006,5.591,4.53,203,900
315.39151170899345,69.7,1.89,3,0,0,10.385,7.547,7.321,203,900
315.4389624596171,69.7,1.89,2,0,0,7.006,5.591,4.53,203,900
315.54849479667894,69.7,1.89,3,0,0,10.385,7.547,7.321,203,900
315.65799722282304,69.7,1.89,2,0,0,7.006,5.591,4.53,203,900
315.68574449688185,69.7,1.89,3,1,0,17.589,12.354,12.134,204,900
315.6979349730723,69.7,1.89,3,0,0,10.385,7.547,7.321,204,900
315.7611157730723,69.7,1.89,2,0,0,7.006,5.591,4.53,204,900
315.7645987786531,69.7,1.89,1,0,0,3.311,2.988,2.048,204,900
315.82113461251373,69.7,1.89,0,0,0,0.0,0.0,0.0,204,900
315.84737767682356,69.7,1.89,1,0,0,3.311,2.988,2.048,204,900
315.9531599483633,69.7,1.89,0,0,0,0.0,0.0,0.0,204,900
315.9625220823512,69.7,1.89,1,0,0,3.311,2.988,2.048,204,900
315.9690142845343,69.7,1.89,2,0,0,7.006,5.591,4.53,204,900
316.0418228738448,69.7,1.89,3,0,0,10.385,7.547,7.321,204,900
316.1814096881147,69.7,1.89,2,0,0,7.006,5.591,4.53,204,900
316.2199858287256,69.7,1.89,1,0,0,3.311,2.988,2.048,204,900
316.2218165716274,69.7,1.89,0,0,0,0.0,0.0,0.0,204,900
316.2730612361147,69.7,1.89,1,0,0,3.311,2.988,2.048,204,900
316.4154059209032,69.7,1.89,0,0,0,0.0,0.0,0.0,204,900
316.5097319484218,69.7,1.89,1,0,0,3.311,2.988,2.048,204,900
316.65478311172876,69.7,1.89,0,0,0,0.0,0.0,0.0,204,900
316.7521980797659,69.7,1.89,1,0,0,3.311,2.988,2.048,204,900
316.9000776415912,69.7,1.89,0,0,0,0.0,0.0,0.0,204,900
317.0004086591469,69.7,1.89,1,0,0,3.311,2.988,2.048,204,900
317.15123735549093,69.7,1.89,0,0,0,0.0,0.0,0.0,204,900
317.254466913565,69.7,22.235939223965786,1,0,0,3.311,2.988,2.048,204,900
317.4082159444275,66.7708919023949,51.5,0,0,0,0.0,0.0,0.0,204,900
317.5141679840201,66.6,51.5,1,0,0,3.311,2.988,2.048,204,900
317.6704185334012,66.6,51.5,0,0,0,0.0,0.0,0.0,204,900
317.7794081835125,66.6,51.5,1,0,0,3.311,2.988,2.048,204,900
317.9757404114119,66.6,51.5,0,0,0,0.0,0.0,0.0,204,900
318.0881739318299,66.6,51.5,1,0,0,3.311,2.988,2.048,204,900
318.288444142036,66.6,51.5,0,0,0,0.0,0.0,0.0,204,900
318.403913247761,66.6,51.5,1,0,0,3.311,2.988,2.048,204,900
318.60775110427426,66.6,51.5,0,0,0,0.0,0.0,0.0,204,900
318.726796752306,66.6,51.5,1,0,0,3.311,2.988,2.048,204,900
318.9340436222197,66.6,51.5,0,0,0,0.0,0.0,0.0,204,900
319.05806190646285,66.6,51.5,1,0,0,3.311,2.988,2.048,204,900
319.26985407200334,66.6,23.248791001663214,0,0,0,0.0,0.0,0.0,204,900
319.4435537180034,66.6,1.76,1,0,0,3.311,2.988,2.048,204,900
319.65585262581425,66.6,1.76,0,0,0,0.0,0.0,0.0,204,900
321.4504545289935,70.3,1.82,1,1,0,9.246,7.695,5.518,205,900
321.51005452899346,70.3,1.82,1,0,0,3.311,2.988,2.048,205,900
321.64228934499346,70.3,1.82,0,0,0,0.0,0.0,0.0,205,900
323.54048910597834,70.3,29.5,0,1,0,4.554,4.957,2.003,206,900
323.6630931598404,70.3,29.5,0,0,0,0.0,0.0,0.0,206,900
324.2739388918242,71.7,29.5,0,0,1,0.528,0.57,0.438,206,900
324.34082116382433,71.7,29.5,0,0,0,0.0,0.0,0.0,206,900
325.3977924879729,71.7,6.190583606127312,1,1,0,9.246,7.695,5.518,207,900
325.4119274572981,71.7,2.280031421062869,1,0,0,3.311,2.988,2.048,207,900
325.5065315212979,71.7,1.98,0,0,0,0.0,0.0,0.0,207,900
325.5101027638238,71.7,1.98,1,1,0,9.246,7.695,5.518,208,900
325.5503027638238,71.7,1.98,1,0,0,3.311,2.988,2.048,208,900
325.5971581375145,71.7,1.98,2,1,0,13.279,10.07,9.16,209,900
325.6002040718316,71.7,1.98,3,1,0,17.589,12.354,12.134,209,900
325.61112177387815,71.7,1.98,3,0,0,10.385,7.547,7.321,209,900
325.6449068278238,71.7,1.98,2,0,0,7.006,5.591,4.53,209,900
325.7057258378782,71.7,1.98,1,0,0,3.311,2.988,2.048,209,900
325.73634190944847,71.7,1.98,2,0,0,7.006,5.591,4.53,209,900
325.74425617284396,71.7,1.98,1,0,0,3.311,2.988,2.048,209,900
325.7987818414236,71.7,1.98,2,0,0,7.006,5.591,4.53,209,900
325.8412049997274,71.7,1.98,3,0,0,10.385,7.547,7.321,209,900
325.8781354582167,71.7,1.98,2,0,0,7.006,5.591,4.53,209,900
325.9422115858174,71.7,1.98,1,0,0,3.311,2.988,2.048,209,900
325.97269923284716,71.7,1.98,2,0,0,7.006,5.591,4.53,209,900
325.9891930260892,71.7,1.98,1,0,0,3.311,2.988,2.048,209,900
325.99783009662787,71.7,1.98,2,1,0,13.279,10.07,9.16,210,900
326.00782935372604,71.7,1.98,3,2,0,24.826,17.679,18.858,211,900
326.0116471880821,71.7,1.98,3,1,0,17.589,12.354,12.134,211,900
326.02752166141835,71.7,1.98,3,0,0,10.385,7.547,7.321,211,900
326.1597564774183,71.7,1.98,2,0,0,7.006,5.591,4.53,211,900
326.1858282006355,71.7,1.98,1,0,0,3.311,2.988,2.048,211,900
326.1987799092155,71.7,1.98,2,0,0,7.006,5.591,4.53,211,900
326.2162240872576,71.7,1.98,3,0,0,10.385,7.547,7.321,211,900
326.364998128038,71.7,1.98,2,0,0,7.006,5.591,4.53,211,900
326.38242365609557,71.7,1.98,3,0,0,10.385,7.547,7.321,211,900
326.5740551156356,71.7,1.98,2,0,0,7.006,5.591,4.53,211,900
326.57691289854506,71.7,1.98,3,0,0,10.385,7.547,7.321,211,900
326.58416472349035,71.7,1.98,2,0,0,7.006,5.591,4.53,211,900
326.59589201916236,71.7,1.98,3,0,0,10.385,7.547,7.321,211,900
326.6178727454663,71.7,1.98,2,0,0,7.006,5.591,4.53,211,900
326.6833455270136,71.7,1.98,3,0,0,10.385,7.547,7.321,211,900
326.7140195504499,71.7,1.98,3,1,0,17.589,12.354,12.134,212,900
326.833367712279,71.7,1.98,2,1,0,13.279,10.07,9.16,212,900
326.8751374896058,71.7,1.98,3,1,0,17.589,12.354,12.134,212,900
326.8769138089063,71.7,1.98,2,1,0,13.279,10.07,9.16,212,900
326.8860143146357,71.7,1.98,1,1,0,9.246,7.695,5.518,212,900
326.90017532845,71.7,1.98,1,0,0,3.311,2.988,2.048,212,900
326.93571254299724,71.7,1.98,2,0,0,7.006,5.591,4.53,212,900
326.98429034556034,71.7,1.98,3,0,0,10.385,7.547,7.321,212,900
327.0888725784576,71.7,1.98,2,0,0,7.006,5.591,4.53,212,900
327.1800831083581,71.7,1.98,1,0,0,3.311,2.988,2.048,212,900
327.18086212524236,71.7,1.98,2,0,0,7.006,5.591,4.53,212,900
327.1945191653707,71.7,1.98,3,0,0,10.385,7.547,7.321,212,900
327.1983977686359,71.7,1.98,2,0,0,7.006,5.591,4.53,212,900
327.2911035731616,71.7,1.98,3,0,0,10.385,7.547,7.321,212,900
327.38007206987874,71.7,1.98,2,0,0,7.006,5.591,4.53,212,900
327.45951892813383,71.7,34.728109399021534,3,0,0,10.385,7.547,7.321,212,900
327.49019968910886,71.7,56.21655065028471,2,0,0,7.006,5.591,4.53,212,900
327.4947676094545,71.7,59.41586790536763,3,0,0,10.385,7.547,7.321,212,900
327.51228079573224,71.7,71.68189594669282,2,0,0,7.006,5.591,4.53,212,900
327.60509867606197,71.7,72.5,3,0,0,10.385,7.547,7.321,212,900
327.6970680888788,61.949010609374234,72.5,2,0,0,7.006,5.591,4.53,212,900
327.76933337002885,60.1,72.5,3,0,0,10.385,7.547,7.321,212,900
327.80714918515866,60.1,72.5,2,0,0,7.006,5.591,4.53,212,900
327.8156852642423,60.1,72.5,3,0,0,10.385,7.547,7.321,212,900
327.83353769358393,60.1,72.5,2,0,0,7.006,5.591,4.53,212,900
327.85546772070654,60.1,72.5,2,0,1,7.412,5.635,5.165,212,900
327.88408999270655,60.1,72.5,2,0,0,7.006,5.591,4.53,212,900
327.9255461502612,60.1,72.5,3,0,0,10.385,7.547,7.321,212,900
328.0214610307435,60.1,72.5,2,0,0,7.006,5.591,4.53,212,900
328.0864945607978,60.1,72.5,3,0,0,10.385,7.547,7.321,212,900
328.1320873085075,60.1,72.5,2,0,0,7.006,5.591,4.53,212,900
328.143404545766,60.1,72.5,3,0,0,10.385,7.547,7.321,212,900
328.16297009484305,60.1,72.5,2,0,0,7.006,5.591,4.53,212,900
328.2540404257597,60.1,72.5,3,0,0,10.385,7.547,7.321,212,900
328.2901744845219,60.1,72.5,2,0,0,7.006,5.591,4.53,212,900
328.3532413156005,60.1,72.5,1,0,0,3.311,2.988,2.048,212,900
328.41027299644094,60.1,72.5,2,0,0,7.006,5.591,4.53,212,900
328.46415816338117,60.1,72.5,1,0,0,3.311,2.988,2.048,212,900
328.61852600610194,60.1,72.5,0,0,0,0.0,0.0,0.0,212,900
328.7409471339988,60.1,72.5,1,0,0,3.311,2.988,2.048,212,900
328.9283857106948,60.1,72.5,2,0,0,7.006,5.591,4.53,212,900
328.95137912734975,60.1,72.5,1,0,0,3.311,2.988,2.048,212,900
329.01925779146217,60.1,72.5,2,0,0,7.006,5.591,4.53,212,900
329.03780496291773,60.1,72.5,3,1,0,17.589,12.354,12.134,213,900
329.0518315230545,60.1,72.5,3,0,0,10.385,7.547,7.321,213,900
329.19073416595404,60.1,72.5,2,0,0,7.006,5.591,4.53,213,900
329.2462259363121,60.1,72.5,3,0,0,10.385,7.547,7.321,213,900
329.28280822995464,60.1,72.5,2,0,0,7.006,5.591,4.53,213,900
329.38356908763046,60.1,72.5,1,0,0,3.311,2.988,2.048,213,900
329.3964534831506,60.1,72.5,0,0,0,0.0,0.0,0.0,213,900
329.4999236384736,60.1,10.904411630076162,1,0,0,3.311,2.988,2.048,213,900
329.5049745548807,60.1,7.32099830416216,2,0,0,7.006,5.591,4.53,213,900
329.6544906403775,60.1,1.65,1,0,0,3.311,2.988,2.048,213,900
329.76189109776584,60.1,1.65,2,0,0,7.006,5.591,4.53,213,900
329.76692944040883,60.1,1.65,1,0,0,3.311,2.988,2.048,213,900
329.8355595621367,60.1,1.65,2,0,0,7.006,5.591,4.53,213,900
329.9575177467347,60.1,1.65,1,0,0,3.311,2.988,2.048,213,900
330.06901466876917,60.1,1.65,2,0,0,7.006,5.591,4.53,213,900
330.09293197491985,60.1,1.65,1,0,0,3.311,2.988,2.048,213,900
330.2680898103844,60.1,1.65,0,0,0,0.0,0.0,0.0,213,900
330.38407115806484,60.1,1.65,1,0,0,3.311,2.988,2.048,213,900
330.587568296326,60.1,1.65,0,0,0,0.0,0.0,0.0,213,900
330.7076429996527,60.1,1.65,1,0,0,3.311,2.988,2.048,213,900
330.91606210255986,60.5281809335608,1.65,0,0,0,0.0,0.0,0.0,213,900
331.0404109975324,75.1,1.65,1,0,0,3.311,2.988,2.048,213,900
331.25242828908574,75.1,1.65,0,0,0,0.0,0.0,0.0,213,900
331.38120647370414,75.1,1.65,1,0,0,3.311,2.988,2.048,213,900
331.59745081790334,75.1,2.19,0,0,0,0.0,0.0,0.0,213,900
331.730661527168,75.1,2.19,1,0,0,3.311,2.988,2.048,213,900
331.9518325080134,75.1,2.19,0,0,0,0.0,0.0,0.0,213,900
332.7302776079243,75.1,2.19,1,0,0,3.311,2.988,2.048,213,900
332.9970526515139,75.1,2.19,0,0,0,0.0,0.0,0.0,213,900
335.5016141409814,77.8,4.690541859628006,1,1,0,9.246,7.695,5.518,214,900
335.5241471483164,77.8,2.02,1,0,0,3.311,2.988,2.048,214,900
335.6563819643164,77.8,2.02,0,0,0,0.0,0.0,0.0,214,900
337.6707839148411,77.8,52.4,0,1,0,4.554,4.957,2.003,215,900
337.77562583495495,70.04481892854692,52.4,0,1,1,5.364,5.595,3.203,215,900
337.7770629805123,69.86516828111394,52.4,0,0,1,0.528,0.57,0.438,215,900
337.820308106955,65.3,52.4,0,0,0,0.0,0.0,0.0,215,900
337.9684207566314,65.3,52.4,0,0,1,0.528,0.57,0.438,215,900
338.00367302863145,65.3,52.4,0,0,0,0.0,0.0,0.0,215,900
338.37307110940964,65.3,52.4,0,0,1,0.528,0.57,0.438,215,900
338.41725338140964,65.3,52.4,0,0,0,0.0,0.0,0.0,215,900
338.9771389052434,65.3,52.4,1,1,0,9.246,7.695,5.518,216,900
338.9908531909577,65.3,52.4,1,0,0,3.311,2.988,2.048,216,900
339.08545725495753,65.3,52.4,0,0,0,0.0,0.0,0.0,216,900
339.1215517549551,65.3,52.4,1,1,0,9.246,7.695,5.518,217,900
339.1618005184284,65.3,52.4,2,2,0,21.094,15.238,15.196,218,900
339.16405175495504,65.3,52.4,2,1,0,13.279,10.07,9.16,218,900
339.17615565861536,65.3,52.4,2,0,0,7.006,5.591,4.53,218,900
339.17761596243963,65.3,52.4,3,0,0,10.385,7.547,7.321,218,900
339.2586558189551,65.3,52.4,2,0,0,7.006,5.591,4.53,218,900
339.27075972261537,65.3,52.4,1,0,0,3.311,2.988,2.048,218,900
339.3201399556836,65.3,52.4,0,0,0,0.0,0.0,0.0,218,900
339.35312066117933,65.3,52.4,1,0,0,3.311,2.988,2.048,218,900
339.36522456483954,65.3,52.4,2,0,0,7.006,5.591,4.53,218,900
339.37261830437933,65.3,52.4,3,0,0,10.385,7.547,7.321,218,900
339.51007642318837,65.3,52.4,2,0,0,7.006,5.591,4.53,218,900
339.56183515207636,65.3,27.86951724505766,1,0,0,3.311,2.988,2.048,218,900
339.5730505419392,65.3,22.1964053983125,2,1,0,13.279,10.07,9.16,219,900
339.5905505419392,65.3,13.344331727076238,2,0,0,7.006,5.591,4.53,219,900
339.5957658976248,65.3,10.70623385551081,3,0,0,10.385,7.547,7.321,219,900
339.7567098445063,65.3,1.67,2,0,0,7.006,5.591,4.53,219,900
339.81019714813596,65.3,1.67,1,0,0,3.311,2.988,2.048,219,900
339.84597835081473,65.3,1.67,2,0,0,7.006,5.591,4.53,219,900
339.85808225447505,65.3,1.67,3,0,0,10.385,7.547,7.321,219,900
339.8843703967305,65.3,1.67,2,0,0,7.006,5.591,4.53,219,900
339.90307549992013,65.3,1.67,3,1,0,17.589,12.354,12.134,220,900
339.92688945340853,65.3,1.67,3,0,0,10.385,7.547,7.321,220,900
340.05912426940847,65.3,1.67,2,0,0,7.006,5.591,4.53,220,900
340.06481221786197,65.3,1.67,1,0,0,3.311,2.988,2.048,220,900
340.1219109115505,65.3,1.67,0,0,0,0.0,0.0,0.0,220,900
340.1405941938737,65.3,1.67,1,0,0,3.311,2.988,2.048,220,900
340.15269809753397,65.3,1.67,2,0,0,7.006,5.591,4.53,220,900
340.1699912476773,65.3,1.67,3,0,0,10.385,7.547,7.321,220,900
340.33318965496403,65.3,1.67,2,0,0,7.006,5.591,4.53,220,900
340.34529355862435,65.3,1.67,1,0,0,3.311,2.988,2.048,220,900
340.36538334939945,65.3,1.67,0,0,0,0.0,0.0,0.0,220,900
340.4340280084036,65.3,1.67,1,0,0,3.311,2.988,2.048,220,900
340.4423400519267,65.3,1.67,2,0,0,7.006,5.591,4.53,220,900
340.45444395558695,65.3,1.67,3,0,0,10.385,7.547,7.321,220,900
340.6307898673144,65.3,1.67,2,0,0,7.006,5.591,4.53,220,900
340.638956058014,65.3,1.67,1,0,0,3.311,2.988,2.048,220,900
340.65105996167426,65.3,1.67,0,0,0,0.0,0.0,0.0,220,900
340.7176082835864,65.3,1.67,1,0,0,3.311,2.988,2.048,220,900
340.7437699064519,65.3,1.67,2,0,0,7.006,5.591,4.53,220,900
340.7517983589733,65.3,1.67,3,0,0,10.385,7.547,7.321,220,900
340.90786608344973,65.3,1.67,3,1,0,17.589,12.354,12.134,221,900
340.92151941678304,65.3,1.67,3,0,0,10.385,7.547,7.321,221,900
340.95293487805725,65.3,1.67,2,0,0,7.006,5.591,4.53,221,900
340.9650387817175,65.3,1.67,1,0,0,3.311,2.988,2.048,221,900
340.976522963507,65.3,1.67,2,0,0,7.006,5.591,4.53,221,900
341.016123480783,65.3,1.67,1,0,0,3.311,2.988,2.048,221,900
341.0667700020665,65.3,1.67,2,0,0,7.006,5.591,4.53,221,900
341.0696499190137,65.3,1.67,3,0,0,10.385,7.547,7.321,221,900
341.2739831750947,69.7,1.67,2,0,0,7.006,5.591,4.53,221,900
341.2860870787549,69.7,1.67,1,0,0,3.311,2.988,2.048,221,900
341.34546676082016,69.7,1.67,2,0,0,7.006,5.591,4.53,221,900
341.394726054048,69.7,1.67,3,0,0,10.385,7.547,7.321,221,900
341.613899841317,69.7,1.76,2,0,0,7.006,5.591,4.53,221,900
341.66789432051337,69.7,1.76,2,0,1,7.412,5.635,5.165,221,900
341.69668659251334,69.7,1.76,2,0,0,7.006,5.591,4.53,221,900
341.7276588630763,69.7,1.76,3,0,0,10.385,7.547,7.321,221,900
341.95019313540683,69.7,1.76,2,0,0,7.006,5.591,4.53,221,900
341.9935418530795,69.7,1.76,1,0,0,3.311,2.988,2.048,221,900
342.0707846288238,69.7,1.76,0,0,0,0.0,0.0,0.0,221,900
342.09844367348694,69.7,1.76,1,0,0,3.311,2.988,2.048,221,900
342.1906056023965,69.7,1.76,2,0,0,7.006,5.591,4.53,221,900
342.239588766436,69.7,1.76,1,0,0,3.311,2.988,2.048,221,900
342.326700255436,69.7,1.76,2,0,0,7.006,5.591,4.53,221,900
342.3981642252016,69.7,1.76,1,0,0,3.311,2.988,2.048,221,900
342.501769759436,69.7,1.76,0,0,0,0.0,0.0,0.0,221,900
342.5086074019855,69.7,1.76,1,0,0,3.311,2.988,2.048,221,900
342.5216353486634,69.7,1.76,2,0,0,7.006,5.591,4.53,221,900
342.5888594874361,69.7,1.76,3,0,0,10.385,7.547,7.321,221,900
342.77567378207283,69.7,1.76,2,0,0,7.006,5.591,4.53,221,900
342.851277715427,69.7,1.76,3,1,0,17.589,12.354,12.134,222,900
342.916577715427,69.7,1.76,3,0,0,10.385,7.547,7.321,222,900
342.98365863562464,69.7,1.76,2,0,0,7.006,5.591,4.53,222,900
343.01118177942703,69.7,1.76,1,0,0,3.311,2.988,2.048,222,900
343.0276223607408,69.7,1.76,0,0,0,0.0,0.0,0.0,222,900
343.0303177701453,69.7,1.76,1,0,0,3.311,2.988,2.048,222,900
343.11831405321294,69.7,1.76,2,0,0,7.006,5.591,4.53,222,900
343.11928920342706,69.7,1.76,3,0,0,10.385,7.547,7.321,222,900
343.29035591996933,69.7,1.76,2,0,0,7.006,5.591,4.53,222,900
343.2969821551944,69.7,1.76,1,0,0,3.311,2.988,2.048,222,900
343.3143697794271,69.7,1.76,0,0,0,0.0,0.0,0.0,222,900
343.38988773074095,69.7,1.76,1,0,0,3.311,2.988,2.048,222,900
343.4225456194272,69.7,1.76,2,0,0,7.006,5.591,4.53,222,900
343.57063368479663,69.7,11.098038825782096,1,0,0,3.311,2.988,2.048,222,900
343.5807046914271,69.7,12.748281641388052,0,0,0,0.0,0.0,0.0,222,900
343.6887859384271,69.7,18.1,1,0,0,3.311,2.988,2.048,222,900
343.7800135688862,69.7,18.1,2,0,0,7.006,5.591,4.53,222,900
343.87904800985825,69.7,18.1,1,0,0,3.311,2.988,2.048,222,900
343.98383952978133,69.7,18.1,2,0,0,7.006,5.591,4.53,222,900
344.08225445480025,69.7,18.1,1,0,0,3.311,2.988,2.048,222,900
344.0933496644173,69.7,18.1,2,0,0,7.006,5.591,4.53,222,900
344.17622234593534,69.7,18.1,1,0,0,3.311,2.988,2.048,222,900
344.2847250427046,69.7,18.1,2,0,0,7.006,5.591,4.53,222,900
344.3225497456405,69.7,18.1,1,0,0,3.311,2.988,2.048,222,900
344.4808836447048,69.7,18.1,0,0,0,0.0,0.0,0.0,222,900
344.59347015732016,67.54123881611946,18.1,1,0,0,3.311,2.988,2.048,222,900
344.79422198516636,67.0,18.1,0,0,0,0.0,0.0,0.0,222,900
344.9104960956279,67.0,18.1,1,0,0,3.311,2.988,2.048,222,900
345.11416252532007,67.0,18.1,0,0,0,0.0,0.0,0.0,222,900
345.23443158662764,67.0,18.1,1,0,0,3.311,2.988,2.048,222,900
345.4421928421662,67.0,18.1,0,0,0,0.0,0.0,0.0,222,900
345.5662477363201,67.0,18.1,1,0,0,3.311,2.988,2.048,222,900
345.77818794570493,67.0,1.77,0,0,0,0.0,0.0,0.0,222,900
346.50455434670505,67.0,1.77,1,0,0,3.311,2.988,2.048,222,900
346.7717670778613,67.0,1.77,0,0,0,0.0,0.0,0.0,222,900
349.4830833771836,69.1,40.8,1,1,0,9.246,7.695,5.518,223,900
349.50147858676445,69.1,40.8,1,0,0,3.311,2.988,2.048,223,900
349.5960826507645,69.1,40.8,0,0,0,0.0,0.0,0.0,223,900
349.70508580829744,69.1,5.061077078500929,1,0,0,3.311,2.988,2.048,223,900
349.9071797915896,69.1,1.85,0,0,0,0.0,0.0,0.0,223,900
350.0401163954785,69.1,1.85,1,0,0,3.311,2.988,2.048,223,900
350.2609917407816,69.1,1.85,0,0,0,0.0,0.0,0.0,223,900
350.40020701298374,69.1,1.85,1,0,0,3.311,2.988,2.048,223,900
350.6280810895999,69.1,1.85,0,0,0,0.0,0.0,0.0,223,900
350.77357112411505,69.1,1.85,1,0,0,3.311,2.988,2.048,223,900
351.0069566360443,69.1,1.85,0,0,0,0.0,0.0,0.0,223,900
351.3606154510739,69.95732976599545,1.85,0,0,1,0.528,0.57,0.438,223,900
351.4443977230739,70.9,1.85,0,0,0,0.0,0.0,0.0,223,900
351.62060030462555,70.9,1.8528386069678306,0,0,1,0.528,0.57,0.438,223,900
351.6708825766255,70.9,1.8729801075185204,0,0,0,0.0,0.0,0.0,223,900
351.7847537355122,70.9,1.89,1,1,0,9.246,7.695,5.518,224,900
351.7955851791781,70.9,1.89,1,0,0,3.311,2.988,2.048,224,900
351.8587659791781,70.9,1.89,0,0,0,0.0,0.0,0.0,224,900
351.93977292645724,70.9,1.89,1,0,0,3.311,2.988,2.048,224,900
352.0402502538293,70.9,1.89,0,0,0,0.0,0.0,0.0,224,900
352.1233582966665,70.9,1.89,1,0,0,3.311,2.988,2.048,224,900
352.2573402405966,70.9,1.89,0,0,0,0.0,0.0,0.0,224,900
352.34308699208503,70.9,1.89,1,0,0,3.311,2.988,2.048,224,900
352.4794768926666,70.9,1.89,0,0,0,0.0,0.0,0.0,224,900
352.5675482098061,70.9,1.89,1,0,0,3.311,2.988,2.048,224,900
352.6305793230738,70.9,1.89,2,1,0,13.279,10.07,9.16,225,900
352.6719566815507,70.9,1.89,2,0,0,7.006,5.591,4.53,225,900
352.7062946750388,70.9,1.89,1,0,0,3.311,2.988,2.048,225,900
352.74161165292566,70.9,1.89,2,1,0,13.279,10.07,9.16,226,900
352.7562170411982,70.9,1.89,2,0,0,7.006,5.591,4.53,226,900
352.7665607455507,70.9,1.89,1,0,0,3.311,2.988,2.048,226,900
352.79710501882954,70.9,1.89,2,0,0,7.006,5.591,4.53,226,900
352.8279633676918,70.9,1.89,3,1,0,17.589,12.354,12.134,227,900
352.8508211051983,70.9,1.89,2,1,0,13.279,10.07,9.16,227,900
352.8515633676918,70.9,1.89,2,0,0,7.006,5.591,4.53,227,900
352.85799582717533,70.9,1.89,3,0,0,10.385,7.547,7.321,227,900
352.9073114146416,70.9,1.89,3,0,1,11.271,8.091,7.803,227,900
352.9383299687134,70.9,1.89,2,0,1,7.412,5.635,5.165,227,900
352.946167431692,70.9,1.89,1,0,1,3.994,3.474,2.656,227,900
352.94618647293856,70.9,1.89,2,0,1,7.412,5.635,5.165,227,900
352.9861936866418,70.9,1.89,2,0,0,7.006,5.591,4.53,227,900
352.9997893759439,70.9,1.89,1,0,0,3.311,2.988,2.048,227,900
353.0317064481554,70.9,1.89,2,0,0,7.006,5.591,4.53,227,900
353.0387707453317,70.9,1.89,3,0,0,10.385,7.547,7.321,227,900
353.0813994449706,70.9,1.89,3,1,0,17.589,12.354,12.134,228,900
353.1490994449705,70.9,1.89,3,0,0,10.385,7.547,7.321,228,900
353.1817435341904,70.9,1.89,2,0,0,7.006,5.591,4.53,228,900
353.1907006445533,70.9,1.89,3,0,0,10.385,7.547,7.321,228,900
353.2399350413484,70.9,1.89,2,0,0,7.006,5.591,4.53,228,900
353.27145572478304,70.9,1.89,3,0,0,10.385,7.547,7.321,228,900
353.4243907847581,70.9,1.89,2,0,0,7.006,5.591,4.53,228,900
353.425032121873,70.9,1.89,3,0,0,10.385,7.547,7.321,228,900
353.67376348739464,70.9,1.89,2,0,0,7.006,5.591,4.53,228,900
353.69996683797046,70.9,1.89,3,0,0,10.385,7.547,7.321,228,900
353.739526663193,70.9,5.904792150410952,2,0,0,7.006,5.591,4.53,228,900
353.76567955594584,70.9,9.950089378853626,3,0,0,10.385,7.547,7.321,228,900
353.91069797980174,70.9,17.3,3,1,0,17.589,12.354,12.134,229,900
353.96119797980174,70.9,17.3,3,0,0,10.385,7.547,7.321,229,900
353.97217358445204,70.9,17.3,2,0,0,7.006,5.591,4.53,229,900
353.99856772663304,70.9,17.3,1,0,0,3.311,2.988,2.048,229,900
354.0081456219706,70.9,17.3,2,0,0,7.006,5.591,4.53,229,900
354.0351888568782,70.9,17.3,3,0,0,10.385,7.547,7.321,229,900
354.1674752866418,70.9,17.3,3,1,0,17.589,12.354,12.134,230,900
354.1825095443906,70.9,17.3,3,0,0,10.385,7.547,7.321,230,900
354.28081951536797,70.9,17.3,2,0,0,7.006,5.591,4.53,230,900
354.3003829551874,70.9,17.3,3,0,0,10.385,7.547,7.321,230,900
354.3016878901715,70.9,17.3,2,0,0,7.006,5.591,4.53,230,900
354.3141589163604,70.9,17.3,3,0,0,10.385,7.547,7.321,230,900
354.5514517056668,70.9,17.3,2,0,0,7.006,5.591,4.53,230,900
354.5983741105534,70.9,17.3,1,0,0,3.311,2.988,2.048,230,900
354.60904631634395,70.9,17.3,0,0,0,0.0,0.0,0.0,230,900
354.61040228478504,70.9,17.3,1,0,0,3.311,2.988,2.048,230,900
354.62012917795164,70.9,17.3,2,0,0,7.006,5.591,4.53,230,900
354.62173938646384,70.9,17.3,3,0,0,10.385,7.547,7.321,230,900
354.8585335080157,69.2,17.3,2,0,0,7.006,5.591,4.53,230,900
354.8773461026498,69.2,17.3,3,0,0,10.385,7.547,7.321,230,900
354.9227625280082,69.2,17.3,2,0,0,7.006,5.591,4.53,230,900
354.9230901875623,69.2,17.3,1,0,0,3.311,2.988,2.048,230,900
354.9277796188901,69.2,17.3,2,0,0,7.006,5.591,4.53,230,900
354.9342795397629,69.2,17.3,3,0,0,10.385,7.547,7.321,230,900
355.17725392401576,69.2,17.3,2,0,0,7.006,5.591,4.53,230,900
355.1777016257592,69.2,17.3,3,0,0,10.385,7.547,7.321,230,900
355.2449752158268,69.2,17.3,2,0,0,7.006,5.591,4.53,230,900
355.24901270369446,69.2,17.3,3,0,0,10.385,7.547,7.321,230,900
355.25547234473254,69.2,17.3,2,0,0,7.006,5.591,4.53,230,900
355.25591834979446,69.2,17.3,3,0,0,10.385,7.547,7.321,230,900
355.46202469621596,69.2,17.3,2,0,0,7.006,5.591,4.53,230,900
355.4855556087202,69.2,17.3,3,0,0,10.385,7.547,7.321,230,900
355.5736890471374,69.2,17.3,2,0,0,7.006,5.591,4.53,230,900
355.575920336979,69.2,17.3,1,0,0,3.311,2.988,2.048,230,900
355.57750697919323,69.2,17.3,2,0,0,7.006,5.591,4.53,230,900
355.5849195640463,69.2,17.3,3,0,0,10.385,7.547,7.321,230,900
355.6853293023777,69.2,17.3,2,0,0,7.006,5.591,4.53,230,900
355.7341108236333,69.2,14.038442793932932,3,0,0,10.385,7.547,7.321,230,900
355.78746825858906,69.2,5.581819565712339,2,0,0,7.006,5.591,4.53,230,900
355.7886496741336,69.2,5.394576941646665,1,0,0,3.311,2.988,2.048,230,900
355.7984263329832,69.2,3.84507366453367,2,0,0,7.006,5.591,4.53,230,900
355.97667117767196,69.2,1.57,1,0,0,3.311,2.988,2.048,230,900
355.99512844956706,69.2,1.57,0,0,0,0.0,0.0,0.0,230,900
356.10719519780787,69.2,1.57,1,0,0,3.311,2.988,2.048,230,900
356.1251254281889,69.2,1.57,2,0,0,7.006,5.591,4.53,230,900
356.139180468402,69.2,1.57,3,0,0,10.385,7.547,7.321,230,900
356.306849605428,69.2,1.57,2,0,0,7.006,5.591,4.53,230,900
356.3215825091273,69.2,1.57,3,0,0,10.385,7.547,7.321,230,900
356.3886610975163,69.2,1.57,2,0,0,7.006,5.591,4.53,230,900
356.42269974570524,69.2,1.57,3,0,0,10.385,7.547,7.321,230,900
356.5978106028617,69.2,1.57,3,1,0,17.589,12.354,12.134,231,900
356.6113835041872,69.2,1.57,3,0,0,10.385,7.547,7.321,231,900
356.6259353083621,69.2,1.57,2,0,0,7.006,5.591,4.53,231,900
356.70598756818714,69.2,1.57,1,0,0,3.311,2.988,2.048,231,900
356.76091647623775,69.2,1.57,2,0,0,7.006,5.591,4.53,231,900
356.7976374995509,69.2,1.57,3,0,0,10.385,7.547,7.321,231,900
356.81074497551253,69.2,1.57,2,0,0,7.006,5.591,4.53,231,900
356.9396479225552,69.2,1.57,1,0,0,3.311,2.988,2.048,231,900
357.0182888890209,69.2,1.57,0,0,0,0.0,0.0,0.0,231,900
357.03444071840346,69.2,1.57,1,0,0,3.311,2.988,2.048,231,900
357.1802536548923,69.2,1.57,0,0,0,0.0,0.0,0.0,231,900
357.2784398112251,69.2,1.57,1,0,0,3.311,2.988,2.048,231,900
357.4274590691985,69.2,1.57,0,0,0,0.0,0.0,0.0,231,900
357.5287512920158,69.2,1.57,1,0,0,3.311,2.988,2.048,231,900
357.68085043947383,69.2,1.57,0,0,0,0.0,0.0,0.0,231,900
357.7285113116754,69.2,1.57,1,0,0,3.311,2.988,2.048,231,900
357.78538645777564,69.2,1.57,2,0,0,7.006,5.591,4.53,231,900
357.7968095489646,69.2,1.57,3,0,0,10.385,7.547,7.321,231,900
357.940436598718,69.2,119.0,2,0,0,7.006,5.591,4.53,231,900
357.98956127409843,69.2,119.0,1,0,0,3.311,2.988,2.048,231,900
358.04809884250443,67.49461949495876,119.0,2,0,0,7.006,5.591,4.53,231,900
358.1203089012143,64.3,119.0,1,0,0,3.311,2.988,2.048,231,900
358.24417933693144,64.3,119.0,0,0,0,0.0,0.0,0.0,231,900
358.3555017048431,64.3,119.0,1,0,0,3.311,2.988,2.048,231,900
358.55490174839525,64.3,119.0,0,0,0,0.0,0.0,0.0,231,900
358.6701188344322,64.3,119.0,1,0,0,3.311,2.988,2.048,231,900
358.8724894671097,64.3,119.0,0,0,0,0.0,0.0,0.0,231,900
358.99122072727164,64.3,119.0,1,0,0,3.311,2.988,2.048,231,900
359.1980982050743,64.3,119.0,0,0,0,0.0,0.0,0.0,231,900
359.32040181336157,64.3,119.0,1,0,0,3.311,2.988,2.048,231,900
359.5307156082893,64.3,119.0,0,0,0,0.0,0.0,0.0,231,900
360.0841880857018,64.3,2.13,1,0,0,3.311,2.988,2.048,231,900
360.3460125541611,64.3,2.13,0,0,0,0.0,0.0,0.0,231,900
363.6346236989598,65.1,1.79,1,1,0,9.246,7.695,5.518,232,900
363.67451980285585,65.1,1.79,1,0,0,3.311,2.988,2.048,232,900
363.805568929393,65.1,1.79,2,0,0,7.006,5.591,4.53,232,900
363.80675461885573,65.1,1.79,1,0,0,3.311,2.988,2.048,232,900
364.1148843109802,65.1,20.1,0,0,0,0.0,0.0,0.0,232,900
365.1691169625352,65.9,20.1,0,0,1,0.528,0.57,0.438,232,900
365.21369923453534,65.9,20.1,0,0,0,0.0,0.0,0.0,232,900
365.31011616697975,65.9,20.1,1,1,0,9.246,7.695,5.518,233,900
365.3399161669797,65.9,20.1,1,0,0,3.311,2.988,2.048,233,900
365.4030969669798,65.9,20.1,0,0,0,0.0,0.0,0.0,233,900
365.4936537870786,65.9,20.1,1,0,0,3.311,2.988,2.048,233,900
365.6347024542937,65.9,20.1,0,0,0,0.0,0.0,0.0,233,900
365.7131657837018,65.9,20.1,1,0,0,3.311,2.988,2.048,233,900
365.842788662661,65.9,14.673793115730106,0,0,0,0.0,0.0,0.0,233,900
365.9234016059264,65.9,1.79,1,0,0,3.311,2.988,2.048,233,900
366.0549761157426,65.9,1.79,0,0,0,0.0,0.0,0.0,233,900
366.137859442865,65.9,1.79,1,0,0,3.311,2.988,2.048,233,900
366.1605836700196,65.9,1.79,2,1,0,13.279,10.07,9.16,234,900
366.17444231663615,65.9,1.79,2,0,0,7.006,5.591,4.53,234,900
366.2690463806362,65.9,1.79,1,0,0,3.311,2.988,2.048,234,900
366.2715372955385,65.9,1.79,0,0,0,0.0,0.0,0.0,234,900
366.3566775975182,65.9,1.79,1,0,0,3.311,2.988,2.048,234,900
366.361724575313,65.9,1.79,2,0,0,7.006,5.591,4.53,234,900
366.36945817537946,65.9,1.79,3,1,0,17.589,12.354,12.134,235,900
366.37823308597063,65.9,1.79,3,2,0,24.826,17.679,18.858,236,900
366.38735817537946,65.9,1.79,3,1,0,17.589,12.354,12.134,236,900
366.3903594017602,65.9,1.79,3,0,0,10.385,7.547,7.321,236,900
366.4535402017601,65.9,1.79,2,0,0,7.006,5.591,4.53,236,900
366.4922509850488,65.9,1.79,1,0,0,3.311,2.988,2.048,236,900
366.50477295080174,65.9,1.79,0,0,0,0.0,0.0,0.0,236,900
366.53957339789173,65.9,1.79,1,0,0,3.311,2.988,2.048,236,900
366.5409573915244,65.9,1.79,2,0,0,7.006,5.591,4.53,236,900
366.5788352554616,65.9,1.79,2,0,1,7.412,5.635,5.165,236,900
366.5797305968856,65.9,1.79,3,0,1,11.271,8.091,7.803,236,900
366.63221752746165,65.9,1.79,3,0,0,10.385,7.547,7.321,236,900
366.6818663382201,65.9,1.79,2,0,0,7.006,5.591,4.53,236,900
366.7179199992735,65.9,1.79,1,0,0,3.311,2.988,2.048,236,900
366.7335459506287,65.9,1.79,2,0,0,7.006,5.591,4.53,236,900
366.74758054733576,65.9,1.79,1,0,0,3.311,2.988,2.048,236,900
366.7753567722202,65.9,1.79,2,0,0,7.006,5.591,4.53,236,900
366.7942424140194,65.9,1.79,3,1,0,17.589,12.354,12.134,237,900
366.8074081283051,65.9,1.79,3,0,0,10.385,7.547,7.321,237,900
366.92014077677095,65.9,1.79,2,0,0,7.006,5.591,4.53,237,900
366.96032718787654,65.9,1.79,3,0,0,10.385,7.547,7.321,237,900
367.1063689051812,65.9,1.79,2,0,0,7.006,5.591,4.53,237,900
367.1373502567793,65.9,1.79,3,0,0,10.385,7.547,7.321,237,900
367.1643927540317,65.9,1.79,2,0,0,7.006,5.591,4.53,237,900
367.19331449559076,65.9,1.79,3,0,0,10.385,7.547,7.321,237,900
367.33736658373334,65.9,1.79,2,0,0,7.006,5.591,4.53,237,900
367.3451994820758,65.9,1.79,1,0,0,3.311,2.988,2.048,237,900
367.35094551147733,65.9,1.79,2,0,0,7.006,5.591,4.53,237,900
367.41489475200257,65.9,1.79,1,0,0,3.311,2.988,2.048,237,900
367.4331740423048,65.9,1.79,2,0,0,7.006,5.591,4.53,237,900
367.4346305481701,65.9,1.79,3,0,0,10.385,7.547,7.321,237,900
367.589916939918,65.9,1.79,2,0,0,7.006,5.591,4.53,237,900
367.62893801201983,65.9,1.79,1,0,0,3.311,2.988,2.048,237,900
367.63074130445705,65.9,1.79,2,0,0,7.006,5.591,4.53,237,900
367.67142555368383,65.9,1.79,1,0,0,3.311,2.988,2.048,237,900
367.6790413180192,65.9,1.79,2,0,0,7.006,5.591,4.53,237,900
367.6899452802075,65.9,1.79,3,0,0,10.385,7.547,7.321,237,900
367.78959573026873,65.9,1.79,3,1,0,17.589,12.354,12.134,238,900
367.8162957302688,65.9,1.79,3,0,0,10.385,7.547,7.321,238,900
367.91089979426886,65.9,1.79,2,0,0,7.006,5.591,4.53,238,900
367.9153848352529,65.9,3.197648029378498,3,0,0,10.385,7.547,7.321,238,900
367.94072043239976,65.9,20.9510873842082,2,0,0,7.006,5.591,4.53,238,900
367.94338077547064,65.9,22.81527235278969,3,0,0,10.385,7.547,7.321,238,900
367.9573524262133,65.9,32.60564171765832,3,1,0,17.589,12.354,12.134,239,900
368.0203524262134,65.9,71.5,3,0,0,10.385,7.547,7.321,239,900
368.15258724221343,67.3024302087546,71.5,2,0,0,7.006,5.591,4.53,239,900
368.18908849244787,68.62009869998448,71.5,3,0,0,10.385,7.547,7.321,239,900
368.34527853259067,69.5,71.5,2,0,0,7.006,5.591,4.53,239,900
368.3542345118578,69.5,71.5,3,0,0,10.385,7.547,7.321,239,900
368.3583438671286,69.5,71.5,2,0,0,7.006,5.591,4.53,239,900
368.37556807486527,69.5,71.5,3,0,0,10.385,7.547,7.321,239,900
368.6607633760322,69.5,71.5,2,0,0,7.006,5.591,4.53,239,900
368.6709593981766,69.5,71.5,3,0,0,10.385,7.547,7.321,239,900
368.67505898259066,69.5,71.5,2,0,0,7.006,5.591,4.53,239,900
368.6792101572173,69.5,71.5,1,0,0,3.311,2.988,2.048,239,900
368.71364538595793,69.5,71.5,2,0,0,7.006,5.591,4.53,239,900
368.7703747192148,69.5,71.5,3,0,0,10.385,7.547,7.321,239,900
368.9678059660015,69.5,71.5,2,0,0,7.006,5.591,4.53,239,900
368.97364280801827,69.5,71.5,1,0,0,3.311,2.988,2.048,239,900
369.0041448695904,69.5,71.5,0,0,0,0.0,0.0,0.0,239,900
369.00785149217637,69.5,71.5,1,0,0,3.311,2.988,2.048,239,900
369.08031860501677,69.5,71.5,2,0,0,7.006,5.591,4.53,239,900
369.0810839124569,69.5,71.5,3,0,0,10.385,7.547,7.321,239,900
369.2759780692339,69.5,71.5,2,0,0,7.006,5.591,4.53,239,900
369.2811832086361,69.5,71.5,1,0,0,3.311,2.988,2.048,239,900
369.3340452855905,69.5,71.5,0,0,0,0.0,0.0,0.0,239,900
369.3444892831765,69.5,71.5,1,0,0,3.311,2.988,2.048,239,900
369.3870106233796,69.5,71.5,2,0,0,7.006,5.591,4.53,239,900
369.3971381004839,69.5,71.5,3,0,0,10.385,7.547,7.321,239,900
369.5863248388638,69.5,71.5,2,0,0,7.006,5.591,4.53,239,900
369.6005246689358,69.5,71.5,1,0,0,3.311,2.988,2.048,239,900
369.6637209315906,69.5,71.5,0,0,0,0.0,0.0,0.0,239,900
369.69515467277967,69.5,71.5,1,0,0,3.311,2.988,2.048,239,900
369.71960078861594,69.5,71.5,2,0,0,7.006,5.591,4.53,239,900
369.730578085095,69.5,71.5,3,0,0,10.385,7.547,7.321,239,900
369.9947923513882,69.5,14.616810535865767,2,0,0,7.006,5.591,4.53,239,900
370.09984471190006,69.5,1.73,3,0,0,10.385,7.547,7.321,239,900
370.11349251731315,69.5,1.73,2,0,0,7.006,5.591,4.53,239,900
370.1222260791601,69.5,1.73,3,1,0,17.589,12.354,12.134,240,900
370.13527990352276,69.5,1.73,3,0,0,10.385,7.547,7.321,240,900
370.1632341876012,69.5,1.73,2,0,0,7.006,5.591,4.53,240,900
370.2298839675227,69.5,1.73,1,0,0,3.311,2.988,2.048,240,900
370.2909956404362,69.5,1.73,2,0,0,7.006,5.591,4.53,240,900
370.3068927708289,69.5,1.73,1,0,0,3.311,2.988,2.048,240,900
370.31966598429887,69.5,1.73,2,0,0,7.006,5.591,4.53,240,900
370.45979089163603,69.5,1.73,1,0,0,3.311,2.988,2.048,240,900
370.5227375288163,69.5,1.73,2,0,0,7.006,5.591,4.53,240,900
370.54931821691724,69.5,1.73,1,0,0,3.311,2.988,2.048,240,900
370.55259256533867,69.5,1.73,2,0,0,7.006,5.591,4.53,240,900
370.696396778602,69.5,1.73,1,0,0,3.311,2.988,2.048,240,900
370.7924686052308,69.5,1.73,2,0,0,7.006,5.591,4.53,240,900
370.93935593242077,69.5,1.73,1,0,0,3.311,2.988,2.048,240,900
370.97114793613287,69.5,1.73,0,0,0,0.0,0.0,0.0,240,900
371.0384106179761,69.5,1.73,1,0,0,3.311,2.988,2.048,240,900
371.18825462709236,69.5,1.73,0,0,0,0.0,0.0,0.0,240,900
371.29042990057394,69.5,1.73,1,0,0,3.311,2.988,2.048,240,900
371.3466110541584,69.5,1.73,2,0,0,7.006,5.591,4.53,240,900
371.4431016956164,69.5,1.73,1,0,0,3.311,2.988,2.048,240,900
371.5482799870243,70.41423905773256,1.73,2,0,0,7.006,5.591,4.53,240,900
371.741858927993,72.1,1.73,1,0,0,3.311,2.988,2.048,240,900
371.81147535028475,72.1,1.73,0,0,0,0.0,0.0,0.0,240,900
371.8505565348882,72.1,1.73,1,0,0,3.311,2.988,2.048,240,900
371.8767232935323,72.1,1.73,2,0,0,7.006,5.591,4.53,240,900
372.0473142163444,72.1,1.73,1,0,0,3.311,2.988,2.048,240,900
372.1597657327268,72.1,1.73,2,0,0,7.006,5.591,4.53,240,900
372.22117644964635,72.1,1.73,1,0,0,3.311,2.988,2.048,240,900
372.3593531946702,72.1,1.73,0,0,0,0.0,0.0,0.0,240,900
372.47517807654,72.1,1.73,1,0,0,3.311,2.988,2.048,240,900
372.6791315749706,72.1,1.73,0,0,0,0.0,0.0,0.0,240,900
372.7983879963275,72.1,1.73,1,0,0,3.311,2.988,2.048,240,900
372.84370011112037,72.1,1.73,2,0,0,7.006,5.591,4.53,240,900
373.0056370032451,72.1,1.73,1,0,0,3.311,2.988,2.048,240,900
373.1372338132891,72.1,1.73,2,0,0,7.006,5.591,4.53,240,900
373.3564478581809,72.1,1.73,1,0,0,3.311,2.988,2.048,240,900
373.39709587357595,72.1,1.73,0,0,0,0.0,0.0,0.0,240,900
373.5772858590067,72.1,1.73,1,0,0,3.311,2.988,2.048,240,900
373.84494040037544,72.1,1.73,0,0,0,0.0,0.0,0.0,240,900
377.70230946083774,67.7,1.92,1,1,0,9.246,7.695,5.518,241,900
377.7946094608377,67.7,1.92,1,0,0,3.311,2.988,2.048,241,900
377.92684427683764,67.7,1.92,0,0,0,0.0,0.0,0.0,241,900
378.3860276453548,75.2,61.8,1,1,0,9.246,7.695,5.518,242,900
378.40239709473315,75.2,61.8,1,0,0,3.311,2.988,2.048,242,900
378.49700115873316,75.2,61.8,0,0,0,0.0,0.0,0.0,242,900
378.5010769509863,75.2,61.8,0,0,1,0.528,0.57,0.438,242,900
378.5294392229863,75.2,61.8,0,0,0,0.0,0.0,0.0,242,900
378.54656185560896,75.2,61.8,0,0,1,0.528,0.57,0.438,242,900
378.59871455520204,75.2,61.8,1,0,1,3.994,3.474,2.656,242,900
378.6134441276089,75.2,61.8,1,0,0,3.311,2.988,2.048,242,900
378.7508832698379,75.2,61.8,0,0,0,0.0,0.0,0.0,242,900
378.8564033164757,75.2,61.8,1,0,0,3.311,2.988,2.048,242,900
379.05024661828014,75.2,61.8,0,0,0,0.0,0.0,0.0,242,900
379.13426988591715,75.2,61.8,0,0,1,0.528,0.57,0.438,242,900
379.1605210205718,75.2,61.8,1,0,1,3.994,3.474,2.656,242,900
379.1868521579172,75.2,61.8,1,0,0,3.311,2.988,2.048,242,900
379.35919450181177,75.2,61.8,0,0,0,0.0,0.0,0.0,242,900
379.4742213229477,75.2,61.8,1,0,0,3.311,2.988,2.048,242,900
379.6769187069264,75.2,61.8,0,0,0,0.0,0.0,0.0,242,900
379.68816702529136,75.2,61.8,1,1,0,9.246,7.695,5.518,243,900
379.7215670252915,75.2,61.8,1,0,0,3.311,2.988,2.048,243,900
379.78272572760903,75.2,61.8,2,1,0,13.279,10.07,9.16,244,900
379.79623892408995,75.2,61.8,2,0,0,7.006,5.591,4.53,244,900
379.7962908378012,75.2,61.8,3,0,0,10.385,7.547,7.321,244,900
379.8161710892915,75.2,61.8,2,0,0,7.006,5.591,4.53,244,900
379.89084298808984,75.2,61.8,1,0,0,3.311,2.988,2.048,244,900
379.9086253134412,75.2,61.8,2,0,0,7.006,5.591,4.53,244,900
379.9696360423132,75.2,61.8,3,1,0,17.589,12.354,12.134,245,900
380.0003360423132,75.2,61.8,3,0,0,10.385,7.547,7.321,245,900
380.0514476079623,75.2,61.8,2,0,0,7.006,5.591,4.53,245,900
380.0949401063132,75.2,61.8,1,0,0,3.311,2.988,2.048,245,900
380.124071618483,75.2,55.46827589045517,0,0,0,0.0,0.0,0.0,245,900
380.12748822013106,75.2,53.418846670836004,1,0,0,3.311,2.988,2.048,245,900
380.14709774771086,75.2,41.65618220331384,2,0,0,7.006,5.591,4.53,245,900
380.19055654703294,75.2,15.587666656239527,3,0,0,10.385,7.547,7.321,245,900
380.3365708552178,75.2,1.77,2,0,0,7.006,5.591,4.53,245,900
380.3398228815864,75.2,1.77,1,0,0,3.311,2.988,2.048,245,900
380.34183375791747,75.2,1.77,2,1,0,13.279,10.07,9.16,246,900
380.359288753282,75.2,1.77,2,0,0,7.006,5.591,4.53,246,900
380.3642172838878,75.2,1.77,1,0,0,3.311,2.988,2.048,246,900
380.392872158178,75.2,1.77,2,0,0,7.006,5.591,4.53,246,900
380.43559179119234,75.2,1.77,3,0,0,10.385,7.547,7.321,246,900
380.453892817282,75.2,1.77,2,0,0,7.006,5.591,4.53,246,900
380.46216024752414,75.2,1.77,3,0,0,10.385,7.547,7.321,246,900
380.61093428830424,75.2,1.77,2,0,0,7.006,5.591,4.53,246,900
380.62287853163184,75.2,1.77,1,0,0,3.311,2.988,2.048,246,900
380.6450650588427,75.2,1.77,2,0,0,7.006,5.591,4.53,246,900
380.68119941577237,75.2,1.77,1,0,0,3.311,2.988,2.048,246,900
380.7119691469465,75.2,1.77,2,0,0,7.006,5.591,4.53,246,900
380.7259329673261,75.2,1.77,3,0,0,10.385,7.547,7.321,246,900
380.86380890573224,75.2,1.77,2,0,0,7.006,5.591,4.53,246,900
380.90368774670486,75.2,1.77,3,0,0,10.385,7.547,7.321,246,900
380.9150342640615,75.2,1.77,2,0,0,7.006,5.591,4.53,246,900
380.91698287148523,75.2,1.77,1,0,0,3.311,2.988,2.048,246,900
380.9680733883804,75.2,1.77,2,0,0,7.006,5.591,4.53,246,900
381.0096413117199,75.2,1.77,3,0,0,10.385,7.547,7.321,246,900
381.12284996917225,75.2,1.77,2,0,0,7.006,5.591,4.53,246,900
381.15505166614975,75.2,1.77,1,0,0,3.311,2.988,2.048,246,900
381.16849375576487,75.2,1.77,2,0,0,7.006,5.591,4.53,246,900
381.2185235567783,75.2,1.77,1,0,0,3.311,2.988,2.048,246,900
381.2302265058262,75.2,1.77,2,0,0,7.006,5.591,4.53,246,900
381.2525562162076,75.2,1.77,3,0,0,10.385,7.547,7.321,246,900
381.4008378960367,75.2,1.77,2,0,0,7.006,5.591,4.53,246,900
381.42644913461083,75.2,1.77,1,0,0,3.311,2.988,2.048,246,900
381.4781039233935,75.2,1.77,2,0,0,7.006,5.591,4.53,246,900
381.50137767749396,75.2,1.77,3,0,0,10.385,7.547,7.321,246,900
381.5278206805107,75.2,1.77,2,0,0,7.006,5.591,4.53,246,900
381.5391111786769,75.2,1.77,3,0,0,10.385,7.547,7.321,246,900
381.739859881962,63.2,1.77,2,0,0,7.006,5.591,4.53,246,900
381.7558592295792,63.2,1.77,3,0,0,10.385,7.547,7.321,246,900
382.0040799746462,63.2,1.77,3,1,0,17.589,12.354,12.134,247,900
382.07477997464616,63.2,1.77,3,0,0,10.385,7.547,7.321,247,900
382.4481820693755,63.2,1.96,3,0,1,11.271,8.091,7.803,247,900
382.5029643413756,63.2,1.96,3,0,0,10.385,7.547,7.321,247,900
382.55770631120214,63.2,1.96,2,0,0,7.006,5.591,4.53,247,900
382.6529728337938,63.2,1.96,1,0,0,3.311,2.988,2.048,247,900
382.65351423006257,63.2,1.96,2,0,0,7.006,5.591,4.53,247,900
382.672915265837,63.2,1.96,3,0,0,10.385,7.547,7.321,247,900
382.72460117306144,63.2,1.96,2,0,0,7.006,5.591,4.53,247,900
382.8647698470738,63.2,1.96,1,0,0,3.311,2.988,2.048,247,900
382.8762491069662,63.2,1.96,0,0,0,0.0,0.0,0.0,247,900
382.99485976055615,63.2,1.96,1,0,0,3.311,2.988,2.048,247,900
383.20145926964045,63.2,1.96,0,0,0,0.0,0.0,0.0,247,900
383.20487929625637,63.2,1.96,1,0,0,3.311,2.988,2.048,247,900
383.2797008011426,63.2,1.96,2,0,0,7.006,5.591,4.53,247,900
383.3173282573614,63.2,1.96,3,0,0,10.385,7.547,7.321,247,900
383.36023939857614,63.2,1.96,3,1,0,17.589,12.354,12.134,248,900
383.4540325392133,63.2,1.96,3,0,0,10.385,7.547,7.321,248,900
383.4650426432677,63.2,1.96,2,0,0,7.006,5.591,4.53,248,900
383.5207276458521,63.2,1.96,1,0,0,3.311,2.988,2.048,248,900
383.5432512396349,63.2,1.96,0,0,0,0.0,0.0,0.0,248,900
383.55295777047354,63.2,1.96,1,0,0,3.311,2.988,2.048,248,900
383.66014594137556,63.2,1.96,2,1,0,13.279,10.07,9.16,249,900
383.68824594137556,63.2,1.96,2,0,0,7.006,5.591,4.53,249,900
383.7251431517332,63.2,1.96,3,0,0,10.385,7.547,7.321,249,900
383.75142674137555,63.2,1.96,2,0,0,7.006,5.591,4.53,249,900
383.8123753153274,63.2,1.96,1,0,0,3.311,2.988,2.048,249,900
383.84143471820903,63.2,1.96,2,0,0,7.006,5.591,4.53,249,900
383.9761146959246,63.2,1.96,1,0,0,3.311,2.988,2.048,249,900
383.98192932129524,63.2,1.96,0,0,0,0.0,0.0,0.0,249,900
384.0749819858988,63.2,1.96,1,0,0,3.311,2.988,2.048,249,900
384.21932431675515,63.2,47.9,0,0,0,0.0,0.0,0.0,249,900
384.3154374121286,63.2,47.9,1,0,0,3.311,2.988,2.048,249,900
384.4626421907551,63.2,47.9,0,0,0,0.0,0.0,0.0,249,900
384.56193648689884,63.2,47.9,1,0,0,3.311,2.988,2.048,249,900
384.71215542529546,63.2,47.9,0,0,0,0.0,0.0,0.0,249,900
384.8146175132092,63.2,47.9,1,0,0,3.311,2.988,2.048,249,900
384.9676428033758,63.2,47.9,0,0,0,0.0,0.0,0.0,249,900
385.07335501805994,66.19024822130453,47.9,1,0,0,3.311,2.988,2.048,249,900
385.22990713999695,68.2,47.9,0,0,0,0.0,0.0,0.0,249,900
385.3388015174509,68.2,47.9,1,0,0,3.311,2.988,2.048,249,900
385.5352531431577,68.2,47.9,0,0,0,0.0,0.0,0.0,249,900
385.64759527963474,68.2,47.9,1,0,0,3.311,2.988,2.048,249,900
385.8470884913647,68.2,47.9,0,0,0,0.0,0.0,0.0,249,900
385.9006870701033,68.2,47.9,1,0,0,3.311,2.988,2.048,249,900
385.9630737188645,68.2,47.9,2,0,0,7.006,5.591,4.53,249,900
386.1669222766174,68.2,23.13702228555994,1,0,0,3.311,2.988,2.048,249,900
386.2864911361403,68.2,1.88,2,0,0,7.006,5.591,4.53,249,900
386.3533402195915,68.2,1.88,1,0,0,3.311,2.988,2.048,249,900
386.4937151999161,68.2,1.88,0,0,0,0.0,0.0,0.0,249,900
386.6262620829803,68.2,1.88,1,0,0,3.311,2.988,2.048,249,900
386.84619671618094,68.2,1.88,0,0,0,0.0,0.0,0.0,249,900
387.15355202833655,68.2,1.88,1,0,0,3.311,2.988,2.048,249,900
387.4233246111743,68.2,1.88,0,0,0,0.0,0.0,0.0,249,900
390.9591116931385,68.5,1.72,0,0,1,0.528,0.57,0.438,249,900
391.0806939651385,68.5,1.72,0,0,0,0.0,0.0,0.0,249,900
391.880234359936,67.9,1.72,1,1,0,9.246,7.695,5.518,250,900
391.9017168774186,67.9,1.72,1,0,0,3.311,2.988,2.048,250,900
392.0339516934185,67.9,1.72,0,0,0,0.0,0.0,0.0,250,900
392.12845290863464,67.9,1.72,0,0,1,0.528,0.57,0.438,250,900
392.15470509363996,67.9,1.72,1,0,1,3.994,3.474,2.656,250,900
392.1976351806346,67.9,1.72,1,0,0,3.311,2.988,2.048,250,900
392.23923442967185,67.9,1.6936363242296846,2,1,0,13.279,10.07,9.16,251,900
392.253793671378,67.9,1.6791198811226613,2,0,0,7.006,5.591,4.53,251,900
392.34839773537806,67.9,1.62,1,0,0,3.311,2.988,2.048,251,900
392.3633545810898,67.9,1.62,0,0,0,0.0,0.0,0.0,251,900
392.4435970432642,67.9,1.62,1,0,0,3.311,2.988,2.048,251,900
392.58919028803507,67.9,1.62,0,0,0,0.0,0.0,0.0,251,900
392.687766577114,67.9,1.62,1,0,0,3.311,2.988,2.048,251,900
392.85660733953085,67.9,1.62,0,0,0,0.0,0.0,0.0,251,900
392.9372401490309,67.9,1.62,1,0,0,3.311,2.988,2.048,251,900
393.1056833155307,67.9,1.62,0,0,0,0.0,0.0,0.0,251,900
393.1887470710307,67.9,1.62,1,0,0,3.311,2.988,2.048,251,900
393.2599861682672,67.9,1.62,2,1,0,13.279,10.07,9.16,252,900
393.2850861682671,67.9,1.62,2,0,0,7.006,5.591,4.53,252,900
393.3592338535307,67.9,1.62,1,0,0,3.311,2.988,2.048,252,900
393.36921678063425,67.9,1.62,2,1,0,13.279,10.07,9.16,253,900
393.379690232267,67.9,1.62,1,1,0,9.246,7.695,5.518,253,900
393.38357192082117,67.9,1.62,1,0,0,3.311,2.988,2.048,253,900
393.4446626320306,67.9,1.62,2,0,0,7.006,5.591,4.53,253,900
393.4686871583561,67.9,1.62,3,0,0,10.385,7.547,7.321,253,900
393.47817598482106,67.9,1.62,2,0,0,7.006,5.591,4.53,253,900
393.5726408270454,67.9,1.62,3,0,0,10.385,7.547,7.321,253,900
393.58841884032677,67.9,1.62,3,1,0,17.589,12.354,12.134,254,900
393.60175603280146,67.9,1.62,3,0,0,10.385,7.547,7.321,254,900
393.61757904653064,67.9,1.62,2,0,0,7.006,5.591,4.53,254,900
393.6649368328014,67.9,1.62,1,0,0,3.311,2.988,2.048,254,900
393.6999843756848,67.9,1.62,2,0,0,7.006,5.591,4.53,254,900
393.7057454870305,67.9,1.62,3,0,0,10.385,7.547,7.321,254,900
393.71749268539423,67.9,1.62,2,0,0,7.006,5.591,4.53,254,900
393.755286347412,67.9,1.62,3,0,0,10.385,7.547,7.321,254,900
393.7639582209236,67.9,1.62,3,1,0,17.589,12.354,12.134,255,900
393.7836505286159,67.9,1.62,3,0,0,10.385,7.547,7.321,255,900
393.89612573714857,67.9,1.62,2,0,0,7.006,5.591,4.53,255,900
393.915885344616,67.9,1.62,1,0,0,3.311,2.988,2.048,255,900
393.93812748277674,67.9,1.62,2,0,0,7.006,5.591,4.53,255,900
393.9641261067121,67.9,1.62,1,0,0,3.311,2.988,2.048,255,900
393.9724168580306,67.9,1.62,2,0,0,7.006,5.591,4.53,255,900
393.9895426816408,67.9,1.62,3,0,0,10.385,7.547,7.321,255,900
394.1501487925308,67.9,1.62,2,0,0,7.006,5.591,4.53,255,900
394.1822329936321,67.9,1.62,3,0,0,10.385,7.547,7.321,255,900
394.3311291606349,67.9,3.7,2,0,0,7.006,5.591,4.53,255,900
394.35202088635987,67.9,3.7,3,0,0,10.385,7.547,7.321,255,900
394.4237860805308,67.9,3.7,2,0,0,7.006,5.591,4.53,255,900
394.4323122052505,67.9,3.7,3,0,0,10.385,7.547,7.321,255,900
394.55963365019767,67.9,3.7,2,0,0,7.006,5.591,4.53,255,900
394.5839843736351,67.9,3.7,1,0,0,3.311,2.988,2.048,255,900
394.6286837197671,67.9,3.7,0,0,0,0.0,0.0,0.0,255,900
394.6618602177935,67.9,3.7,1,0,0,3.311,2.988,2.048,255,900
394.6881186516323,67.9,3.7,2,0,0,7.006,5.591,4.53,255,900
394.7315783139031,67.9,3.7,3,0,0,10.385,7.547,7.321,255,900
394.85847622388087,67.9,3.7,2,0,0,7.006,5.591,4.53,255,900
394.8806461813985,67.9,3.7,1,0,0,3.311,2.988,2.048,255,900
394.8850393591652,67.9,3.7,0,0,0,0.0,0.0,0.0,255,900
394.9669146780854,67.9,3.7,1,0,0,3.311,2.988,2.048,255,900
394.9882405925463,67.9,3.7,2,0,0,7.006,5.591,4.53,255,900
394.99120682218273,67.9,3.7,3,0,0,10.385,7.547,7.321,255,900
395.14821744132615,68.34826309461248,3.7,2,0,0,7.006,5.591,4.53,255,900
395.16361679466945,68.54856089456639,3.7,1,0,0,3.311,2.988,2.048,255,900
395.1838876804628,68.81222221442678,3.7,0,0,0,0.0,0.0,0.0,255,900
395.2575898092248,69.2,3.7,1,0,0,3.311,2.988,2.048,255,900
395.2756835429103,69.2,3.7,2,0,0,7.006,5.591,4.53,255,900
395.29517681876086,69.2,3.7,3,0,0,10.385,7.547,7.321,255,900
395.45452267424946,69.2,3.7,2,0,0,7.006,5.591,4.53,255,900
395.4595768790315,69.2,3.7,3,0,0,10.385,7.547,7.321,255,900
395.47533795053084,69.2,3.7,2,0,0,7.006,5.591,4.53,255,900
395.49359450482785,69.2,3.7,1,0,0,3.311,2.988,2.048,255,900
395.5673687921554,69.2,3.7,2,0,0,7.006,5.591,4.53,255,900
395.59118809080815,69.2,3.7,3,0,0,10.385,7.547,7.321,255,900
395.7944236534651,69.2,3.7,2,0,0,7.006,5.591,4.53,255,900
395.8210208649201,69.2,3.7,1,0,0,3.311,2.988,2.048,255,900
395.8881983038081,69.2,3.7,2,0,0,7.006,5.591,4.53,255,900
395.9140604207789,69.2,3.7,3,0,0,10.385,7.547,7.321,255,900
396.0961843027218,69.2,3.7,2,0,0,7.006,5.591,4.53,255,900
396.1215767224725,69.2,3.7,1,0,0,3.311,2.988,2.048,255,900
396.1555436848413,69.2,3.7,0,0,0,0.0,0.0,0.0,255,900
396.2200670670041,69.2,3.5762572381951148,1,0,0,3.311,2.988,2.048,255,900
396.2826380813154,69.2,2.3925633018102843,2,0,0,7.006,5.591,4.53,255,900
396.3394837445916,69.2,1.81,3,1,0,17.589,12.354,12.134,256,900
396.3580643897529,69.2,1.81,3,0,0,10.385,7.547,7.321,256,900
396.4316302446247,69.2,1.81,2,0,0,7.006,5.591,4.53,256,900
396.49029920575276,69.2,1.81,1,0,0,3.311,2.988,2.048,256,900
396.497324854591,69.2,1.81,0,0,0,0.0,0.0,0.0,256,900
396.5592687806141,69.2,1.81,1,0,0,3.311,2.988,2.048,256,900
396.6005117303093,69.2,1.81,2,0,0,7.006,5.591,4.53,256,900
396.71346157747934,69.2,1.81,3,0,0,10.385,7.547,7.321,256,900
396.77426766494193,69.2,1.81,2,0,0,7.006,5.591,4.53,256,900
396.79852194418834,69.2,1.81,1,0,0,3.311,2.988,2.048,256,900
396.8858019828231,69.2,1.81,2,0,0,7.006,5.591,4.53,256,900
396.90546319795345,69.2,1.81,3,0,0,10.385,7.547,7.321,256,900
396.97634026677287,69.2,1.81,2,0,0,7.006,5.591,4.53,256,900
397.07649541563825,69.2,1.81,3,0,0,10.385,7.547,7.321,256,900
397.1001065155404,69.2,1.81,2,0,0,7.006,5.591,4.53,256,900
397.1468519452463,69.2,1.81,1,0,0,3.311,2.988,2.048,256,900
397.21127690188206,69.2,1.81,2,0,0,7.006,5.591,4.53,256,900
397.2586681361745,69.2,1.81,3,1,0,17.589,12.354,12.134,257,900
397.32236813617453,69.2,1.81,3,0,0,10.385,7.547,7.321,257,900
397.34100342802674,69.2,1.81,2,0,0,7.006,5.591,4.53,257,900
397.41144330604584,69.2,1.81,1,0,0,3.311,2.988,2.048,257,900
397.41697220017454,69.2,1.81,0,0,0,0.0,0.0,0.0,257,900
397.4617232942138,69.2,1.81,1,1,0,9.246,7.695,5.518,258,900
397.478821624455,69.2,1.81,1,0,0,3.311,2.988,2.048,258,900
397.5234796241746,69.2,1.81,2,0,0,7.006,5.591,4.53,258,900
397.5734256884549,69.2,1.81,1,0,0,3.311,2.988,2.048,258,900
397.5916884293351,69.2,1.81,2,0,0,7.006,5.591,4.53,258,900
397.6777619853676,69.2,1.81,3,0,0,10.385,7.547,7.321,258,900
397.7169602001744,69.2,1.81,2,0,0,7.006,5.591,4.53,258,900
397.82353604017453,69.2,1.81,3,0,0,10.385,7.547,7.321,258,900
397.83257831564595,69.2,1.81,2,0,0,7.006,5.591,4.53,258,900
397.8490608421182,69.2,1.81,1,0,0,3.311,2.988,2.048,258,900
397.9408942691172,69.2,1.81,2,0,0,7.006,5.591,4.53,258,900
397.9800951121746,69.2,1.81,1,0,0,3.311,2.988,2.048,258,900
398.08657635917456,69.2,1.81,2,0,0,7.006,5.591,4.53,258,900
398.1375581929539,69.2,1.81,1,0,0,3.311,2.988,2.048,258,900
398.250564973349,69.2,1.81,2,0,0,7.006,5.591,4.53,258,900
398.2805554631745,69.2,1.81,1,0,0,3.311,2.988,2.048,258,900
398.38696765617453,69.2,37.6747555481348,2,0,0,7.006,5.591,4.53,258,900
398.4516493881098,69.2,50.5,1,0,0,3.311,2.988,2.048,258,900
398.5692253334291,66.88965683143945,50.5,2,0,0,7.006,5.591,4.53,258,900
398.5766158881735,66.5871191391018,50.5,1,0,0,3.311,2.988,2.048,258,900
398.6765579803448,65.1,50.5,2,0,0,7.006,5.591,4.53,258,900
398.7744915831137,65.1,50.5,1,0,0,3.311,2.988,2.048,258,900
398.82699601254296,65.1,50.5,0,0,0,0.0,0.0,0.0,258,900
398.8924002621364,65.1,50.5,1,0,0,3.311,2.988,2.048,258,900
398.9299772669017,65.1,50.5,2,0,0,7.006,5.591,4.53,258,900
399.0882537818238,65.1,50.5,1,0,0,3.311,2.988,2.048,258,900
399.12118431928707,65.1,50.5,0,0,0,0.0,0.0,0.0,258,900
399.2274909528599,65.1,50.5,1,0,0,3.311,2.988,2.048,258,900
399.4213473814597,65.1,50.5,0,0,0,0.0,0.0,0.0,258,900
399.5311344922468,65.1,50.5,1,0,0,3.311,2.988,2.048,258,900
399.7282691610607,65.1,50.5,0,0,0,0.0,0.0,0.0,258,900
399.841539984062,65.1,50.5,1,0,0,3.311,2.988,2.048,258,900
400.04265247709,65.1,50.5,0,0,0,0.0,0.0,0.0,258,900
400.09257085596363,65.1,50.5,1,0,0,3.311,2.988,2.048,258,900
400.15661271249917,65.1,50.5,2,0,0,7.006,5.591,4.53,258,900
400.35893313165457,65.1,28.144551011222582,1,0,0,3.311,2.988,2.048,258,900
400.3728036240276,65.1,21.376895795050228,0,0,0,0.0,0.0,0.0,258,900
400.4764013730329,65.1,1.6,1,0,0,3.311,2.988,2.048,258,900
400.68130951015723,65.1,1.6,0,0,0,0.0,0.0,0.0,258,900
400.80196473250453,65.1,1.6,1,0,0,3.311,2.988,2.048,258,900
401.01037633159774,65.1,1.6,0,0,0,0.0,0.0,0.0,258,900
401.16735188194144,65.1,1.6,1,0,0,3.311,2.988,2.048,258,900
401.1848059775977,65.1,1.6,2,0,0,7.006,5.591,4.53,258,900
401.39353176889813,65.1,1.6,1,0,0,3.311,2.988,2.048,258,900
401.4326970120914,65.1,1.6,0,0,0,0.0,0.0,0.0,258,900
404.3169593065312,65.2,1.74,0,0,1,0.528,0.57,0.438,258,900
404.34550157853124,65.2,1.74,0,0,0,0.0,0.0,0.0,258,900
405.49253068695265,67.5,69.6,1,1,0,9.246,7.695,5.518,259,900
405.50633068695265,67.5,69.6,1,0,0,3.311,2.988,2.048,259,900
405.5695114869527,67.5,69.6,0,0,0,0.0,0.0,0.0,259,900
405.6439373861673,67.5,69.6,1,0,0,3.311,2.988,2.048,259,900
405.7318436142457,67.5,69.6,1,0,1,3.994,3.474,2.656,259,900
405.73777106335297,67.5,69.6,0,0,1,0.528,0.57,0.438,259,900
405.76019588624564,67.5,69.6,0,0,0,0.0,0.0,0.0,259,900
405.8027779062028,67.5,69.6,1,1,0,9.246,7.695,5.518,260,900
405.81392244539427,67.5,69.6,2,1,0,13.279,10.07,9.16,260,900
405.8380882510304,67.5,69.6,2,0,0,7.006,5.591,4.53,260,900
405.90981443840684,67.5,69.6,1,0,0,3.311,2.988,2.048,260,900
405.9268650970262,67.5,69.6,1,0,1,3.994,3.474,2.656,260,900
405.97032306703045,67.5,69.6,0,0,1,0.528,0.57,0.438,260,900
405.9726473690262,67.5,69.6,0,0,0,0.0,0.0,0.0,260,900
405.98779767427493,67.5,69.6,1,0,0,3.311,2.988,2.048,260,900
406.0852088471143,67.5,69.6,0,0,0,0.0,0.0,0.0,260,900
406.16719970012014,67.5,69.6,1,0,0,3.311,2.988,2.048,260,900
406.3012416604316,67.5,69.6,0,0,0,0.0,0.0,0.0,260,900
406.3862711092414,67.5,69.6,1,0,0,3.311,2.988,2.048,260,900
406.5216087448011,67.5,1.75,0,0,0,0.0,0.0,0.0,260,900
406.6086839488592,67.5,1.75,1,0,0,3.311,2.988,2.048,260,900
406.746161259667,67.5,1.75,0,0,0,0.0,0.0,0.0,260,900
406.75239379177174,67.5,1.75,1,1,0,9.246,7.695,5.518,261,900
406.76668216386474,67.5,1.75,1,0,0,3.311,2.988,2.048,261,900
406.8356187929734,67.5,1.75,2,0,0,7.006,5.591,4.53,261,900
406.8612862278648,67.5,1.75,1,0,0,3.311,2.988,2.048,261,900
406.9188297227746,67.5,1.75,2,1,0,13.279,10.07,9.16,262,900
406.9334351110471,67.5,1.75,2,0,0,7.006,5.591,4.53,262,900
406.95551080302755,67.5,1.75,3,0,0,10.385,7.547,7.321,262,900
406.97599965102944,67.5,1.75,2,0,0,7.006,5.591,4.53,262,900
407.0280391750471,67.5,1.75,1,0,0,3.311,2.988,2.048,262,900
407.067745406584,67.5,1.75,2,0,0,7.006,5.591,4.53,262,900
407.1001201303144,67.5,1.75,1,0,0,3.311,2.988,2.048,262,900
407.1234045427873,67.5,1.75,2,0,0,7.006,5.591,4.53,262,900
407.12951952230446,67.5,1.75,3,1,0,17.589,12.354,12.134,263,900
407.1432542465966,67.5,1.75,3,0,0,10.385,7.547,7.321,263,900
407.23785831059655,67.5,1.75,2,0,0,7.006,5.591,4.53,263,900
407.26916541216923,67.5,1.75,1,0,0,3.311,2.988,2.048,263,900
407.30460349769095,67.5,1.75,2,0,0,7.006,5.591,4.53,263,900
407.3300905669364,67.5,1.75,3,0,0,10.385,7.547,7.321,263,900
407.3462390575005,67.5,1.75,2,0,0,7.006,5.591,4.53,263,900
407.3679187144023,67.5,1.75,3,0,0,10.385,7.547,7.321,263,900
407.47268880207815,67.5,1.75,2,0,0,7.006,5.591,4.53,263,900
407.5450703492945,67.5,1.75,3,0,0,10.385,7.547,7.321,263,900
407.5549354552773,67.5,1.75,2,0,0,7.006,5.591,4.53,263,900
407.5681023330306,67.5,1.75,3,0,0,10.385,7.547,7.321,263,900
407.6366136974233,67.5,1.75,2,0,0,7.006,5.591,4.53,263,900
407.6468176179542,67.5,1.75,3,1,0,17.589,12.354,12.134,264,900
407.6706315714425,67.5,1.75,3,0,0,10.385,7.547,7.321,264,900
407.71454149178476,67.5,1.75,2,0,0,7.006,5.591,4.53,264,900
407.7413910453148,67.5,1.75,3,0,0,10.385,7.547,7.321,264,900
407.9336941673303,67.5,1.75,2,0,0,7.006,5.591,4.53,264,900
407.93990270044316,67.5,1.75,1,0,0,3.311,2.988,2.048,264,900
407.955125095157,67.5,1.75,2,0,0,7.006,5.591,4.53,264,900
407.9630706837162,67.5,1.75,1,0,0,3.311,2.988,2.048,264,900
408.0407268349904,67.5,1.75,2,0,0,7.006,5.591,4.53,264,900
408.042536377214,67.5,1.75,3,0,0,10.385,7.547,7.321,264,900
408.19171272528723,67.5,1.75,2,0,0,7.006,5.591,4.53,264,900
408.21786265187257,67.5,1.75,1,0,0,3.311,2.988,2.048,264,900
408.23884193222165,67.5,1.75,0,0,0,0.0,0.0,0.0,264,900
408.25987942893806,67.5,1.75,1,0,0,3.311,2.988,2.048,264,900
408.2949249850827,67.5,1.75,2,0,0,7.006,5.591,4.53,264,900
408.32313463566237,67.5,1.75,3,0,0,10.385,7.547,7.321,264,900
408.4554858867712,67.5,22.622221940950478,2,0,0,7.006,5.591,4.53,264,900
408.478926229254,67.5,34.23456940614954,1,0,0,3.311,2.988,2.048,264,900
408.5521658900976,67.5,51.3,0,0,0,0.0,0.0,0.0,264,900
408.5538816196715,67.5,51.3,1,0,0,3.311,2.988,2.048,264,900
408.5656879304473,67.5,51.3,2,0,0,7.006,5.591,4.53,264,900
408.58736284865637,67.5,51.3,3,0,0,10.385,7.547,7.321,264,900
408.78422320586054,69.4,51.3,2,0,0,7.006,5.591,4.53,264,900
408.872523100958,69.4,51.3,1,0,0,3.311,2.988,2.048,264,900
408.87779705683363,69.4,51.3,2,0,0,7.006,5.591,4.53,264,900
408.8963638466773,69.4,51.3,3,0,0,10.385,7.547,7.321,264,900
408.91414007950635,69.4,51.3,2,0,0,7.006,5.591,4.53,264,900
408.9929034568186,69.4,51.3,3,0,0,10.385,7.547,7.321,264,900
409.09658765029576,69.4,51.3,2,0,0,7.006,5.591,4.53,264,900
409.1952904661634,69.4,51.3,1,0,0,3.311,2.988,2.048,264,900
409.19655284872516,69.4,51.3,2,0,0,7.006,5.591,4.53,264,900
409.21900599278155,69.4,51.3,3,0,0,10.385,7.547,7.321,264,900
409.21955153733603,69.4,51.3,2,0,0,7.006,5.591,4.53,264,900
409.3140418151649,69.4,51.3,3,0,0,10.385,7.547,7.321,264,900
409.4357518868275,69.4,51.3,2,0,0,7.006,5.591,4.53,264,900
409.5206674321175,69.4,51.3,1,0,0,3.311,2.988,2.048,264,900
409.5330875851618,69.4,51.3,0,0,0,0.0,0.0,0.0,264,900
409.5694947835648,69.4,51.3,1,0,0,3.311,2.988,2.048,264,900
409.64286693769174,69.4,51.3,2,0,0,7.006,5.591,4.53,264,900
409.79147480868636,69.4,51.3,1,0,0,3.311,2.988,2.048,264,900
409.83961963571295,69.4,51.3,0,0,0,0.0,0.0,0.0,264,900
409.9295173394995,69.4,51.3,1,0,0,3.311,2.988,2.048,264,900
409.95167656217035,69.4,51.3,2,0,0,7.006,5.591,4.53,264,900
410.1517151201188,69.4,51.3,1,0,0,3.311,2.988,2.048,264,900
410.15394714902766,69.4,51.3,2,1,0,13.279,10.07,9.16,265,900
410.15566096769726,69.4,51.3,1,1,0,9.246,7.695,5.518,265,900
410.19202979365576,69.4,51.3,1,0,0,3.311,2.988,2.048,265,900
410.26624587250325,69.4,51.3,2,0,0,7.006,5.591,4.53,265,900
410.2839651427265,69.4,51.3,3,0,0,10.385,7.547,7.321,265,900
410.32426460965576,69.4,51.3,2,0,0,7.006,5.591,4.53,265,900
410.4631208501223,69.4,26.543893255056958,3,0,0,10.385,7.547,7.321,265,900
410.4682629303787,69.4,24.00686095832857,2,0,0,7.006,5.591,4.53,265,900
410.54400329255066,69.4,1.95,1,0,0,3.311,2.988,2.048,265,900
410.58521675969047,69.4,1.95,2,0,0,7.006,5.591,4.53,265,900
410.7255996535865,69.4,1.95,3,0,0,10.385,7.547,7.321,265,900
410.72573363453273,69.4,1.95,2,0,0,7.006,5.591,4.53,265,900
410.7804530714219,69.4,1.95,3,1,0,17.589,12.354,12.134,266,900
410.78943977349314,69.4,1.95,2,1,0,13.279,10.07,9.16,266,900
410.7956861292731,69.4,1.95,2,0,0,7.006,5.591,4.53,266,900
410.8902901932732,69.4,1.95,1,0,0,3.311,2.988,2.048,266,900
410.90882442173194,69.4,1.95,2,0,0,7.006,5.591,4.53,266,900
410.9879142495047,69.4,1.95,3,0,0,10.385,7.547,7.321,266,900
411.00489034870486,69.4,1.95,2,0,0,7.006,5.591,4.53,266,900
411.1155201434614,69.4,1.95,1,0,0,3.311,2.988,2.048,266,900
411.1359550906615,69.4,1.95,0,0,0,0.0,0.0,0.0,266,900
411.2096905370917,69.4,1.95,1,1,0,9.246,7.695,5.518,267,900
411.23644540409066,69.4,1.95,1,0,0,3.311,2.988,2.048,267,900
411.23711606437223,69.4,1.95,2,0,0,7.006,5.591,4.53,267,900
411.2373114846273,69.4,1.95,3,0,0,10.385,7.547,7.321,267,900
411.3686802200908,69.4,1.95,2,0,0,7.006,5.591,4.53,267,900
411.4265617600087,69.4,1.95,1,0,0,3.311,2.988,2.048,267,900
411.44615668228414,69.4,1.95,0,0,0,0.0,0.0,0.0,267,900
411.5237556869213,69.4,1.95,1,0,0,3.311,2.988,2.048,267,900
411.53190757312444,69.4,1.95,2,0,0,7.006,5.591,4.53,267,900
411.5703603793772,69.4,1.95,3,0,0,10.385,7.547,7.321,267,900
411.7252677721658,69.4,1.95,2,0,0,7.006,5.591,4.53,267,900
411.78124522896104,69.4,1.95,1,0,0,3.311,2.988,2.048,267,900
411.8259965728353,69.4,1.95,0,0,0,0.0,0.0,0.0,267,900
411.8346767626863,69.4,1.95,1,0,0,3.311,2.988,2.048,267,900
411.9078051219812,69.4,1.95,2,0,0,7.006,5.591,4.53,267,900
412.0317128091327,69.47362235859525,1.95,1,0,0,3.311,2.988,2.048,267,900
412.12119899949244,69.8,1.95,0,0,0,0.0,0.0,0.0,267,900
412.14511905405845,69.8,1.95,1,0,0,3.311,2.988,2.048,267,900
412.3462169639096,69.8,1.95,0,0,0,0.0,0.0,0.0,267,900
412.4639931022401,69.8,1.95,1,0,0,3.311,2.988,2.048,267,900
412.66997031549647,69.8,1.78,0,0,0,0.0,0.0,0.0,267,900
412.7917201292321,69.8,1.78,1,0,0,3.311,2.988,2.048,267,900
413.00089802189314,69.8,1.78,0,0,0,0.0,0.0,0.0,267,900
414.40940396903363,69.8,1.78,1,0,0,3.311,2.988,2.048,267,900
414.6769107786701,69.8,18.0,0,0,0,0.0,0.0,0.0,267,900
415.09354397003654,69.8,18.0,1,0,0,3.311,2.988,2.048,267,900
415.4166690139167,67.2,18.0,0,0,0,0.0,0.0,0.0,267,900
416.75590289043953,67.2,1.8,1,0,0,3.311,2.988,2.048,267,900
417.007097662773,67.2,1.8,0,0,0,0.0,0.0,0.0,267,900
417.04599465477304,67.2,1.8,0,0,1,0.528,0.57,0.438,267,900
417.09657777985143,67.2,1.8,0,0,0,0.0,0.0,0.0,267,900
417.12738576028283,67.2,1.8,0,0,1,0.528,0.57,0.438,267,900
417.177714395273,67.2,1.8,0,0,0,0.0,0.0,0.0,267,900
418.20650618961616,67.2,1.8,1,1,0,9.246,7.695,5.518,268,900
418.21554148373383,67.2,1.8,1,0,0,3.311,2.988,2.048,268,900
418.2787222837339,67.2,1.8,0,0,0,0.0,0.0,0.0,268,900
418.35373715394957,67.2,1.8,1,0,0,3.311,2.988,2.048,268,900
418.4481654047142,67.2,1.8,0,0,0,0.0,0.0,0.0,268,900
418.524939373224,67.2,1.8,1,0,0,3.311,2.988,2.048,268,900
418.62145955528274,67.2,7.038612561095038,0,0,0,0.0,0.0,0.0,268,900
418.70009899308656,67.2,54.14368072844005,1,0,0,3.311,2.988,2.048,268,900
418.7981719704397,64.56806527627734,61.7,0,0,0,0.0,0.0,0.0,268,900
418.87860084253754,64.1,61.7,1,0,0,3.311,2.988,2.048,268,900
419.0103918951846,64.1,61.7,0,0,0,0.0,0.0,0.0,268,900
419.09306163112575,64.1,61.7,1,0,0,3.311,2.988,2.048,268,900
419.12912496155093,64.1,61.7,1,0,1,3.994,3.474,2.656,268,900
419.157787233551,64.1,61.7,1,0,0,3.311,2.988,2.048,268,900
419.226021419616,64.1,61.7,0,0,0,0.0,0.0,0.0,268,900
419.31060997140025,64.1,61.7,1,0,0,3.311,2.988,2.048,268,900
419.3106553035328,64.1,61.7,1,0,1,3.994,3.474,2.656,268,900
419.35523757553284,64.1,61.7,1,0,0,3.311,2.988,2.048,268,900
419.44558249573345,64.1,61.7,0,0,0,0.0,0.0,0.0,268,900
419.5432704937334,64.1,61.7,1,0,0,3.311,2.988,2.048,268,900
419.589546769524,64.1,61.7,1,0,1,3.994,3.474,2.656,268,900
419.617839041524,64.1,61.7,1,0,0,3.311,2.988,2.048,268,900
419.69155730973335,64.1,61.7,0,0,0,0.0,0.0,0.0,268,900
419.7892619827333,64.1,61.7,1,0,0,3.311,2.988,2.048,268,900
419.8492204166017,64.1,61.7,2,1,0,13.279,10.07,9.16,269,900
419.90974530947614,64.1,61.7,2,0,0,7.006,5.591,4.53,269,900
419.93767622273333,64.1,61.7,1,0,0,3.311,2.988,2.048,269,900
420.0354418547333,64.1,61.7,2,0,0,7.006,5.591,4.53,269,900
420.041980125476,64.1,61.7,1,0,0,3.311,2.988,2.048,269,900
420.1829525427331,64.1,61.7,0,0,0,0.0,0.0,0.0,269,900
420.2806873927331,64.1,61.7,1,0,0,3.311,2.988,2.048,269,900
420.31393336366654,64.1,61.7,2,1,0,13.279,10.07,9.16,270,900
420.32730927077824,64.1,61.7,2,0,0,7.006,5.591,4.53,270,900
420.3904900707782,64.1,61.7,1,0,0,3.311,2.988,2.048,270,900
420.428842304733,64.1,61.7,0,0,0,0.0,0.0,0.0,270,900
420.4809775884619,64.1,61.7,1,0,0,3.311,2.988,2.048,270,900
420.51134448169176,64.1,61.7,2,1,0,13.279,10.07,9.16,271,900
420.5247010034309,64.1,61.7,2,0,0,7.006,5.591,4.53,271,900
420.5265780487331,64.1,61.7,3,0,0,10.385,7.547,7.321,271,900
420.58788180343095,64.1,61.7,2,0,0,7.006,5.591,4.53,271,900
420.6219562940236,64.1,56.55590667270012,1,0,0,3.311,2.988,2.048,271,900
420.6745751047331,64.1,25.075936949921363,0,0,0,0.0,0.0,0.0,271,900
420.6783002195758,64.1,22.84733275157091,1,0,0,3.311,2.988,2.048,271,900
420.7155204308537,64.1,1.8,2,0,0,7.006,5.591,4.53,271,900
420.77227196773305,64.1,1.8,3,0,0,10.385,7.547,7.321,271,900
420.7735979823676,64.1,1.8,3,1,0,17.589,12.354,12.134,272,900
420.7867825317238,64.1,1.8,3,0,0,10.385,7.547,7.321,272,900
420.84996333172376,64.1,1.8,2,0,0,7.006,5.591,4.53,272,900
420.8603787955618,64.1,1.8,1,0,0,3.311,2.988,2.048,272,900
420.9126996002712,64.1,1.8,2,0,0,7.006,5.591,4.53,272,900
420.9200998542908,64.1,1.8,1,0,0,3.311,2.988,2.048,272,900
420.9397687312144,64.1,1.8,2,0,0,7.006,5.591,4.53,272,900
420.95703529453857,64.1,1.8,3,0,0,10.385,7.547,7.321,272,900
421.08005882994405,64.1,1.8,2,0,0,7.006,5.591,4.53,272,900
421.1047880383934,64.1,1.8,1,0,0,3.311,2.988,2.048,272,900
421.154061799677,64.1,1.8,2,0,0,7.006,5.591,4.53,272,900
421.17047036038315,64.1,1.8,1,0,0,3.311,2.988,2.048,272,900
421.1728954281071,64.1,1.8,2,0,0,7.006,5.591,4.53,272,900
421.2046576695168,64.1,1.8,3,0,0,10.385,7.547,7.321,272,900
421.31701976550926,64.1,1.8,2,0,0,7.006,5.591,4.53,272,900
421.3554565045184,64.1,1.8,1,0,0,3.311,2.988,2.048,272,900
421.401522307793,64.1,1.8,2,0,0,7.006,5.591,4.53,272,900
421.4129033053447,64.1,1.8,3,0,0,10.385,7.547,7.321,272,900
421.42440068291177,64.1,1.8,2,0,0,7.006,5.591,4.53,272,900
421.4585258587883,64.1,1.8,3,0,0,10.385,7.547,7.321,272,900
421.55987660141903,64.1,1.8,2,0,0,7.006,5.591,4.53,272,900
421.6121629769364,64.1,1.8,1,0,0,3.311,2.988,2.048,272,900
421.65444009783494,64.1,1.8,2,1,0,13.279,10.07,9.16,273,900
421.65521942761933,64.1,1.8,3,1,0,17.589,12.354,12.134,273,900
421.704940097835,64.1,1.8,3,0,0,10.385,7.547,7.321,273,900
421.837174913835,64.1,1.8,2,0,0,7.006,5.591,4.53,273,900
421.8757102706477,64.1,1.8,1,0,0,3.311,2.988,2.048,273,900
421.9111073738541,64.1,1.8,2,0,0,7.006,5.591,4.53,273,900
421.9548202586193,64.1,1.8,3,0,0,10.385,7.547,7.321,273,900
422.16512933657623,64.82723496666108,1.8,2,0,0,7.006,5.591,4.53,273,900
422.1693163951259,64.88543589126645,1.8,3,0,0,10.385,7.547,7.321,273,900
422.18240309365194,65.067343534834,1.8,2,0,0,7.006,5.591,4.53,273,900
422.2548441646192,65.5,1.8,3,0,0,10.385,7.547,7.321,273,900
422.27308696179523,65.5,1.8,2,0,0,7.006,5.591,4.53,273,900
422.2954528522398,65.5,1.8,3,0,0,10.385,7.547,7.321,273,900
422.3255965672175,65.5,1.8,2,0,0,7.006,5.591,4.53,273,900
422.38450806112144,65.5,1.8,3,0,0,10.385,7.547,7.321,273,900
422.4956356615305,65.5,1.8,2,0,0,7.006,5.591,4.53,273,900
422.5829098639071,65.5,1.8,1,0,0,3.311,2.988,2.048,273,900
422.5914804196191,65.5,1.8,2,0,0,7.006,5.591,4.53,273,900
422.6122577776174,65.5,1.8,3,0,0,10.385,7.547,7.321,273,900
422.6303736195063,65.5,1.7843101484606536,2,0,0,7.006,5.591,4.53,273,900
422.696667400911,65.5,1.7250758617158304,3,0,0,10.385,7.547,7.321,273,900
422.816747128255,65.5,1.71,2,0,0,7.006,5.591,4.53,273,900
422.8984139273746,65.5,1.71,1,0,0,3.311,2.988,2.048,273,900
422.92761744361906,65.5,1.71,2,0,0,7.006,5.591,4.53,273,900
422.9362499122834,65.5,1.71,1,0,0,3.311,2.988,2.048,273,900
422.93698411074774,65.5,1.71,2,0,0,7.006,5.591,4.53,273,900
423.01470415405635,65.5,1.71,3,0,0,10.385,7.547,7.321,273,900
423.1448802017912,65.5,1.71,2,0,0,7.006,5.591,4.53,273,900
423.2367354374729,65.5,1.71,1,0,0,3.311,2.988,2.048,273,900
423.2498183131526,65.5,1.71,0,0,0,0.0,0.0,0.0,273,900
423.261862447669,65.5,1.71,0,0,1,0.528,0.57,0.438,273,900
423.26450953761895,65.5,1.71,1,0,1,3.994,3.474,2.656,273,900
423.2687025176897,65.5,1.71,2,0,1,7.412,5.635,5.165,273,900
423.30374471966894,65.5,1.71,2,0,0,7.006,5.591,4.53,273,900
423.36611088878664,65.5,1.71,3,0,0,10.385,7.547,7.321,273,900
423.4798638771389,65.5,1.71,2,0,0,7.006,5.591,4.53,273,900
423.5700395231141,65.5,1.71,1,0,0,3.311,2.988,2.048,273,900
423.59919096960033,65.5,1.71,0,0,0,0.0,0.0,0.0,273,900
423.6011473286189,65.5,1.71,1,0,0,3.311,2.988,2.048,273,900
423.6897330332943,65.5,1.71,2,0,0,7.006,5.591,4.53,273,900
423.7398400813112,65.5,1.71,3,0,0,10.385,7.547,7.321,273,900
423.9678836157081,65.5,1.71,2,0,0,7.006,5.591,4.53,273,900
424.03851979950116,65.5,1.71,1,0,0,3.311,2.988,2.048,273,900
424.074547693713,65.5,1.71,0,0,0,0.0,0.0,0.0,273,900
424.10935318330235,65.5,1.71,1,0,0,3.311,2.988,2.048,273,900
424.11160621390917,65.5,1.71,2,0,0,7.006,5.591,4.53,273,900
424.19067042489394,65.5,1.71,3,0,0,10.385,7.547,7.321,273,900
424.2132321705479,65.5,1.71,3,1,0,17.589,12.354,12.134,274,900
424.2523321705478,65.5,1.71,3,0,0,10.385,7.547,7.321,274,900
424.36914201958984,65.5,1.71,2,0,0,7.006,5.591,4.53,274,900
424.3845669865476,65.5,1.71,1,0,0,3.311,2.988,2.048,274,900
424.44665680108625,65.5,1.71,0,0,0,0.0,0.0,0.0,274,900
424.46108004883536,65.5,1.71,1,1,0,9.246,7.695,5.518,275,900
424.47628004883535,65.5,1.71,1,0,0,3.311,2.988,2.048,275,900
424.4892677654873,65.5,1.71,2,0,0,7.006,5.591,4.53,275,900
424.57088411283513,65.5,1.71,1,0,0,3.311,2.988,2.048,275,900
424.66356230751177,65.5,14.115370017538567,2,0,0,7.006,5.591,4.53,275,900
424.72283401486436,65.5,26.5,1,0,0,3.311,2.988,2.048,275,900
424.80661068300043,65.5,26.5,0,0,0,0.0,0.0,0.0,275,900
424.90249956636137,65.5,26.5,1,0,0,3.311,2.988,2.048,275,900
425.04941827953434,65.5,26.5,0,0,0,0.0,0.0,0.0,275,900
425.14876834757956,65.5,26.5,1,0,0,3.311,2.988,2.048,275,900
425.1982025389156,65.5,26.5,2,1,0,13.279,10.07,9.16,276,900
425.2200414014749,65.5,26.5,2,0,0,7.006,5.591,4.53,276,900
425.3362775904367,65.5,26.5,1,0,0,3.311,2.988,2.048,276,900
425.3522762174749,65.5,26.5,0,0,0,0.0,0.0,0.0,276,900
425.43918798897806,64.95861994159841,26.5,1,0,0,3.311,2.988,2.048,276,900
425.4743240196314,64.2144462642034,26.5,2,0,0,7.006,5.591,4.53,276,900
425.5405516669981,63.4,26.5,3,0,0,10.385,7.547,7.321,276,900
425.62960959033154,63.4,26.5,2,0,0,7.006,5.591,4.53,276,900
425.6842799921149,63.4,26.5,1,0,0,3.311,2.988,2.048,276,900
425.73646828036914,63.4,26.5,2,0,0,7.006,5.591,4.53,276,900
425.8640510192481,63.4,26.5,1,0,0,3.311,2.988,2.048,276,900
425.93077574421875,63.4,26.5,0,0,0,0.0,0.0,0.0,276,900
426.04119165575275,63.4,26.5,1,0,0,3.311,2.988,2.048,276,900
426.23988495009866,63.4,26.5,0,0,0,0.0,0.0,0.0,276,900
426.3540389191288,63.4,26.5,1,0,0,3.311,2.988,2.048,276,900
426.5557942679707,63.4,26.5,0,0,0,0.0,0.0,0.0,276,900
426.673841392497,63.4,11.451189990501476,1,0,0,3.311,2.988,2.048,276,900
426.8792876598353,63.4,1.8,0,0,0,0.0,0.0,0.0,276,900
427.0012311748579,63.4,1.8,1,0,0,3.311,2.988,2.048,276,900
427.2097746956212,63.4,1.8,0,0,0,0.0,0.0,0.0,276,900
427.9750696911298,63.4,1.8,1,0,0,3.311,2.988,2.048,276,900
428.23728656834265,63.4,1.8,0,0,0,0.0,0.0,0.0,276,900
429.0618680908871,68.2,57.1,1,0,0,3.311,2.988,2.048,276,900
429.40250951529947,68.2,57.1,0,0,0,0.0,0.0,0.0,276,900
429.72181014004616,68.2,57.1,1,0,0,3.311,2.988,2.048,276,900
430.01468873672854,68.2,57.1,0,0,0,0.0,0.0,0.0,276,900
430.0729857287285,68.2,57.1,0,0,1,0.528,0.57,0.438,276,900
430.13830403272857,68.2,57.1,0,0,0,0.0,0.0,0.0,276,900
430.18281318472856,68.2,57.1,0,0,1,0.528,0.57,0.438,276,900
430.24667065672855,68.2,57.1,0,0,0,0.0,0.0,0.0,276,900
431.28795728072845,68.2,1.76,1,1,0,9.246,7.695,5.518,277,900
431.32045728072853,68.2,1.76,1,0,0,3.311,2.988,2.048,277,900
431.3836380807285,68.2,1.76,0,0,0,0.0,0.0,0.0,277,900
431.46583589943833,68.2,1.76,1,0,0,3.311,2.988,2.048,277,900
431.567515426388,68.2,1.76,0,0,0,0.0,0.0,0.0,277,900
431.65188230953663,68.2,1.76,1,0,0,3.311,2.988,2.048,277,900
431.78713442192515,68.2,1.76,0,0,0,0.0,0.0,0.0,277,900
431.87421931075255,68.2,1.76,1,0,0,3.311,2.988,2.048,277,900
432.01195867681975,68.2,1.76,0,0,0,0.0,0.0,0.0,277,900
432.10144742832586,68.2,1.76,1,0,0,3.311,2.988,2.048,277,900
432.24162265607174,68.5961336249823,1.76,0,0,0,0.0,0.0,0.0,277,900
432.3339297312564,69.6,1.76,1,0,0,3.311,2.988,2.048,277,900
432.4766627406809,69.6,1.76,0,0,0,0.0,0.0,0.0,277,900
432.5716152485443,69.6,1.76,1,0,0,3.311,2.988,2.048,277,900
432.6234014685015,69.6,1.76,1,0,1,3.994,3.474,2.656,277,900
432.6706837405015,69.6,1.76,1,0,0,3.311,2.988,2.048,277,900
432.71702677564735,69.6,1.7553453668930556,0,0,0,0.0,0.0,0.0,277,900
432.81460720718934,69.6,1.65,1,0,0,3.311,2.988,2.048,277,900
432.95422368859033,69.6,1.65,1,0,1,3.994,3.474,2.656,277,900
432.96266845197107,69.6,1.65,0,0,1,0.528,0.57,0.438,277,900
433.0116059605905,69.6,1.65,0,0,0,0.0,0.0,0.0,277,900
433.03149847008694,69.6,1.65,0,0,1,0.528,0.57,0.438,277,900
433.06270074819184,69.6,1.65,1,0,1,3.994,3.474,2.656,277,900
433.07578074208686,69.6,1.65,1,0,0,3.311,2.988,2.048,277,900
433.20995664650803,69.6,1.65,0,0,0,0.0,0.0,0.0,277,900
433.3073252856988,69.6,1.65,1,0,0,3.311,2.988,2.048,277,900
433.4919639280588,69.6,1.65,0,0,0,0.0,0.0,0.0,277,900
433.59219584060185,69.6,1.65,1,0,0,3.311,2.988,2.048,277,900
433.78019186831403,69.6,1.65,0,0,0,0.0,0.0,0.0,277,900
433.82559284915794,69.6,1.65,1,1,0,9.246,7.695,5.518,278,900
433.84619284915794,69.6,1.65,1,0,0,3.311,2.988,2.048,278,900
433.8828787692093,69.6,1.65,2,0,0,7.006,5.591,4.53,278,900
433.92459121871315,69.6,1.65,3,1,0,17.589,12.354,12.134,279,900
433.9407969131579,69.6,1.65,2,1,0,13.279,10.07,9.16,279,900
433.9430972428095,69.6,1.65,2,0,0,7.006,5.591,4.53,279,900
434.0295379417286,69.6,1.65,3,0,0,10.385,7.547,7.321,279,900
434.0738618462737,69.6,1.65,2,0,0,7.006,5.591,4.53,279,900
434.0753320588096,69.6,1.65,1,0,0,3.311,2.988,2.048,279,900
434.16861205178395,69.6,1.65,0,0,0,0.0,0.0,0.0,279,900
434.1713875605903,69.6,1.65,1,1,0,9.246,7.695,5.518,280,900
434.1795446925212,69.6,1.65,2,1,0,13.279,10.07,9.16,280,900
434.18527352686175,69.6,1.65,3,1,0,17.589,12.354,12.134,280,900
434.186062719826,69.6,1.65,3,0,0,10.385,7.547,7.321,280,900
434.2289546692832,69.6,1.65,3,1,0,17.589,12.354,12.134,281,900
434.24655466928317,69.6,1.65,3,0,0,10.385,7.547,7.321,281,900
434.3726034269378,69.6,1.65,2,0,0,7.006,5.591,4.53,281,900
434.37628322454583,69.6,1.65,3,0,0,10.385,7.547,7.321,281,900
434.3830101539542,69.6,1.65,2,0,0,7.006,5.591,4.53,281,900
434.3952072921664,69.6,1.65,3,0,0,10.385,7.547,7.321,281,900
434.40298882619686,69.6,1.65,2,0,0,7.006,5.591,4.53,281,900
434.48096119353767,69.6,1.65,3,0,0,10.385,7.547,7.321,281,900
434.7011199007414,69.6,1.65,2,0,0,7.006,5.591,4.53,281,900
434.72676384199764,69.6,3.4370342163860217,1,0,0,3.311,2.988,2.048,281,900
434.7413892471471,69.6,5.4392085723787975,2,0,0,7.006,5.591,4.53,281,900
434.7648555833066,69.6,8.65168002241474,3,0,0,10.385,7.547,7.321,281,900
434.8086052091448,69.6,14.64087335022736,2,0,0,7.006,5.591,4.53,281,900
434.81752760590683,69.6,15.3,3,0,0,10.385,7.547,7.321,281,900
434.9620384815968,69.6,15.3,2,0,0,7.006,5.591,4.53,281,900
434.99083609952675,69.6,15.3,3,0,0,10.385,7.547,7.321,281,900
435.0301252301714,69.6,15.3,2,0,0,7.006,5.591,4.53,281,900
435.0523626249719,69.6,15.3,3,0,0,10.385,7.547,7.321,281,900
435.1421824431558,69.6,15.3,2,0,0,7.006,5.591,4.53,281,900
435.19646587912786,69.6,15.3,1,0,0,3.311,2.988,2.048,281,900
435.2096098151648,69.6,15.3,2,0,0,7.006,5.591,4.53,281,900
435.24597642869315,69.6,15.3,3,0,0,10.385,7.547,7.321,281,900
435.2745953827127,69.6,15.3,2,0,0,7.006,5.591,4.53,281,900
435.2928878442189,69.6,15.3,3,0,0,10.385,7.547,7.321,281,900
435.4381612547156,69.6,15.3,2,0,0,7.006,5.591,4.53,281,900
435.43976688746585,69.6,15.3,1,0,0,3.311,2.988,2.048,281,900
435.50165964371524,69.6,15.3,2,0,0,7.006,5.591,4.53,281,900
435.5390522926476,68.69119211519347,15.3,3,0,0,10.385,7.547,7.321,281,900
435.6888278609853,66.1,15.3,2,0,0,7.006,5.591,4.53,281,900
435.69325162680406,66.1,15.3,1,0,0,3.311,2.988,2.048,281,900
435.70109454424954,66.1,15.3,2,1,0,13.279,10.07,9.16,282,900
435.7406811770313,66.1,15.3,1,1,0,9.246,7.695,5.518,282,900
435.76409454424953,66.1,15.3,1,0,0,3.311,2.988,2.048,282,900
435.790959197258,66.1,15.3,2,0,0,7.006,5.591,4.53,282,900
435.80104009004754,66.1,15.3,3,0,0,10.385,7.547,7.321,282,900
435.94360249068654,66.1,15.3,2,0,0,7.006,5.591,4.53,282,900
435.99696080702745,66.1,15.3,1,0,0,3.311,2.988,2.048,282,900
436.04840369905025,66.1,15.3,2,0,0,7.006,5.591,4.53,282,900
436.0496278441034,66.1,15.3,1,0,0,3.311,2.988,2.048,282,900
436.1081723761623,66.1,15.3,2,0,0,7.006,5.591,4.53,282,900
436.1660792119607,66.1,15.3,3,0,0,10.385,7.547,7.321,282,900
436.20349590156997,66.1,15.3,2,0,0,7.006,5.591,4.53,282,900
436.3067432030336,66.1,15.3,1,0,0,3.311,2.988,2.048,282,900
436.3112821110246,66.1,15.3,2,0,0,7.006,5.591,4.53,282,900
436.37066299038946,66.1,15.3,1,0,0,3.311,2.988,2.048,282,900
436.42168523105937,66.1,15.3,2,0,0,7.006,5.591,4.53,282,900
436.490576249818,66.1,15.3,3,0,0,10.385,7.547,7.321,282,900
436.50640338263497,66.1,15.3,2,0,0,7.006,5.591,4.53,282,900
436.6175733373362,66.1,15.3,3,0,0,10.385,7.547,7.321,282,900
436.62408639182144,66.1,15.3,2,0,0,7.006,5.591,4.53,282,900
436.6984858888178,66.1,15.3,1,0,0,3.311,2.988,2.048,282,900
436.81657246619307,66.1,3.82,0,0,0,0.0,0.0,0.0,282,900
436.82208561781766,66.1,3.82,1,0,0,3.311,2.988,2.048,282,900
436.9439140599624,66.1,3.82,2,0,0,7.006,5.591,4.53,282,900
437.0332584293891,66.1,3.82,1,0,0,3.311,2.988,2.048,282,900
437.15969181396247,66.1,3.82,0,0,0,0.0,0.0,0.0,282,900
437.2457461309605,66.1,3.82,1,0,0,3.311,2.988,2.048,282,900
437.2911492255777,66.1,3.82,2,0,0,7.006,5.591,4.53,282,900
437.5049179162464,66.1,3.82,1,0,0,3.311,2.988,2.048,282,900
437.51012250942404,66.1,3.82,0,0,0,0.0,0.0,0.0,282,900
437.6453747138856,66.1,3.82,1,0,0,3.311,2.988,2.048,282,900
437.68274419873836,66.1,3.82,2,0,0,7.006,5.591,4.53,282,900
437.72062300118824,66.1,3.82,3,0,0,10.385,7.547,7.321,282,900
437.868459271578,66.1,3.82,2,0,0,7.006,5.591,4.53,282,900
437.9421617435923,66.1,3.82,1,0,0,3.311,2.988,2.048,282,900
438.0698300933446,66.1,3.82,2,1,0,13.279,10.07,9.16,283,900
438.07403891757787,66.1,3.82,3,1,0,17.589,12.354,12.134,283,900
438.0968593677962,66.1,3.82,2,1,0,13.279,10.07,9.16,283,900
438.12363009334456,66.1,3.82,2,0,0,7.006,5.591,4.53,283,900
438.2182341573447,66.1,3.82,1,0,0,3.311,2.988,2.048,283,900
438.2620068055341,66.1,3.82,1,1,0,9.246,7.695,5.518,284,900
438.2982734088088,66.1,3.82,0,1,0,4.554,4.957,2.003,284,900
438.31484158134487,66.1,3.82,1,1,0,9.246,7.695,5.518,284,900
438.37342925020084,66.1,3.82,1,0,0,3.311,2.988,2.048,284,900
438.46134926134476,66.1,3.82,0,0,0,0.0,0.0,0.0,284,900
438.55846491957556,66.1,3.82,1,0,0,3.311,2.988,2.048,284,900
438.706621252037,66.1,3.82,0,0,0,0.0,0.0,0.0,284,900
438.80727400588313,66.1,3.82,1,0,0,3.311,2.988,2.048,284,900
438.99609677896,65.76855031817598,74.9,0,0,0,0.0,0.0,0.0,284,900
439.10039661865244,65.7,74.9,1,0,0,3.311,2.988,2.048,284,900
439.24175304030126,65.7,74.9,2,1,0,13.279,10.07,9.16,285,900
439.2763996568426,65.7,74.9,2,0,0,7.006,5.591,4.53,285,900
439.2922185055755,65.7,74.9,1,0,0,3.311,2.988,2.048,285,900
439.40055339211403,65.7,74.9,2,0,0,7.006,5.591,4.53,285,900
439.40863447284266,65.7,74.9,1,0,0,3.311,2.988,2.048,285,900
439.59634789688323,65.7,74.9,0,0,0,0.0,0.0,0.0,285,900
439.62046541156883,65.7,74.9,1,0,0,3.311,2.988,2.048,285,900
439.7083267602677,65.7,74.9,2,0,0,7.006,5.591,4.53,285,900
439.9085938508831,65.7,74.9,1,0,0,3.311,2.988,2.048,285,900
439.96491856768273,65.7,74.9,0,0,0,0.0,0.0,0.0,285,900
440.0243975271139,65.7,74.9,1,0,0,3.311,2.988,2.048,285,900
440.22781342757537,65.7,74.9,0,0,0,0.0,0.0,0.0,285,900
440.3475970146523,65.7,74.9,1,0,0,3.311,2.988,2.048,285,900
440.55479058896,65.7,74.9,0,0,0,0.0,0.0,0.0,285,900
440.6774534312271,65.7,74.9,1,0,0,3.311,2.988,2.048,285,900
440.88801380683265,65.7,21.86368660107137,0,0,0,0.0,0.0,0.0,285,900
441.65540913380687,65.7,3.71,1,0,0,3.311,2.988,2.048,285,900
441.91991714619553,65.7,3.71,0,0,0,0.0,0.0,0.0,285,900
444.37236632371116,66.5,1.91,1,1,0,9.246,7.695,5.518,286,900
444.3867438588126,66.5,1.91,1,0,0,3.311,2.988,2.048,286,900
444.4813479228125,66.5,1.91,0,0,0,0.0,0.0,0.0,286,900
444.57589335383284,66.5,1.91,1,0,0,3.311,2.988,2.048,286,900
444.72082656035394,66.5,1.91,0,0,0,0.0,0.0,0.0,286,900
444.81870584287975,66.5,1.91,1,0,0,3.311,2.988,2.048,286,900
444.9676325499063,66.5,18.852975417057756,0,0,0,0.0,0.0,0.0,286,900
445.0690961799375,66.5,32.8,1,0,0,3.311,2.988,2.048,286,900
445.2587365794694,66.5,32.8,0,0,0,0.0,0.0,0.0,286,900
445.3639012975069,66.5,32.8,1,0,0,3.311,2.988,2.048,286,900
445.55659481304514,66.5,32.8,0,0,0,0.0,0.0,0.0,286,900
445.66584858008883,66.5,32.8,1,0,0,3.311,2.988,2.048,286,900
445.8625687156334,64.5,32.8,0,0,0,0.0,0.0,0.0,286,900
445.97552046168346,64.5,32.8,1,0,0,3.311,2.988,2.048,286,900
446.1767671852341,64.5,32.8,0,0,0,0.0,0.0,0.0,286,900
446.2935977462901,64.5,32.8,1,0,0,3.311,2.988,2.048,286,900
446.498047281847,64.5,32.8,0,0,0,0.0,0.0,0.0,286,900
446.54280341259266,64.5,32.8,0,0,1,0.528,0.57,0.438,286,900
446.5711256845927,64.5,32.8,0,0,0,0.0,0.0,0.0,286,900
446.61891175590944,64.5,32.8,1,0,0,3.311,2.988,2.048,286,900
446.82719296747246,64.5,32.8,0,0,0,0.0,0.0,0.0,286,900
446.9520945895413,64.5,20.69441767283935,1,0,0,3.311,2.988,2.048,286,900
447.1533325320386,64.5,1.78,0,0,0,0.0,0.0,0.0,286,900
447.28086144124705,64.5,1.78,1,1,0,9.246,7.695,5.518,287,900
447.29406487964246,64.5,1.78,1,0,0,3.311,2.988,2.048,287,900
447.3572456796425,64.5,1.78,0,0,0,0.0,0.0,0.0,287,900
447.44711841143027,64.5,1.78,1,0,0,3.311,2.988,2.048,287,900
447.58747648295446,64.5,1.78,0,0,0,0.0,0.0,0.0,287,900
447.680384896897,64.5,1.78,1,0,0,3.311,2.988,2.048,287,900
447.70123524665496,64.5,1.78,2,1,0,13.279,10.07,9.16,288,900
447.7271934803232,64.5,1.78,3,2,0,24.826,17.679,18.858,289,900
447.7405306727979,64.5,1.78,3,1,0,17.589,12.354,12.134,289,900
447.792635246655,64.5,1.78,3,0,0,10.385,7.547,7.321,289,900
447.80371147279783,64.5,1.78,2,0,0,7.006,5.591,4.53,289,900
447.8245816905761,64.5,1.78,1,0,0,3.311,2.988,2.048,289,900
447.8940609874086,64.5,1.78,2,0,0,7.006,5.591,4.53,289,900
447.9002546866453,64.5,1.78,3,0,0,10.385,7.547,7.321,289,900
447.90224614785785,64.5,1.78,3,1,0,17.589,12.354,12.134,290,900
447.93124614785785,64.5,1.78,3,0,0,10.385,7.547,7.321,290,900
448.06348096385784,64.5,1.78,2,0,0,7.006,5.591,4.53,290,900
448.06759176550736,64.5,1.78,1,0,0,3.311,2.988,2.048,290,900
448.1283173216372,64.5,1.78,2,0,0,7.006,5.591,4.53,290,900
448.1424296501138,64.5,1.78,1,0,0,3.311,2.988,2.048,290,900
448.16672379975944,64.5,1.78,2,0,0,7.006,5.591,4.53,290,900
448.2730271812551,64.5,1.78,1,0,0,3.311,2.988,2.048,290,900
448.31677918974793,64.5,1.78,0,0,0,0.0,0.0,0.0,290,900
448.3695272986284,64.5,1.78,1,0,0,3.311,2.988,2.048,290,900
448.4190700101548,64.5,1.78,2,0,0,7.006,5.591,4.53,290,900
448.51712234812777,64.5,1.78,1,0,0,3.311,2.988,2.048,290,900
448.5719227462981,64.5,1.78,0,0,0,0.0,0.0,0.0,290,900
448.6172288851776,64.5,1.78,1,0,0,3.311,2.988,2.048,290,900
448.67745468785955,64.5,1.78,2,0,0,7.006,5.591,4.53,290,900
448.7706525285705,64.5,1.78,1,0,0,3.311,2.988,2.048,290,900
448.83382525015764,64.5,1.78,0,0,0,0.0,0.0,0.0,290,900
448.8764705759939,64.5,1.78,1,0,0,3.311,2.988,2.048,290,900
448.94253034887396,64.5,1.78,2,0,0,7.006,5.591,4.53,290,900
449.03287703475564,64.5,14.157863399959748,1,0,0,3.311,2.988,2.048,290,900
449.1387914093267,67.62771885204693,63.5,0,0,0,0.0,0.0,0.0,290,900
449.14212167254783,68.03597696241172,63.5,1,0,0,3.311,2.988,2.048,290,900
449.25093397493407,76.8,63.5,2,0,0,7.006,5.591,4.53,290,900
449.30223142667813,76.8,63.5,1,0,0,3.311,2.988,2.048,290,900
449.414834690839,76.8,63.5,2,0,0,7.006,5.591,4.53,290,900
449.4502263292778,76.8,63.5,1,0,0,3.311,2.988,2.048,290,900
449.56673557403195,76.8,63.5,2,0,0,7.006,5.591,4.53,290,900
449.6150204123382,76.8,63.5,1,0,0,3.311,2.988,2.048,290,900
449.7312731082061,76.8,63.5,2,0,0,7.006,5.591,4.53,290,900
449.74782209268244,76.8,63.5,3,1,0,17.589,12.354,12.134,291,900
449.7713328085223,76.8,63.5,2,1,0,13.279,10.07,9.16,291,900
449.8185220926825,76.8,63.5,2,0,0,7.006,5.591,4.53,291,900
449.8916822761595,76.8,63.5,3,0,0,10.385,7.547,7.321,291,900
449.9347020884124,76.8,63.5,2,0,0,7.006,5.591,4.53,291,900
449.95075690868237,76.8,63.5,1,0,0,3.311,2.988,2.048,291,900
450.05479954798744,76.8,63.5,2,0,0,7.006,5.591,4.53,291,900
450.0683680023848,76.8,63.5,3,0,0,10.385,7.547,7.321,291,900
450.0996915096746,76.8,63.5,2,0,0,7.006,5.591,4.53,291,900
450.2236315693365,76.8,63.5,3,0,0,10.385,7.547,7.321,291,900
450.262785546901,76.8,63.5,2,0,0,7.006,5.591,4.53,291,900
450.2738458502327,76.8,63.5,1,0,0,3.311,2.988,2.048,291,900
450.3866683111832,76.8,63.5,2,0,0,7.006,5.591,4.53,291,900
450.39725634809844,76.8,63.5,3,0,0,10.385,7.547,7.321,291,900
450.43491132987634,76.8,63.5,2,0,0,7.006,5.591,4.53,291,900
450.59823148880383,76.8,63.5,1,0,0,3.311,2.988,2.048,291,900
450.60851196510964,76.8,63.5,0,0,0,0.0,0.0,0.0,291,900
450.72587002479304,76.8,63.5,1,0,0,3.311,2.988,2.048,291,900
450.7332754245627,76.8,63.5,2,0,0,7.006,5.591,4.53,291,900
450.9408689091209,76.8,63.5,1,0,0,3.311,2.988,2.048,291,900
450.9938165436398,76.8,63.5,0,0,0,0.0,0.0,0.0,291,900
451.2430966598176,76.8,1.67,1,0,0,3.311,2.988,2.048,291,900
451.50760467220624,76.8,1.67,0,0,0,0.0,0.0,0.0,291,900
451.6506566166549,76.8,1.67,1,0,0,3.311,2.988,2.048,291,900
451.69577067119536,76.8,1.67,2,1,0,13.279,10.07,9.16,292,900
451.7092838676763,76.8,1.67,2,0,0,7.006,5.591,4.53,292,900
451.78459436371253,76.8,1.67,3,0,0,10.385,7.547,7.321,292,900
451.8038879316761,76.8,1.67,2,0,0,7.006,5.591,4.53,292,900
451.8953230133008,76.8,1.67,3,0,0,10.385,7.547,7.321,292,900
451.94913969286307,76.8,1.67,2,0,0,7.006,5.591,4.53,292,900
452.037116562069,76.8,1.67,1,0,0,3.311,2.988,2.048,292,900
452.1316803366997,76.8,1.67,2,0,0,7.006,5.591,4.53,292,900
452.17396391043206,76.8,1.67,1,0,0,3.311,2.988,2.048,292,900
452.2772622274739,76.8,1.67,0,0,0,0.0,0.0,0.0,292,900
452.3752051911103,76.8,1.67,1,0,0,3.311,2.988,2.048,292,900
452.3811200052007,76.8,1.67,1,1,0,9.246,7.695,5.518,293,900
452.52397923189034,76.90830122370403,1.67,0,1,0,4.554,4.957,2.003,293,900
452.62462360928765,77.8,1.67,0,0,0,0.0,0.0,0.0,293,900
452.62501409053255,77.8,1.67,1,0,0,3.311,2.988,2.048,293,900
452.77685384931846,77.8,1.67,0,0,0,0.0,0.0,0.0,293,900
452.8811183319666,77.8,1.67,1,0,0,3.311,2.988,2.048,293,900
453.03589491275824,77.8,1.7206024336933274,0,0,0,0.0,0.0,0.0,293,900
453.1432714494123,77.8,1.89,1,0,0,3.311,2.988,2.048,293,900
453.28512086956437,77.8,1.89,1,1,0,9.246,7.695,5.518,294,900
453.3390642122099,77.8,1.89,0,1,0,4.554,4.957,2.003,294,900
453.4077249234264,77.8,1.89,0,0,0,0.0,0.0,0.0,294,900
453.4500846770133,77.8,1.89,1,0,0,3.311,2.988,2.048,294,900
453.64442918813904,77.8,1.89,2,0,0,7.006,5.591,4.53,294,900
453.6491807929606,77.8,1.89,1,0,0,3.311,2.988,2.048,294,900
453.76407977991363,77.8,1.89,2,0,0,7.006,5.591,4.53,294,900
453.9661302890104,77.8,1.89,1,0,0,3.311,2.988,2.048,294,900
454.08377680611886,77.8,1.89,2,0,0,7.006,5.591,4.53,294,900
454.0970823376274,77.8,1.89,1,0,0,3.311,2.988,2.048,294,900
454.2894354098581,77.8,1.89,0,0,0,0.0,0.0,0.0,294,900
454.4104687844524,77.8,1.89,1,0,0,3.311,2.988,2.048,294,900
454.6195050085971,77.8,1.89,0,0,0,0.0,0.0,0.0,294,900
455.1716485555969,77.8,40.2,1,0,0,3.311,2.988,2.048,294,900
455.4320633856549,77.8,40.2,0,0,0,0.0,0.0,0.0,294,900
456.72721131911356,68.2,40.2,0,0,1,0.528,0.57,0.438,294,900
456.75571359111365,68.2,40.2,0,0,0,0.0,0.0,0.0,294,900
457.91135852622733,68.2,1.76,1,1,0,9.246,7.695,5.518,295,900
457.93633413598343,68.2,1.76,1,0,0,3.311,2.988,2.048,295,900
458.06856895198337,68.2,1.76,0,0,0,0.0,0.0,0.0,295,900
459.57873821263945,66.6,64.6,0,0,1,0.528,0.57,0.438,295,900
459.60862048463946,66.6,64.6,0,0,0,0.0,0.0,0.0,295,900
460.09346634120584,66.6,64.6,0,0,1,0.528,0.57,0.438,295,900
460.12208861320585,66.6,64.6,0,0,0,0.0,0.0,0.0,295,900
460.76453296413575,66.6,64.6,1,1,0,9.246,7.695,5.518,296,900
460.7777933957904,66.6,64.6,1,0,0,3.311,2.988,2.048,296,900
460.8409741957904,66.6,64.6,0,0,0,0.0,0.0,0.0,296,900
460.93105008704214,66.6,64.6,1,0,0,3.311,2.988,2.048,296,900
461.07161325058166,66.6,64.6,0,0,0,0.0,0.0,0.0,296,900
461.164738351848,66.6,32.58092281647867,1,0,0,3.311,2.988,2.048,296,900
461.27896076648415,66.6,2.06,2,1,0,13.279,10.07,9.16,297,900
461.2926954907762,66.6,2.06,2,0,0,7.006,5.591,4.53,297,900
461.30915376540185,66.6,2.06,1,0,0,3.311,2.988,2.048,297,900
461.3872995547761,66.6,2.06,0,0,0,0.0,0.0,0.0,297,900
461.40534381968234,66.6,2.06,1,0,0,3.311,2.988,2.048,297,900
461.47953181111586,66.6,2.06,2,0,0,7.006,5.591,4.53,297,900
461.5526262032504,66.6,2.06,1,0,0,3.311,2.988,2.048,297,900
461.62213004625715,66.6,2.06,0,0,0,0.0,0.0,0.0,297,900
461.6520019805454,66.6,2.06,1,0,0,3.311,2.988,2.048,297,900
461.71754357720965,66.6,2.06,2,0,0,7.006,5.591,4.53,297,900
461.72494321786195,66.6,2.06,3,1,0,17.589,12.354,12.134,298,900
461.7499866961228,66.6,2.06,3,0,0,10.385,7.547,7.321,298,900
461.86398273596365,66.6,2.06,2,0,0,7.006,5.591,4.53,298,900
461.8822215121227,66.6,2.06,1,0,0,3.311,2.988,2.048,298,900
461.9048511374375,66.6,2.06,2,0,0,7.006,5.591,4.53,298,900
461.9628280375285,66.6,2.06,3,0,0,10.385,7.547,7.321,298,900
462.03390743543065,66.6,2.06,3,1,0,17.589,12.354,12.134,299,900
462.0800795935813,66.6,2.06,2,1,0,13.279,10.07,9.16,299,900
462.08550743543066,66.6,2.06,2,0,0,7.006,5.591,4.53,299,900
462.11251192789507,66.6,2.06,1,0,0,3.311,2.988,2.048,299,900
462.1637658173583,66.6,2.06,2,0,0,7.006,5.591,4.53,299,900
462.2177422514307,66.6,2.06,1,0,0,3.311,2.988,2.048,299,900
462.22536117902206,66.6,2.06,2,0,0,7.006,5.591,4.53,299,900
462.3204091109699,66.6,2.06,1,0,0,3.311,2.988,2.048,299,900
462.38910826553365,66.6,2.06,0,0,0,0.0,0.0,0.0,299,900
462.4293985363081,66.6,2.06,1,0,0,3.311,2.988,2.048,299,900
462.5058376873521,66.6,2.06,2,0,0,7.006,5.591,4.53,299,900
462.6259458559341,66.6,2.06,1,0,0,3.311,2.988,2.048,299,900
462.6731721425549,66.6,2.06,0,0,0,0.0,0.0,0.0,299,900
462.7383882085744,64.43359664148116,2.06,1,0,0,3.311,2.988,2.048,299,900
462.79366416506457,59.64977204185747,2.06,2,0,0,7.006,5.591,4.53,299,900
462.9379822825025,58.0,2.06,1,0,0,3.311,2.988,2.048,299,900
463.0026653489588,58.0,2.06,0,0,0,0.0,0.0,0.0,299,900
463.0607082057159,58.0,2.06,1,0,0,3.311,2.988,2.048,299,900
463.1275447815443,58.0,2.0193004461285464,2,0,0,7.006,5.591,4.53,299,900
463.27550099838254,58.0,1.78,1,0,0,3.311,2.988,2.048,299,900
463.3405928005143,58.0,1.78,0,0,0,0.0,0.0,0.0,299,900
463.40648086902274,58.0,1.78,1,0,0,3.311,2.988,2.048,299,900
463.4700942371759,58.0,1.78,2,0,0,7.006,5.591,4.53,299,900
463.6251826262309,58.0,1.78,1,0,0,3.311,2.988,2.048,299,900
463.6868401312218,58.0,1.78,0,0,0,0.0,0.0,0.0,299,900
463.7602500544125,58.0,1.78,1,0,0,3.311,2.988,2.048,299,900
463.82058302795906,58.0,1.78,2,0,0,7.006,5.591,4.53,299,900
463.9827193041616,58.0,1.78,1,0,0,3.311,2.988,2.048,299,900
464.0170350546543,58.0,1.78,1,0,1,3.994,3.474,2.656,299,900
464.0425630530807,58.0,1.78,0,0,1,0.528,0.57,0.438,299,900
464.05057732665426,58.0,1.78,0,0,0,0.0,0.0,0.0,299,900
464.0832258626267,58.0,1.78,1,1,0,9.246,7.695,5.518,300,900
464.101806507788,58.0,1.78,1,0,0,3.311,2.988,2.048,300,900
464.1806055838939,58.0,1.78,2,0,0,7.006,5.591,4.53,300,900
464.23404132378806,58.0,1.78,1,0,0,3.311,2.988,2.048,300,900
464.29270773288454,58.0,1.78,2,0,0,7.006,5.591,4.53,300,900
464.3442538483446,58.0,1.78,3,0,0,10.385,7.547,7.321,300,900
464.4067492120914,58.0,1.78,2,0,0,7.006,5.591,4.53,300,900
464.53896312614825,58.0,1.78,1,0,0,3.311,2.988,2.048,300,900
464.5651837894454,58.0,1.78,0,0,0,0.0,0.0,0.0,300,900
464.6459043799133,58.0,1.78,1,0,0,3.311,2.988,2.048,300,900
464.84054769750037,58.0,1.78,0,0,0,0.0,0.0,0.0,300,900
464.95171808384197,58.0,1.78,1,0,0,3.311,2.988,2.048,300,900
464.97668789797996,58.0,1.78,2,0,0,7.006,5.591,4.53,300,900
465.15188448800586,58.0,1.78,1,0,0,3.311,2.988,2.048,300,900
465.2041950598778,58.0,1.78,2,1,0,13.279,10.07,9.16,301,900
465.2158904913499,58.0,2.3862146420424115,2,0,0,7.006,5.591,4.53,301,900
465.2559785930981,58.0,9.960307941725148,1,0,0,3.311,2.988,2.048,301,900
465.2790712913498,58.0,14.323354418684588,0,0,0,0.0,0.0,0.0,301,900
465.36356854747663,58.0,20.8,1,0,0,3.311,2.988,2.048,301,900
465.46756938520764,58.0,20.8,0,0,0,0.0,0.0,0.0,301,900
465.55436694595903,58.0,20.8,1,0,0,3.311,2.988,2.048,301,900
465.60757698595995,58.0,20.8,2,0,0,7.006,5.591,4.53,301,900
465.69207160931427,58.0,20.8,1,0,0,3.311,2.988,2.048,301,900
465.7817402892939,58.0,20.8,2,0,0,7.006,5.591,4.53,301,900
465.87750450591494,58.0,20.8,1,0,0,3.311,2.988,2.048,301,900
465.92208531987785,58.0,20.8,0,0,0,0.0,0.0,0.0,301,900
466.01431097608605,58.0,20.8,1,0,0,3.311,2.988,2.048,301,900
466.15724498189826,59.103095904830525,20.8,0,0,0,0.0,0.0,0.0,301,900
466.25244207533495,60.5,20.8,1,0,0,3.311,2.988,2.048,301,900
466.3980869763758,60.5,20.8,0,0,0,0.0,0.0,0.0,301,900
466.4960826160408,60.5,20.8,1,0,0,3.311,2.988,2.048,301,900
466.6323143642871,60.5,20.8,1,1,0,9.246,7.695,5.518,302,900
466.6445591483097,60.5,20.8,0,1,0,4.554,4.957,2.003,302,900
466.74533582520314,60.5,20.8,1,1,0,9.246,7.695,5.518,302,900
466.8758179683739,60.5,20.8,1,0,0,3.311,2.988,2.048,302,900
466.89661518870054,60.5,20.8,0,0,0,0.0,0.0,0.0,302,900
466.99999684382243,60.5,20.8,1,0,0,3.311,2.988,2.048,302,900
467.1536602225483,60.5,20.8,0,0,0,0.0,0.0,0.0,302,900
467.2599619848985,60.5,11.967974483059974,1,0,0,3.311,2.988,2.048,302,900
467.4535895388528,60.5,1.79,0,0,0,0.0,0.0,0.0,303,900
467.56320088203546,60.5,1.79,1,0,0,3.311,2.988,2.048,303,900
467.7698392596649,60.5,1.79,0,0,0,0.0,0.0,0.0,303,900
467.8330120379242,60.5,1.79,1,0,0,3.311,2.988,2.048,303,900
467.8942870405698,60.5,1.79,2,0,0,7.006,5.591,4.53,303,900
468.1071545512564,60.5,1.79,1,0,0,3.311,2.988,2.048,303,900
468.109750556733,60.5,1.79,0,0,0,0.0,0.0,0.0,303,900
468.2355867064139,60.5,1.79,1,0,0,3.311,2.988,2.048,303,900
468.45151830335317,60.5,1.79,0,0,0,0.0,0.0,0.0,303,900
468.5836138077632,60.5,1.79,1,0,0,3.311,2.988,2.048,303,900
468.8035252349548,60.5,1.79,0,0,0,0.0,0.0,0.0,303,900
468.93238948895475,60.5,1.79,1,0,0,3.311,2.988,2.048,303,900
469.1545456611806,60.5,1.79,0,0,0,0.0,0.0,0.0,303,900
469.2945825078777,60.5,34.95600061042839,1,0,0,3.311,2.988,2.048,303,900
469.51890241435626,60.71043987283791,42.5,0,0,0,0.0,0.0,0.0,303,900
471.8577331185826,64.2,1.85,1,1,0,9.246,7.695,5.518,304,900
471.87273311858263,64.2,1.85,1,0,0,3.311,2.988,2.048,304,900
471.93591391858274,64.2,1.85,0,0,0,0.0,0.0,0.0,304,900
472.01942963046866,64.2,1.85,1,0,0,3.311,2.988,2.048,304,900
472.1224395870337,64.2,1.85,0,0,0,0.0,0.0,0.0,304,900
472.208199581994,64.2,1.85,1,0,0,3.311,2.988,2.048,304,900
472.3448573426334,64.2,1.85,0,0,0,0.0,0.0,0.0,304,900
472.4334230983472,64.2,1.85,1,0,0,3.311,2.988,2.048,304,900
472.5726558677399,64.2,1.85,0,0,0,0.0,0.0,0.0,304,900
472.663713241207,64.2,1.85,1,0,0,3.311,2.988,2.048,304,900
472.8054696273533,64.2,1.85,0,0,0,0.0,0.0,0.0,304,900
472.8994330795738,67.8972537493187,1.85,1,0,0,3.311,2.988,2.048,304,900
473.0438350024735,68.5,1.85,0,0,0,0.0,0.0,0.0,304,900
473.1405316424475,68.5,1.85,1,0,0,3.311,2.988,2.048,304,900
473.1500254584463,68.5,1.85,1,0,1,3.994,3.474,2.656,304,900
473.2440077304463,68.5,1.85,1,0,0,3.311,2.988,2.048,304,900
473.2876998381006,68.5,1.85,0,0,0,0.0,0.0,0.0,304,900
473.387112156828,68.5,1.85,1,0,0,3.311,2.988,2.048,304,900
473.53701782523444,68.5,1.85,0,0,0,0.0,0.0,0.0,304,900
473.6389697637154,68.5,1.85,1,0,0,3.311,2.988,2.048,304,900
473.7911940888753,68.5,1.85,0,0,0,0.0,0.0,0.0,304,900
473.8407402620994,68.5,1.85,0,0,1,0.528,0.57,0.438,304,900
473.86903253409946,68.5,1.85,0,0,0,0.0,0.0,0.0,304,900
473.89600077610953,68.5,1.85,1,0,0,3.311,2.988,2.048,304,900
474.08812391802286,68.5,1.85,0,0,0,0.0,0.0,0.0,304,900
474.19616549068945,68.5,1.85,1,0,0,3.311,2.988,2.048,304,900
474.4131095435489,68.5,1.85,0,0,0,0.0,0.0,0.0,304,900
474.4403893304467,68.5,1.85,1,1,0,9.246,7.695,5.518,305,900
474.45435296681035,68.5,1.85,1,0,0,3.311,2.988,2.048,305,900
474.54895703081036,68.5,1.85,0,0,0,0.0,0.0,0.0,305,900
474.549379504338,68.5,1.85,1,0,0,3.311,2.988,2.048,305,900
474.64201303435567,68.5,1.85,2,0,0,7.006,5.591,4.53,305,900
474.77413631871184,68.5,1.85,1,0,0,3.311,2.988,2.048,305,900
474.7854427787495,68.5,1.85,0,0,0,0.0,0.0,0.0,305,900
474.8817343912344,68.5,1.85,1,0,0,3.311,2.988,2.048,305,900
474.91492764418126,68.5,1.85,2,0,0,7.006,5.591,4.53,305,900
475.02479147494324,68.5,1.85,3,1,0,17.589,12.354,12.134,306,900
475.02905939356754,68.5,1.85,2,1,0,13.279,10.07,9.16,306,900
475.0379760242995,68.5,1.85,2,0,0,7.006,5.591,4.53,306,900
475.10115682429944,68.5,1.85,1,0,0,3.311,2.988,2.048,306,900
475.12883711099164,68.5,1.85,2,0,0,7.006,5.591,4.53,306,900
475.1432855352354,68.5,1.85,1,0,0,3.311,2.988,2.048,306,900
475.19096222378994,68.5,1.85,2,0,0,7.006,5.591,4.53,306,900
475.2882772003849,68.5,1.85,3,0,0,10.385,7.547,7.321,306,900
475.3167775632641,68.5,1.9653544824747629,2,0,0,7.006,5.591,4.53,306,900
475.3312523225194,68.5,2.7843868120165145,1,0,0,3.311,2.988,2.048,306,900
475.4201440914763,68.5,7.44,2,0,0,7.006,5.591,4.53,306,900
475.42408892068255,68.5,7.44,3,0,0,10.385,7.547,7.321,306,900
475.5211519121197,68.5,7.44,2,0,0,7.006,5.591,4.53,306,900
475.5677643210177,68.5,7.44,1,0,0,3.311,2.988,2.048,306,900
475.611025382537,68.5,7.44,0,0,0,0.0,0.0,0.0,306,900
475.6475161661196,68.5,7.44,1,0,0,3.311,2.988,2.048,306,900
475.65332803091565,68.5,7.44,2,1,0,13.279,10.07,9.16,307,900
475.6615967016022,68.5,7.44,3,1,0,17.589,12.354,12.134,307,900
475.70852803091566,68.5,7.44,3,0,0,10.385,7.547,7.321,307,900
475.80650161988024,68.5,7.44,2,0,0,7.006,5.591,4.53,307,900
475.88323973711977,68.5,7.44,1,0,0,3.311,2.988,2.048,307,900
475.9011395189158,68.5,7.44,2,0,0,7.006,5.591,4.53,307,900
475.9033811823176,68.5,7.44,3,0,0,10.385,7.547,7.321,307,900
475.9131643163855,68.5,7.44,2,0,0,7.006,5.591,4.53,307,900
476.02409331817336,68.5,7.44,3,0,0,10.385,7.547,7.321,307,900
476.05116624144824,68.5,7.44,2,0,0,7.006,5.591,4.53,307,900
476.10501594004404,68.5,7.44,2,1,0,13.279,10.07,9.16,308,900
476.1469758379157,68.5,7.44,3,1,0,17.589,12.354,12.134,308,900
476.26127843654075,68.01794369264776,7.44,3,0,0,10.385,7.547,7.321,308,900
476.2757381448953,67.87343914870073,7.44,2,0,0,7.006,5.591,4.53,308,900
476.29546438191585,67.67630302295389,7.44,1,0,0,3.311,2.988,2.048,308,900
476.3015369687221,67.61561601838113,7.44,0,0,0,0.0,0.0,0.0,308,900
476.3379988023856,67.5,7.44,1,0,0,3.311,2.988,2.048,308,900
476.3953284079401,67.5,7.44,2,0,0,7.006,5.591,4.53,308,900
476.4045664118651,67.5,7.44,3,0,0,10.385,7.547,7.321,308,900
476.54029928180995,67.5,7.44,2,0,0,7.006,5.591,4.53,308,900
476.5584166167016,67.5,7.44,1,0,0,3.311,2.988,2.048,308,900
476.5833558873029,67.5,7.44,0,0,0,0.0,0.0,0.0,308,900
476.6596893766132,67.5,7.44,1,0,0,3.311,2.988,2.048,308,900
476.6644942036974,67.5,7.44,2,0,0,7.006,5.591,4.53,308,900
476.6868144720343,67.5,7.44,3,0,0,10.385,7.547,7.321,308,900
476.8581098933869,67.5,7.44,2,0,0,7.006,5.591,4.53,308,900
476.8668829509212,67.5,7.44,1,0,0,3.311,2.988,2.048,308,900
476.8777885381044,67.5,7.44,0,0,0,0.0,0.0,0.0,308,900
476.96748207492885,67.5,7.44,1,0,0,3.311,2.988,2.048,308,900
476.985229642543,67.5,7.44,2,0,0,7.006,5.591,4.53,308,900
476.9906496838443,67.5,7.44,3,0,0,10.385,7.547,7.321,308,900
477.1639861861642,67.5,7.44,2,0,0,7.006,5.591,4.53,308,900
477.1727310373065,67.5,7.44,3,0,0,10.385,7.547,7.321,308,900
477.1801237993201,67.5,7.44,2,0,0,7.006,5.591,4.53,308,900
477.20232051599834,67.5,7.44,1,0,0,3.311,2.988,2.048,308,900
477.2768482942524,67.5,7.44,2,0,0,7.006,5.591,4.53,308,900
477.2911563534659,67.5,7.44,3,0,0,10.385,7.547,7.321,308,900
477.47755458703386,67.5,1.71,2,0,0,7.006,5.591,4.53,308,900
477.4873926260075,67.5,1.71,1,0,0,3.311,2.988,2.048,308,900
477.4904705689502,67.5,1.71,0,0,0,0.0,0.0,0.0,308,900
477.59384716266794,67.5,1.71,1,0,0,3.311,2.988,2.048,308,900
477.6052754088029,67.5,1.71,2,0,0,7.006,5.591,4.53,308,900
477.79777579699527,67.5,1.71,1,0,0,3.311,2.988,2.048,308,900
477.8076859069941,67.5,1.71,0,0,0,0.0,0.0,0.0,308,900
477.89089408173436,67.5,1.71,1,1,0,9.246,7.695,5.518,309,900
477.91746930717545,67.5,1.71,2,1,0,13.279,10.07,9.16,309,900
477.926418130554,67.5,1.71,3,1,0,17.589,12.354,12.134,309,900
477.9289767263624,67.5,1.71,3,0,0,10.385,7.547,7.321,309,900
478.12447881104896,67.5,1.71,2,0,0,7.006,5.591,4.53,309,900
478.13255377545244,67.5,1.71,1,0,0,3.311,2.988,2.048,309,900
478.2366417452293,67.5,1.71,0,0,0,0.0,0.0,0.0,309,900
478.25521661771944,67.5,1.71,1,0,0,3.311,2.988,2.048,309,900
478.4184066987752,67.5,1.71,2,0,0,7.006,5.591,4.53,309,900
478.58352328068554,67.5,1.71,1,0,0,3.311,2.988,2.048,309,900
478.6743930749675,67.5,1.71,0,0,0,0.0,0.0,0.0,309,900
478.6991944820071,67.5,1.71,1,1,0,9.246,7.695,5.518,310,900
478.7199944820071,67.5,1.71,1,0,0,3.311,2.988,2.048,310,900
478.7831752820071,67.5,1.71,0,0,0,0.0,0.0,0.0,310,900
478.87345609422096,67.5,1.71,1,0,0,3.311,2.988,2.048,310,900
479.0142261280303,67.5,1.71,0,0,0,0.0,0.0,0.0,310,900
479.1075697954118,67.5,1.71,1,0,0,3.311,2.988,2.048,310,900
479.25220572438855,67.5,1.71,0,0,0,0.0,0.0,0.0,310,900
479.34862798993777,67.5,1.71,1,0,0,3.311,2.988,2.048,310,900
479.47353835554685,67.5,60.11051477842357,2,0,0,7.006,5.591,4.53,310,900
479.4961445340822,67.5,81.94074368278172,1,0,0,3.311,2.988,2.048,310,900
479.595766167799,67.5,98.6,2,0,0,7.006,5.591,4.53,310,900
479.7463150391111,67.0,98.6,1,0,0,3.311,2.988,2.048,310,900
479.84912263199533,67.0,98.6,2,0,0,7.006,5.591,4.53,310,900
479.87180545416845,67.0,98.6,1,0,0,3.311,2.988,2.048,310,900
480.00249602247504,67.0,98.6,0,0,0,0.0,0.0,0.0,310,900
480.10857190952703,67.0,98.6,1,0,0,3.311,2.988,2.048,310,900
480.2654902991744,67.0,98.6,0,0,0,0.0,0.0,0.0,310,900
480.374766516394,67.0,98.6,1,0,0,3.311,2.988,2.048,310,900
480.57160257720915,67.0,98.6,0,0,0,0.0,0.0,0.0,310,900
480.68434731619175,67.0,98.6,1,0,0,3.311,2.988,2.048,310,900
480.88350872337463,67.0,98.6,1,1,0,9.246,7.695,5.518,311,900
480.88424572576974,67.0,98.6,0,1,0,4.554,4.957,2.003,311,900
481.00065431851533,67.0,98.6,1,1,0,9.246,7.695,5.518,311,900
481.1409900827699,67.0,98.6,1,0,0,3.311,2.988,2.048,311,900
481.2045493426048,67.0,98.6,0,0,0,0.0,0.0,0.0,311,900
481.3226031627175,67.0,98.6,1,0,0,3.311,2.988,2.048,311,900
481.5283033336752,67.0,1.74,0,0,0,0.0,0.0,0.0,311,900
481.6498404255485,67.0,1.74,1,0,0,3.311,2.988,2.048,311,900
481.858703803267,67.0,1.74,0,0,0,0.0,0.0,0.0,311,900
482.00226221142657,67.0,1.74,1,1,0,9.246,7.695,5.518,312,900
482.01880799239603,67.0,1.74,1,0,0,3.311,2.988,2.048,312,900
482.113412056396,67.0,1.74,0,0,0,0.0,0.0,0.0,312,900
482.1545576099007,67.0,1.74,1,0,0,3.311,2.988,2.048,312,900
482.2157599875774,67.0,1.74,2,0,0,7.006,5.591,4.53,312,900
482.36856921605147,67.0,1.74,1,0,0,3.311,2.988,2.048,312,900
482.41252136576,67.0,1.74,0,0,0,0.0,0.0,0.0,312,900
482.47476565128125,67.0,1.74,1,0,0,3.311,2.988,2.048,312,900
482.6692913208039,67.0,1.74,0,0,0,0.0,0.0,0.0,312,900
482.7800286943748,67.0,1.74,1,0,0,3.311,2.988,2.048,312,900
482.9788249662384,64.43760849016665,1.74,0,0,0,0.0,0.0,0.0,312,900
483.09398161615036,63.1,1.74,1,0,0,3.311,2.988,2.048,312,900
483.29680983435503,63.1,1.74,0,0,0,0.0,0.0,0.0,312,900
483.40395668976646,63.1,1.74,1,0,0,3.311,2.988,2.048,312,900
483.58926124575623,63.1,1.67,0,0,0,0.0,0.0,0.0,312,900
483.69044364306114,63.1,1.67,1,0,0,3.311,2.988,2.048,312,900
483.8797127742682,63.1,1.67,0,0,0,0.0,0.0,0.0,312,900
483.9441410236713,63.1,1.67,1,0,0,3.311,2.988,2.048,312,900
484.26805592179073,63.1,1.67,0,0,0,0.0,0.0,0.0,312,900
485.50632052910635,63.1,22.441366679705702,1,1,0,9.246,7.695,5.518,313,900
485.5816205291063,63.1,24.0,1,0,0,3.311,2.988,2.048,313,900
485.6088408687901,63.1,24.0,2,0,0,7.006,5.591,4.53,313,900
485.7138553451063,63.1,24.0,1,0,0,3.311,2.988,2.048,313,900
485.83187480010633,63.1,24.0,2,0,0,7.006,5.591,4.53,313,900
485.85951291549804,63.1,24.0,1,0,0,3.311,2.988,2.048,313,900
486.03706190410657,63.1,24.0,0,0,0,0.0,0.0,0.0,313,900
486.15528792210654,63.1,24.0,1,0,0,3.311,2.988,2.048,313,900
486.3606599541064,65.10857546648987,24.0,0,0,0,0.0,0.0,0.0,313,900
486.46202000260024,67.3,24.0,1,0,0,3.311,2.988,2.048,313,900
486.6522963910454,67.3,24.0,0,0,0,0.0,0.0,0.0,313,900
486.75749868014924,67.3,24.0,1,0,0,3.311,2.988,2.048,313,900
486.8741834142284,67.3,24.0,1,0,1,3.994,3.474,2.656,313,900
486.95030796420394,67.3,24.0,0,0,1,0.528,0.57,0.438,313,900
486.95796568622836,67.3,24.0,0,0,0,0.0,0.0,0.0,313,900
487.0594055489174,67.3,24.0,1,0,0,3.311,2.988,2.048,313,900
487.2563305125821,67.3,24.0,0,0,0,0.0,0.0,0.0,313,900
487.2834347439669,67.3,24.0,0,0,1,0.528,0.57,0.438,313,900
487.3277170159668,67.3,24.0,0,0,0,0.0,0.0,0.0,313,900
487.36925283390525,67.3,24.0,1,0,0,3.311,2.988,2.048,313,900
487.56975978117964,67.3,1.78,0,0,0,0.0,0.0,0.0,313,900
487.68634888311254,67.3,1.78,1,0,0,3.311,2.988,2.048,313,900
487.89011643799665,67.3,1.78,0,0,0,0.0,0.0,0.0,313,900
488.0274514841451,67.3,1.78,1,0,0,3.311,2.988,2.048,313,900
488.1441472862285,67.3,1.78,2,1,0,13.279,10.07,9.16,314,900
488.20124728622847,67.3,1.78,2,0,0,7.006,5.591,4.53,314,900
488.2571992727666,67.3,1.78,1,0,0,3.311,2.988,2.048,314,900
488.29585135022853,67.3,1.78,0,0,0,0.0,0.0,0.0,314,900
488.39575877422845,67.3,1.78,1,0,0,3.311,2.988,2.048,314,900
488.4037719762035,67.3,1.78,2,0,0,7.006,5.591,4.53,314,900
488.48101609810976,67.3,1.78,3,1,0,17.589,12.354,12.134,315,900
488.4929849292786,67.3,1.78,3,0,0,10.385,7.547,7.321,315,900
488.55616572927863,67.3,1.78,2,0,0,7.006,5.591,4.53,315,900
488.58263935022853,67.3,1.78,1,0,0,3.311,2.988,2.048,315,900
488.638157685757,67.3,1.78,0,0,0,0.0,0.0,0.0,315,900
488.64163755216185,67.3,1.78,1,0,0,3.311,2.988,2.048,315,900
488.6737098692827,67.3,1.78,2,0,0,7.006,5.591,4.53,315,900
488.74662222720076,67.3,1.78,1,0,0,3.311,2.988,2.048,315,900
488.81518591763404,67.3,1.78,0,0,0,0.0,0.0,0.0,315,900
488.834449978019,67.3,1.78,1,0,0,3.311,2.988,2.048,315,900
488.9091179247691,67.3,1.78,2,0,0,7.006,5.591,4.53,315,900
488.97319410199293,67.3,1.78,1,0,0,3.311,2.988,2.048,315,900
489.0537161662015,67.3,1.78,0,0,0,0.0,0.0,0.0,315,900
489.06395786590207,67.3,1.78,1,0,0,3.311,2.988,2.048,315,900
489.15052428941783,67.3,1.78,2,0,0,7.006,5.591,4.53,315,900
489.205407250967,67.3,1.78,1,0,0,3.311,2.988,2.048,315,900
489.29771694793124,67.3,1.78,0,0,0,0.0,0.0,0.0,315,900
489.298792884967,67.3,1.78,1,0,0,3.311,2.988,2.048,315,900
489.3024436171259,67.3,1.78,2,0,0,7.006,5.591,4.53,315,900
489.39741820422836,67.3,1.78,3,0,0,10.385,7.547,7.321,315,900
489.44289613912275,67.3,1.78,2,0,0,7.006,5.591,4.53,315,900
489.5393181042137,67.3,15.151340649095854,3,0,0,10.385,7.547,7.321,315,900
489.58480703982315,67.3,38.45839607796124,2,0,0,7.006,5.591,4.53,315,900
489.59242601700936,67.3,42.36211290956345,1,0,0,3.311,2.988,2.048,315,900
489.685048979168,67.3,52.8,2,1,0,13.279,10.07,9.16,316,900
489.6861971474604,67.3,52.8,1,1,0,9.246,7.695,5.518,316,900
489.68811995449875,67.3,52.8,2,1,0,13.279,10.07,9.16,316,900
489.70256989171554,67.3,52.8,2,0,0,7.006,5.591,4.53,316,900
489.7941380795417,63.65169444870337,52.8,3,0,0,10.385,7.547,7.321,316,900
489.79717395571566,63.51428280279313,52.8,2,0,0,7.006,5.591,4.53,316,900
489.8801907524718,62.8,52.8,1,0,0,3.311,2.988,2.048,316,900
489.90303092819465,62.8,52.8,2,0,0,7.006,5.591,4.53,316,900
489.9544125240031,62.8,52.8,1,0,0,3.311,2.988,2.048,316,900
489.9867151045256,62.8,52.8,2,0,0,7.006,5.591,4.53,316,900
490.0593822631373,62.8,52.8,1,0,0,3.311,2.988,2.048,316,900
490.067492286849,62.8,52.8,2,0,0,7.006,5.591,4.53,316,900
490.1693191958635,62.8,52.8,3,0,0,10.385,7.547,7.321,316,900
490.18152707534165,62.8,52.8,2,0,0,7.006,5.591,4.53,316,900
490.23115893192585,62.8,52.8,1,0,0,3.311,2.988,2.048,316,900
490.2689691915404,62.8,52.8,2,1,0,13.279,10.07,9.16,317,900
490.29122342893464,62.8,52.8,3,1,0,17.589,12.354,12.134,317,900
490.2920669359013,62.8,52.8,3,0,0,10.385,7.547,7.321,317,900
490.42430175190134,62.8,52.8,2,0,0,7.006,5.591,4.53,317,900
490.48236082049084,62.8,52.8,3,0,0,10.385,7.547,7.321,317,900
490.4881519505572,62.8,52.8,2,0,0,7.006,5.591,4.53,317,900
490.51407307207967,62.8,52.8,1,0,0,3.311,2.988,2.048,317,900
490.6012316883875,62.8,52.8,2,0,0,7.006,5.591,4.53,317,900
490.63385665915655,62.8,52.8,3,0,0,10.385,7.547,7.321,317,900
490.685195176392,62.8,52.8,2,0,0,7.006,5.591,4.53,317,900
490.8023707942474,62.8,52.8,1,0,0,3.311,2.988,2.048,317,900
490.80462136654035,62.8,52.8,2,0,0,7.006,5.591,4.53,317,900
490.8410502334644,62.8,52.8,1,0,0,3.311,2.988,2.048,317,900
490.9187329893147,62.8,52.8,2,0,0,7.006,5.591,4.53,317,900
490.9648169663875,62.8,52.8,3,0,0,10.385,7.547,7.321,317,900
491.0117521901526,62.8,52.8,2,0,0,7.006,5.591,4.53,317,900
491.12343163941165,62.8,52.8,1,0,0,3.311,2.988,2.048,317,900
491.13579625501166,62.8,52.8,2,0,0,7.006,5.591,4.53,317,900
491.17648779854113,62.8,52.8,1,0,0,3.311,2.988,2.048,317,900
491.24322739671624,62.8,52.8,2,0,0,7.006,5.591,4.53,317,900
491.3038293923104,62.8,52.8,3,0,0,10.385,7.547,7.321,317,900
491.3476095623348,62.8,52.8,2,0,0,7.006,5.591,4.53,317,900
491.4505787750503,62.8,52.8,1,0,0,3.311,2.988,2.048,317,900
491.51960714631014,62.8,49.51692164227833,0,0,0,0.0,0.0,0.0,317,900
491.5738747465919,62.8,21.865272612705436,1,0,0,3.311,2.988,2.048,317,900
491.65106455792545,62.8,1.99,2,0,0,7.006,5.591,4.53,317,900
491.82819162116357,62.8,1.99,1,0,0,3.311,2.988,2.048,317,900
491.87003784177193,62.8,1.99,0,0,0,0.0,0.0,0.0,317,900
491.88893544082373,62.8,1.99,1,1,0,9.246,7.695,5.518,318,900
491.9280354408237,62.8,1.99,1,0,0,3.311,2.988,2.048,318,900
492.00529004623326,62.8,1.99,2,0,0,7.006,5.591,4.53,318,900
492.06027025682346,62.8,1.99,1,0,0,3.311,2.988,2.048,318,900
492.1886448907588,62.8,1.99,2,1,0,13.279,10.07,9.16,319,900
492.2023796150509,62.8,1.99,2,0,0,7.006,5.591,4.53,319,900
492.2283746039254,62.8,1.99,1,0,0,3.311,2.988,2.048,319,900
492.2969836790508,62.8,1.99,0,0,0,0.0,0.0,0.0,319,900
492.38921593539055,62.8,1.99,1,0,0,3.311,2.988,2.048,319,900
492.4020742499253,62.8,1.99,2,0,0,7.006,5.591,4.53,319,900
492.531814170532,62.8,1.99,1,0,0,3.311,2.988,2.048,319,900
492.6263087411559,62.8,1.99,0,0,0,0.0,0.0,0.0,319,900
492.6272277014843,62.8,1.99,1,0,0,3.311,2.988,2.048,319,900
492.7736668602384,62.8,1.99,0,0,0,0.0,0.0,0.0,319,900
492.87251216180323,62.8,1.99,1,0,0,3.311,2.988,2.048,319,900
493.02219605216965,63.412467947013255,1.99,0,0,0,0.0,0.0,0.0,319,900
493.12418583034696,69.9,1.99,1,0,0,3.311,2.988,2.048,319,900
493.27698802032626,69.9,1.99,0,0,0,0.0,0.0,0.0,319,900
493.3822600041162,69.9,1.99,1,0,0,3.311,2.988,2.048,319,900
493.4434762719045,69.9,1.99,2,0,0,7.006,5.591,4.53,319,900
493.53805159770786,69.9,1.9601121618402673,1,0,0,3.311,2.988,2.048,319,900
493.6464882171103,69.9,1.87,2,0,0,7.006,5.591,4.53,319,900
493.7416993036634,69.9,1.87,1,0,0,3.311,2.988,2.048,319,900
493.84334857431435,69.9,1.87,0,0,0,0.0,0.0,0.0,319,900
493.9554892151311,69.9,1.87,1,0,0,3.311,2.988,2.048,319,900
494.1425894650483,69.9,1.87,2,0,0,7.006,5.591,4.53,319,900
494.15571301874934,69.9,1.87,1,0,0,3.311,2.988,2.048,319,900
494.2717922749802,69.9,1.87,2,0,0,7.006,5.591,4.53,319,900
494.4000368427605,69.9,1.87,1,0,0,3.311,2.988,2.048,319,900
494.4750305650131,69.9,1.87,0,0,0,0.0,0.0,0.0,319,900
494.5946678926585,69.9,1.87,1,0,0,3.311,2.988,2.048,319,900
494.79739243287554,69.9,1.87,0,0,0,0.0,0.0,0.0,319,900
494.9153681114744,69.9,1.87,1,0,0,3.311,2.988,2.048,319,900
495.1213289778421,69.9,1.87,0,0,0,0.0,0.0,0.0,319,900
495.1486808377683,69.9,1.87,1,1,0,9.246,7.695,5.518,320,900
495.1819808377683,69.9,1.87,1,0,0,3.311,2.988,2.048,320,900
495.3142156537683,69.9,1.87,0,0,0,0.0,0.0,0.0,320,900
495.43050997140557,69.9,1.87,1,0,0,3.311,2.988,2.048,320,900
495.6346587512299,69.9,17.9,0,0,0,0.0,0.0,0.0,320,900
495.63522644049675,69.9,17.9,1,1,0,9.246,7.695,5.518,321,900
495.64421766000896,69.9,17.9,1,0,0,3.311,2.988,2.048,321,900
495.6702735345915,69.9,17.9,2,0,0,7.006,5.591,4.53,321,900
495.707398460009,69.9,17.9,1,0,0,3.311,2.988,2.048,321,900
495.7566541373619,69.9,17.9,2,0,0,7.006,5.591,4.53,321,900
495.7822562208871,69.9,17.9,3,0,0,10.385,7.547,7.321,321,900
495.87652586781394,69.9,17.9,2,0,0,7.006,5.591,4.53,321,900
495.9272950947977,69.9,17.9,1,0,0,3.311,2.988,2.048,321,900
495.9531337599848,69.9,17.9,2,0,0,7.006,5.591,4.53,321,900
495.9664823506807,69.9,17.9,1,0,0,3.311,2.988,2.048,321,900
496.04948637120435,69.9,17.9,0,0,0,0.0,0.0,0.0,321,900
496.12795076566783,69.9,17.9,1,0,0,3.311,2.988,2.048,321,900
496.22584720517995,69.9,17.9,0,0,0,0.0,0.0,0.0,321,900
496.30609206693606,69.9,17.9,1,0,0,3.311,2.988,2.048,321,900
496.437697614741,69.0,17.9,0,0,0,0.0,0.0,0.0,321,900
496.5201728788386,69.0,17.9,1,0,0,3.311,2.988,2.048,321,900
496.6529367009848,69.0,17.9,0,0,0,0.0,0.0,0.0,321,900
496.7373203194239,69.0,17.9,1,0,0,3.311,2.988,2.048,321,900
496.87208641591167,69.0,17.9,0,0,0,0.0,0.0,0.0,321,900
496.9623229904707,69.0,17.9,1,0,0,3.311,2.988,2.048,321,900
497.1200296395672,69.0,17.9,0,0,0,0.0,0.0,0.0,321,900
497.2298174979366,69.0,17.9,1,0,0,3.311,2.988,2.048,321,900
497.39075881535143,69.0,17.9,0,0,0,0.0,0.0,0.0,321,900
497.503714877039,69.0,17.9,1,0,0,3.311,2.988,2.048,321,900
497.6668598867721,69.0,1.7,0,0,0,0.0,0.0,0.0,321,900
497.7828924107779,69.0,1.7,1,0,0,3.311,2.988,2.048,321,900
497.949788888829,69.0,1.7,0,0,0,0.0,0.0,0.0,321,900
498.06892955115285,69.0,1.7,1,0,0,3.311,2.988,2.048,321,900
498.2387754175222,69.0,1.7,0,0,0,0.0,0.0,0.0,321,900
498.36098444316417,69.0,1.7,1,0,0,3.311,2.988,2.048,321,900
498.53347460985185,69.0,1.7,0,0,0,0.0,0.0,0.0,321,900
498.658907457812,69.0,1.7,1,0,0,3.311,2.988,2.048,321,900
498.83494960481767,69.0,1.7,0,0,0,0.0,0.0,0.0,321,900
498.96326035109604,69.0,1.7,1,0,0,3.311,2.988,2.048,321,900
499.0008861263075,69.0,1.7,2,0,0,7.006,5.591,4.53,321,900
499.14190126241994,69.0,1.7,1,0,0,3.311,2.988,2.048,321,900
499.18684686141995,69.0,1.7,2,0,0,7.006,5.591,4.53,321,900
499.3683795420087,69.0,1.7,3,1,0,17.589,12.354,12.134,322,900
499.37033584906214,69.0,1.7,2,1,0,13.279,10.07,9.16,322,900
499.3842966404543,69.0,1.7,2,0,0,7.006,5.591,4.53,322,900
499.4789007044544,69.0,1.7,1,0,0,3.311,2.988,2.048,322,900
499.505208442977,69.0,1.7,2,0,0,7.006,5.591,4.53,322,900
499.57898630202953,69.0,1.7,3,0,0,10.385,7.547,7.321,322,900
499.7253220509374,69.05948426068112,82.0,2,0,0,7.006,5.591,4.53,322,900
499.72951187926634,69.08053909051299,82.0,1,0,0,3.311,2.988,2.048,322,900
499.8332967574718,69.5,82.0,2,0,0,7.006,5.591,4.53,322,900
499.86381295121583,69.5,82.0,3,0,0,10.385,7.547,7.321,322,900
500.01990842089947,69.5,82.0,2,0,0,7.006,5.591,4.53,322,900
500.0253895523388,69.5,82.0,1,0,0,3.311,2.988,2.048,322,900
500.0903430075396,69.5,82.0,0,0,0,0.0,0.0,0.0,322,900
500.1335448278362,69.5,82.0,1,0,0,3.311,2.988,2.048,322,900
500.2323138431817,69.5,82.0,2,0,0,7.006,5.591,4.53,322,900
500.3297376839952,69.5,82.0,1,0,0,3.311,2.988,2.048,322,900
500.4421416947845,69.5,82.0,2,0,0,7.006,5.591,4.53,322,900
500.46140229986923,69.5,82.0,1,0,0,3.311,2.988,2.048,322,900
500.6421959562351,69.5,82.0,0,0,0,0.0,0.0,0.0,322,900
500.65221561589374,69.5,82.0,1,0,0,3.311,2.988,2.048,322,900
500.7587827793163,69.5,82.0,2,0,0,7.006,5.591,4.53,322,900
500.83826872300267,69.5,82.0,2,0,1,7.412,5.635,5.165,322,900
500.9313513157707,69.5,82.0,1,0,1,3.994,3.474,2.656,322,900
500.95635099500265,69.5,82.0,1,0,0,3.311,2.988,2.048,322,900
500.9630844620589,69.5,82.0,0,0,0,0.0,0.0,0.0,322,900
501.08422673643196,69.5,82.0,1,0,0,3.311,2.988,2.048,322,900
501.12736447661484,69.5,82.0,2,0,0,7.006,5.591,4.53,322,900
501.29359328046644,69.5,82.0,1,0,0,3.311,2.988,2.048,322,900
501.4112046953115,69.5,82.0,0,0,0,0.0,0.0,0.0,322,900
501.60395514616357,69.5,82.0,1,1,0,9.246,7.695,5.518,323,900
501.61236695197556,69.5,82.0,2,1,0,13.279,10.07,9.16,323,900
501.6180684692876,69.5,77.92835075084133,2,0,0,7.006,5.591,4.53,323,900
501.7126725332876,69.5,2.6304334677281105,1,0,0,3.311,2.988,2.048,323,900
501.8062671892937,69.5,1.94,2,0,0,7.006,5.591,4.53,323,900
501.901139145492,69.5,1.94,1,0,0,3.311,2.988,2.048,323,900
501.9502406617899,69.5,1.94,0,0,0,0.0,0.0,0.0,323,900
502.0471064562266,69.5,1.94,1,0,0,3.311,2.988,2.048,323,900
502.1074582399758,69.5,1.94,2,0,0,7.006,5.591,4.53,323,900
502.1768325950029,69.5,1.94,3,1,0,17.589,12.354,12.134,324,900
502.19501071615315,69.5,1.94,2,1,0,13.279,10.07,9.16,324,900
502.1956407582682,69.5,1.94,2,0,0,7.006,5.591,4.53,324,900
502.29539814501993,69.5,1.94,3,0,0,10.385,7.547,7.321,324,900
502.3278755742683,69.5,1.94,2,0,0,7.006,5.591,4.53,324,900
502.40142916031203,69.5,1.94,1,0,0,3.311,2.988,2.048,324,900
502.43891454457446,69.5,1.94,2,0,0,7.006,5.591,4.53,324,900
502.4839533843769,69.5,1.94,1,0,0,3.311,2.988,2.048,324,900
502.5879702291641,69.5,1.94,2,0,0,7.006,5.591,4.53,324,900
502.6128809666155,69.5,1.94,3,0,0,10.385,7.547,7.321,324,900
502.63775891898285,69.5,1.94,2,0,0,7.006,5.591,4.53,324,900
502.75410649310527,69.5,1.94,3,0,0,10.385,7.547,7.321,324,900
502.7795069124414,69.5,1.94,2,0,0,7.006,5.591,4.53,324,900
502.88754113414905,69.5,1.94,3,0,0,10.385,7.547,7.321,324,900
502.9117273817714,69.5,1.94,2,0,0,7.006,5.591,4.53,324,900
502.95823783632994,69.5,1.94,1,0,0,3.311,2.988,2.048,324,900
503.04378153813224,69.5,1.94,2,0,0,7.006,5.591,4.53,324,900
503.0794681852687,69.5,1.94,3,0,0,10.385,7.547,7.321,324,900
503.08303276534656,69.5,1.94,2,0,0,7.006,5.591,4.53,324,900
503.1283175628944,69.06533558391111,1.94,3,0,0,10.385,7.547,7.321,324,900
503.30612999339144,66.7,1.94,2,0,0,7.006,5.591,4.53,324,900
503.3946398410923,66.7,1.94,1,0,0,3.311,2.988,2.048,324,900
503.4319296488698,66.7,1.94,0,0,0,0.0,0.0,0.0,324,900
503.5101075126406,66.7,1.94,1,0,0,3.311,2.988,2.048,324,900
503.71166234789524,66.7,1.94,0,0,0,0.0,0.0,0.0,325,900
503.8268781924306,66.7,1.99,1,0,0,3.311,2.988,2.048,325,900
504.0294754980918,66.7,1.99,0,0,0,0.0,0.0,0.0,325,900
504.1484462796344,66.7,1.99,1,0,0,3.311,2.988,2.048,325,900
504.20298036776177,66.7,1.99,2,1,0,13.279,10.07,9.16,326,900
504.2168090444692,66.7,1.99,2,0,0,7.006,5.591,4.53,326,900
504.31141310846925,66.7,1.99,1,0,0,3.311,2.988,2.048,326,900
504.355292634303,66.7,1.99,0,0,0,0.0,0.0,0.0,326,900
504.4055580905187,66.7,1.99,1,0,0,3.311,2.988,2.048,326,900
504.51226676379883,66.7,1.99,1,0,1,3.994,3.474,2.656,326,900
504.54067903579886,66.7,1.99,1,0,0,3.311,2.988,2.048,326,900
504.55008707469824,66.7,1.99,0,0,0,0.0,0.0,0.0,326,900
504.64753949465813,66.7,1.99,1,0,0,3.311,2.988,2.048,326,900
504.7960355657478,66.7,1.99,0,0,0,0.0,0.0,0.0,326,900
504.8970459196177,66.7,1.99,1,0,0,3.311,2.988,2.048,326,900
505.0489128856177,66.7,1.99,0,0,0,0.0,0.0,0.0,326,900
505.1188202188528,66.7,1.99,1,0,0,3.311,2.988,2.048,326,900
505.15319387939786,66.7,1.99,2,0,0,7.006,5.591,4.53,326,900
505.30830530830815,66.7,1.99,1,0,0,3.311,2.988,2.048,326,900
505.3791091254173,66.7,1.99,0,0,0,0.0,0.0,0.0,326,900
505.4159946709987,66.7,1.99,1,0,0,3.311,2.988,2.048,326,900
505.574221666819,66.7,1.99,0,0,0,0.0,0.0,0.0,326,900
505.6852018284198,66.7,1.99,1,0,0,3.311,2.988,2.048,326,900
505.69867142843464,66.7,1.99,2,1,0,13.279,10.07,9.16,327,900
505.71197012973334,66.7,1.99,2,0,0,7.006,5.591,4.53,327,900
505.77515092973323,66.7,14.960471822673966,1,0,0,3.311,2.988,2.048,327,900
505.86536323782553,66.7,23.0,2,0,0,7.006,5.591,4.53,327,900
505.88462375115023,66.7,23.0,1,0,0,3.311,2.988,2.048,327,900
505.9377100758089,66.7,23.0,1,1,0,9.246,7.695,5.518,328,900
505.9816174120642,66.7,23.0,2,1,0,13.279,10.07,9.16,328,900
505.99945212079115,66.7,23.0,3,1,0,17.589,12.354,12.134,328,900
506.00606411586887,66.7,23.0,2,1,0,13.279,10.07,9.16,328,900
506.04913252047567,66.7,23.0,2,0,0,7.006,5.591,4.53,328,900
506.0993347176179,66.7,23.0,3,0,0,10.385,7.547,7.321,328,900
506.2023816765621,66.7,23.0,2,0,0,7.006,5.591,4.53,328,900
506.2438969293177,66.7,23.0,1,0,0,3.311,2.988,2.048,328,900
506.2801004882726,66.7,23.0,0,0,0,0.0,0.0,0.0,328,900
506.3212928482432,66.7,23.0,1,0,0,3.311,2.988,2.048,328,900
506.34024156772324,66.7,23.0,2,0,0,7.006,5.591,4.53,328,900
506.4876798330797,67.52292372740301,23.0,1,0,0,3.311,2.988,2.048,328,900
506.5273810770545,67.8,23.0,0,0,0,0.0,0.0,0.0,328,900
506.58721927814184,67.8,23.0,1,0,0,3.311,2.988,2.048,328,900
506.6499945067759,67.8,23.0,2,0,0,7.006,5.591,4.53,328,900
506.73768530915476,67.8,23.0,1,0,0,3.311,2.988,2.048,328,900
506.8404061518734,67.8,23.0,2,0,0,7.006,5.591,4.53,328,900
506.8607776646273,67.8,23.0,1,0,0,3.311,2.988,2.048,328,900
506.987151526389,67.8,23.0,2,0,0,7.006,5.591,4.53,328,900
506.99369214054315,67.8,23.0,1,0,0,3.311,2.988,2.048,328,900
507.0996767159183,67.8,23.0,2,0,0,7.006,5.591,4.53,328,900
507.20155908528073,67.8,23.0,1,0,0,3.311,2.988,2.048,328,900
507.2565031422445,67.8,23.0,0,0,0,0.0,0.0,0.0,328,900
507.36568348627634,67.8,23.0,1,0,0,3.311,2.988,2.048,328,900
507.562423022259,67.8,23.0,0,0,0,0.0,0.0,0.0,328,900
507.6750666748983,67.8,23.0,1,0,0,3.311,2.988,2.048,328,900
507.7592899000828,67.8,13.311608609618176,2,0,0,7.006,5.591,4.53,328,900
507.8748633464885,67.8,1.83,1,0,0,3.311,2.988,2.048,328,900
507.9911656397353,67.8,1.83,2,0,0,7.006,5.591,4.53,328,900
508.0306346017924,67.8,1.83,1,0,0,3.311,2.988,2.048,328,900
508.19513090144903,67.8,1.83,0,0,0,0.0,0.0,0.0,328,900
508.31307878752216,67.8,1.83,1,0,0,3.311,2.988,2.048,328,900
508.50275343281254,67.8,1.83,2,0,0,7.006,5.591,4.53,328,900
508.51867240539565,67.8,1.83,1,0,0,3.311,2.988,2.048,328,900
508.64009861087095,67.8,1.83,2,0,0,7.006,5.591,4.53,328,900
508.84885048314675,67.8,1.83,1,0,0,3.311,2.988,2.048,328,900
508.88371234508145,67.8,1.83,0,0,0,0.0,0.0,0.0,328,900
508.99570933708156,67.8,1.83,0,0,1,0.528,0.57,0.438,328,900
509.1147276410816,67.8,1.83,0,0,0,0.0,0.0,0.0,328,900
509.1445884510245,67.8,1.83,1,0,0,3.311,2.988,2.048,328,900
509.1657893490898,67.8,1.83,1,0,1,3.994,3.474,2.656,328,900
509.236557383717,67.8,1.83,1,0,0,3.311,2.988,2.048,328,900
509.4024332729036,67.8,1.83,0,0,0,0.0,0.0,0.0,328,900
509.8383519459004,66.52573028110048,30.7,0,1,0,4.554,4.957,2.003,329,900
510.11550772390035,62.8,30.7,0,0,0,0.0,0.0,0.0,329,900
510.28690261005903,62.8,30.7,1,1,0,9.246,7.695,5.518,330,900
510.30567246749285,62.8,30.7,1,0,0,3.311,2.988,2.048,330,900
510.43790728349285,62.8,30.7,0,0,0,0.0,0.0,0.0,330,900
510.5488071101833,62.8,30.7,1,0,0,3.311,2.988,2.048,330,900
510.7475110420856,62.8,30.7,0,0,0,0.0,0.0,0.0,330,900
510.8637090814705,62.8,30.7,1,0,0,3.311,2.988,2.048,330,900
511.0625960630037,62.8,30.7,0,0,0,0.0,0.0,0.0,330,900
511.1588168101359,62.8,30.7,1,0,0,3.311,2.988,2.048,330,900
511.3439121567005,62.8,30.7,0,0,0,0.0,0.0,0.0,330,900
513.0824635183913,62.8,1.66,1,1,0,9.246,7.695,5.518,331,900
513.0983531735636,62.8,1.66,1,0,0,3.311,2.988,2.048,331,900
513.1929572375635,62.8,1.66,0,0,0,0.0,0.0,0.0,331,900
513.2929440796671,68.38623146024982,1.66,1,0,0,3.311,2.988,2.048,331,900
513.4433699708741,69.8,1.66,0,0,0,0.0,0.0,0.0,331,900
513.5470495797018,69.8,1.66,1,0,0,3.311,2.988,2.048,331,900
513.7390361746329,69.8,1.7224592291535779,0,0,0,0.0,0.0,0.0,331,900
513.8470787362882,69.8,1.9,1,0,0,3.311,2.988,2.048,331,900
513.9640307944177,69.8,1.9,1,0,1,3.994,3.474,2.656,331,900
514.0091187202928,69.8,1.9,2,0,1,7.412,5.635,5.165,331,900
514.0305130664177,69.8,1.9,2,0,0,7.006,5.591,4.53,331,900
514.0431579480467,69.8,1.9,1,0,0,3.311,2.988,2.048,331,900
514.1554418005296,69.8,1.9,2,0,0,7.006,5.591,4.53,331,900
514.2660239802707,69.8,1.9,1,0,0,3.311,2.988,2.048,331,900
514.3553749731158,69.8,1.9,0,0,0,0.0,0.0,0.0,331,900
514.4718341934262,69.8,1.9,1,0,0,3.311,2.988,2.048,331,900
514.67600734284,69.8,1.9,0,0,0,0.0,0.0,0.0,331,900
514.7970145699778,69.8,1.9,1,0,0,3.311,2.988,2.048,331,900
515.0062451362196,69.8,1.9,0,0,0,0.0,0.0,0.0,331,900
515.1265850226794,69.8,1.9,1,0,0,3.311,2.988,2.048,331,900
515.199394666418,69.8,1.9,2,1,0,13.279,10.07,9.16,332,900
515.2131498902985,69.8,1.9,2,0,0,7.006,5.591,4.53,332,900
515.3077539542984,69.8,1.9,1,0,0,3.311,2.988,2.048,332,900
515.3343413078286,69.8,1.9,0,0,0,0.0,0.0,0.0,332,900
515.4000599790446,69.8,1.9,1,0,0,3.311,2.988,2.048,332,900
515.5427326777013,69.8,1.9,0,0,0,0.0,0.0,0.0,332,900
515.6382248428206,69.8,1.9,1,0,0,3.311,2.988,2.048,332,900
515.7847433308501,69.8,1.9,0,0,0,0.0,0.0,0.0,332,900
515.8836721323429,69.8,12.971224934051866,1,0,0,3.311,2.988,2.048,332,900
516.0334402177459,69.8,17.5,0,0,0,0.0,0.0,0.0,332,900
516.0729440132728,69.8,17.5,1,1,0,9.246,7.695,5.518,333,900
516.0979874915337,69.8,17.5,1,0,0,3.311,2.988,2.048,333,900
516.1355183616114,69.8,17.5,2,0,0,7.006,5.591,4.53,333,900
516.2302223075333,69.8,17.5,1,0,0,3.311,2.988,2.048,333,900
516.2884096123872,69.8,17.5,0,0,0,0.0,0.0,0.0,333,900
516.393774827626,69.8,17.5,1,0,0,3.311,2.988,2.048,333,900
516.5496603477753,69.6908986949186,17.5,0,0,0,0.0,0.0,0.0,333,900
516.6581950643874,69.5,17.5,1,0,0,3.311,2.988,2.048,333,900
516.741361081341,69.5,17.5,2,0,0,7.006,5.591,4.53,333,900
516.8551542139096,69.5,17.5,1,0,0,3.311,2.988,2.048,333,900
516.967398512805,69.5,17.5,2,0,0,7.006,5.591,4.53,333,900
517.0122287878927,69.5,17.5,1,0,0,3.311,2.988,2.048,333,900
517.1677266696109,69.5,17.5,0,0,0,0.0,0.0,0.0,333,900
517.2861700959953,69.5,17.5,1,0,0,3.311,2.988,2.048,333,900
517.4917876026103,69.5,17.5,0,0,0,0.0,0.0,0.0,333,900
517.6139094718409,69.5,17.5,1,0,0,3.311,2.988,2.048,333,900
517.8241980923025,69.5,15.83911932203813,0,0,0,0.0,0.0,0.0,333,900
517.8569781267905,69.5,10.701542675493268,1,1,0,9.246,7.695,5.518,334,900
517.9124781267905,69.5,2.0030922822533874,1,0,0,3.311,2.988,2.048,334,900
517.9500565783791,69.5,1.85,2,0,0,7.006,5.591,4.53,334,900
518.0070821907901,69.5,1.85,1,0,0,3.311,2.988,2.048,334,900
518.0091081335287,69.5,1.85,1,0,1,3.994,3.474,2.656,334,900
518.0709904055286,69.5,1.85,1,0,0,3.311,2.988,2.048,334,900
518.1053896147899,69.5,1.85,2,0,0,7.006,5.591,4.53,334,900
518.1190893616624,69.5,1.85,3,1,0,17.589,12.354,12.134,335,900
518.1428169140263,69.5,1.85,3,0,0,10.385,7.547,7.321,335,900
518.1639457846863,69.5,1.85,2,0,0,7.006,5.591,4.53,335,900
518.275051730026,69.5,1.85,1,0,0,3.311,2.988,2.048,335,900
518.2906701907896,69.5,1.85,0,0,0,0.0,0.0,0.0,335,900
518.3890460307895,69.5,1.85,1,0,0,3.311,2.988,2.048,335,900
518.5374051027898,69.5,1.85,0,0,0,0.0,0.0,0.0,335,900
518.6356863497897,69.5,1.85,1,0,0,3.311,2.988,2.048,335,900
518.7211374086093,69.5,1.85,2,0,0,7.006,5.591,4.53,335,900
518.7842115337896,69.5,1.85,1,0,0,3.311,2.988,2.048,335,900
518.8824128157896,69.5,1.85,2,0,0,7.006,5.591,4.53,335,900
518.9869068930707,69.5,1.85,1,0,0,3.311,2.988,2.048,335,900
519.0305763357894,69.5,1.85,0,0,0,0.0,0.0,0.0,335,900
519.1287146697894,69.5,1.85,1,0,0,3.311,2.988,2.048,335,900
519.2352720055277,69.5,1.85,2,1,0,13.279,10.07,9.16,336,900
519.2704720055276,69.5,1.85,2,0,0,7.006,5.591,4.53,336,900
519.3143706612807,69.5,1.85,1,0,0,3.311,2.988,2.048,336,900
519.3336528055275,69.5,1.85,0,0,0,0.0,0.0,0.0,336,900
519.4158616232487,69.5,1.85,1,0,0,3.311,2.988,2.048,336,900
519.4240712216722,69.5,1.85,2,0,0,7.006,5.591,4.53,336,900
519.5649801683679,69.5,1.85,1,0,0,3.311,2.988,2.048,336,900
519.6060977387142,69.5,1.85,0,0,0,0.0,0.0,0.0,336,900
519.6584706023681,69.5,1.85,1,0,0,3.311,2.988,2.048,336,900
519.7106982996565,69.5,1.85,2,0,0,7.006,5.591,4.53,336,900
519.8032546069189,69.5,1.85,1,0,0,3.311,2.988,2.048,336,900
519.8998328017741,69.5,14.950798913390493,2,0,0,7.006,5.591,4.53,336,900
519.9035969390958,69.5,15.521951081025765,1,0,0,3.311,2.988,2.048,336,900
519.9555777813675,69.41450154581334,16.9,2,0,0,7.006,5.591,4.53,336,900
520.0114487900119,69.30314941856147,16.9,3,0,0,10.385,7.547,7.321,336,900
520.0475065841798,69.3,16.9,2,0,0,7.006,5.591,4.53,336,900
520.0568232754729,69.3,16.9,2,1,0,13.279,10.07,9.16,337,900
520.14729330989,69.3,16.9,3,1,0,17.589,12.354,12.134,337,900
520.2065212174246,69.3,16.9,2,1,0,13.279,10.07,9.16,337,900
520.2255053013225,69.3,16.9,1,1,0,9.246,7.695,5.518,337,900
520.2980085821507,69.3,16.9,0,1,0,4.554,4.957,2.003,337,900
520.3003268795596,69.3,16.9,0,0,0,0.0,0.0,0.0,337,900
520.3176637203144,69.3,16.9,1,0,0,3.311,2.988,2.048,337,900
520.400990429716,69.3,16.9,2,0,0,7.006,5.591,4.53,337,900
520.5168539997009,69.3,16.9,1,0,0,3.311,2.988,2.048,337,900
520.5545393838315,69.3,16.9,0,0,0,0.0,0.0,0.0,337,900
520.6311862275645,69.3,16.9,1,0,0,3.311,2.988,2.048,337,900
520.6607986882518,69.3,16.9,2,0,0,7.006,5.591,4.53,337,900
520.8179018042231,69.3,16.9,1,0,0,3.311,2.988,2.048,337,900
520.8338433189251,69.3,16.9,0,0,0,0.0,0.0,0.0,337,900
520.9273706014984,69.3,16.9,1,0,0,3.311,2.988,2.048,337,900
520.9515163767626,69.3,16.9,2,0,0,7.006,5.591,4.53,337,900
521.1244005513248,69.3,16.9,1,0,0,3.311,2.988,2.048,337,900
521.1567334640971,69.3,16.9,0,0,0,0.0,0.0,0.0,337,900
521.237348342006,69.3,16.9,1,0,0,3.311,2.988,2.048,337,900
521.2884921775604,69.3,16.9,2,0,0,7.006,5.591,4.53,337,900
521.437451112238,69.3,16.9,1,0,0,3.311,2.988,2.048,337,900
521.5511003302715,69.3,16.9,2,0,0,7.006,5.591,4.53,337,900
521.553000189949,69.3,16.9,1,0,0,3.311,2.988,2.048,337,900
521.7481754497337,69.3,16.9,2,0,0,7.006,5.591,4.53,337,900
521.750473715043,69.3,16.9,1,0,0,3.311,2.988,2.048,337,900
521.8653765335828,69.3,9.016899180858427,2,0,0,7.006,5.591,4.53,337,900
521.9710696781829,69.3,1.84,1,0,0,3.311,2.988,2.048,337,900
522.0191975053368,69.3,1.84,2,0,0,7.006,5.591,4.53,337,900
522.0679072895181,69.3,1.84,1,0,0,3.311,2.988,2.048,337,900
522.186146072221,69.3,1.84,2,0,0,7.006,5.591,4.53,337,900
522.3916927273198,69.3,1.84,1,0,0,3.311,2.988,2.048,337,900
522.4406945009233,69.3,1.84,0,0,0,0.0,0.0,0.0,337,900
522.684100917186,69.3,1.84,1,0,0,3.311,2.988,2.048,337,900
522.9385269890298,69.3,1.84,0,0,0,0.0,0.0,0.0,337,900
524.0767675052676,69.1,1.64,1,1,0,9.246,7.695,5.518,338,900
524.094838093503,69.1,1.64,1,0,0,3.311,2.988,2.048,338,900
524.123198478897,69.1,1.64,1,1,0,9.246,7.695,5.518,339,900
524.1894421575029,69.1,1.64,0,1,0,4.554,4.957,2.003,339,900
524.2972771550322,69.1,1.64,1,1,0,9.246,7.695,5.518,339,900
524.3059906205334,69.1,1.64,1,0,0,3.311,2.988,2.048,339,900
524.4926980496597,69.1,1.64,0,0,0,0.0,0.0,0.0,339,900
524.6055034239733,69.1,1.64,1,0,0,3.311,2.988,2.048,339,900
524.8060711433852,69.1,1.64,0,0,0,0.0,0.0,0.0,339,900
524.9217447007289,69.1,1.64,1,0,0,3.311,2.988,2.048,339,900
525.1258842951183,69.1,1.64,0,0,0,0.0,0.0,0.0,339,900
525.2462904758281,69.1,1.64,1,0,0,3.311,2.988,2.048,339,900
525.4543993665837,69.1,1.64,0,0,0,0.0,0.0,0.0,339,900
525.5972804568903,69.1,1.64,0,0,1,0.528,0.57,0.438,339,900
525.6598627288904,69.1,1.64,0,0,0,0.0,0.0,0.0,339,900
526.8248443288902,65.9,49.9,1,1,0,9.246,7.695,5.518,340,900
526.8384976622235,65.9,49.9,1,0,0,3.311,2.988,2.048,340,900
526.9331017262234,65.9,49.9,0,0,0,0.0,0.0,0.0,340,900
527.0250410946678,65.9,49.9,1,0,0,3.311,2.988,2.048,340,900
527.1673436820748,65.9,49.9,0,0,0,0.0,0.0,0.0,340,900
527.2624450062601,65.9,49.9,1,0,0,3.311,2.988,2.048,340,900
527.4085691984084,65.9,49.9,0,0,0,0.0,0.0,0.0,340,900
527.5070829743343,65.9,49.9,1,0,0,3.311,2.988,2.048,340,900
527.5716985620694,65.9,49.9,1,0,1,3.994,3.474,2.656,340,900
527.6176808340695,65.9,49.9,1,0,0,3.311,2.988,2.048,340,900
527.656432579223,65.9,49.9,0,0,0,0.0,0.0,0.0,340,900
527.7580715128895,65.9,49.9,1,0,0,3.311,2.988,2.048,340,900
527.8458488596588,65.9,49.9,2,0,0,7.006,5.591,4.53,340,900
527.9105200985188,65.9,49.9,1,0,0,3.311,2.988,2.048,340,900
528.0154219189263,65.9,2.72,2,0,0,7.006,5.591,4.53,340,900
528.1338289192086,65.9,2.72,1,0,0,3.311,2.988,2.048,340,900
528.1708405892969,65.9,2.72,0,0,0,0.0,0.0,0.0,340,900
528.278887726445,65.9,2.72,1,0,0,3.311,2.988,2.048,340,900
528.4753558415562,65.9,2.72,0,0,0,0.0,0.0,0.0,340,900
528.5913388937508,65.9,2.72,1,0,0,3.311,2.988,2.048,340,900
528.7742255581487,65.9,2.72,2,1,0,13.279,10.07,9.16,341,900
528.7935255581488,65.9,2.72,2,0,0,7.006,5.591,4.53,341,900
528.797558784243,65.9,2.72,1,0,0,3.311,2.988,2.048,341,900
528.8881296221489,65.9,2.72,0,0,0,0.0,0.0,0.0,341,900
528.9199137117481,65.9,2.72,1,0,0,3.311,2.988,2.048,341,900
528.9797795535127,65.9,2.72,2,0,0,7.006,5.591,4.53,341,900
529.1217899765172,65.9,2.72,1,0,0,3.311,2.988,2.048,341,900
529.1294676136835,65.9,2.72,0,0,0,0.0,0.0,0.0,341,900
529.2165827723655,65.9,2.72,1,0,0,3.311,2.988,2.048,341,900
529.2557001376316,65.9,2.72,2,0,0,7.006,5.591,4.53,341,900
529.3623957088544,65.9,2.72,1,0,0,3.311,2.988,2.048,341,900
529.4605818651872,65.9,2.72,2,0,0,7.006,5.591,4.53,341,900
529.4701243070102,65.9,2.72,1,0,0,3.311,2.988,2.048,341,900
529.600292601402,65.9,2.72,2,0,0,7.006,5.591,4.53,341,900
529.6096011231608,65.9,2.72,1,0,0,3.311,2.988,2.048,341,900
529.710893345978,65.9,2.72,2,0,0,7.006,5.591,4.53,341,900
529.8185165102238,65.9,2.72,1,0,0,3.311,2.988,2.048,341,900
529.8629924934362,65.9,2.72,0,0,0,0.0,0.0,0.0,341,900
529.9675285117382,65.9,2.72,1,0,0,3.311,2.988,2.048,341,900
530.0501488263219,65.05063461727904,26.716418508351094,2,1,0,13.279,10.07,9.16,342,900
530.1053488263219,63.77154306745384,62.853535424717116,2,0,0,7.006,5.591,4.53,342,900
530.1225786526807,63.6,67.7,1,0,0,3.311,2.988,2.048,342,900
530.1999528903219,63.6,67.7,0,0,0,0.0,0.0,0.0,342,900
530.2302408964671,63.6,67.7,1,0,0,3.311,2.988,2.048,342,900
530.2979603143219,63.6,67.7,2,0,0,7.006,5.591,4.53,342,900
530.3802170960586,63.6,67.7,3,0,0,10.385,7.547,7.321,342,900
530.4263213908941,63.6,67.7,2,0,0,7.006,5.591,4.53,342,900
530.4414670269471,63.6,67.7,1,0,0,3.311,2.988,2.048,342,900
530.535066037034,63.6,67.7,2,0,0,7.006,5.591,4.53,342,900
530.5378399186027,63.6,67.7,3,0,0,10.385,7.547,7.321,342,900
530.6507693786289,63.6,67.7,2,0,0,7.006,5.591,4.53,342,900
530.6852469185972,63.6,67.7,1,0,0,3.311,2.988,2.048,342,900
530.7297272002335,63.6,67.7,0,0,0,0.0,0.0,0.0,342,900
530.7851109446215,63.6,67.7,1,0,0,3.311,2.988,2.048,342,900
530.8399844423034,63.6,67.7,2,0,0,7.006,5.591,4.53,342,900
530.9731384239846,63.6,67.7,1,0,0,3.311,2.988,2.048,342,900
531.0373636647838,63.6,67.7,0,0,0,0.0,0.0,0.0,342,900
531.076597008716,63.6,67.7,1,0,0,3.311,2.988,2.048,342,900
531.1508825511352,63.6,67.7,2,0,0,7.006,5.591,4.53,342,900
531.267571074786,63.6,67.7,1,0,0,3.311,2.988,2.048,342,900
531.3525160888969,63.6,67.7,0,0,0,0.0,0.0,0.0,342,900
531.4693547935294,63.6,67.7,1,0,0,3.311,2.988,2.048,343,900
531.469783581247,63.6,67.7,2,0,0,7.006,5.591,4.53,343,900
531.674172118572,63.6,67.7,1,0,0,3.311,2.988,2.048,343,900
531.7601453486925,63.6,67.7,0,0,0,0.0,0.0,0.0,343,900
531.9715189740331,63.6,67.7,1,0,0,3.311,2.988,2.048,343,900
532.2219271624851,63.6,1.83,2,0,0,7.006,5.591,4.53,343,900
532.2649380259244,63.6,1.83,3,1,0,17.589,12.354,12.134,344,900
532.2718704693592,63.6,1.83,2,1,0,13.279,10.07,9.16,344,900
532.3308380259243,63.6,1.83,2,0,0,7.006,5.591,4.53,344,900
532.4630728419244,63.6,1.83,1,0,0,3.311,2.988,2.048,344,900
532.4776869689105,63.6,1.83,0,0,0,0.0,0.0,0.0,344,900
532.4925860495803,63.6,1.83,1,0,0,3.311,2.988,2.048,344,900
532.5716922969243,63.6,1.83,2,0,0,7.006,5.591,4.53,344,900
532.7144205140304,63.6,1.83,3,1,0,17.589,12.354,12.134,345,900
532.7275862283161,63.6,1.83,3,0,0,10.385,7.547,7.321,345,900
532.7674794009242,63.6,1.83,2,0,0,7.006,5.591,4.53,345,900
532.7907670283162,63.6,1.83,1,0,0,3.311,2.988,2.048,345,900
532.8016034967861,63.6,1.83,0,0,0,0.0,0.0,0.0,345,900
532.8763054189243,63.6,1.83,1,0,0,3.311,2.988,2.048,345,900
532.8805052878876,63.6,1.83,2,0,0,7.006,5.591,4.53,345,900
533.0207276080301,63.6,1.83,1,0,0,3.311,2.988,2.048,345,900
533.0318161298869,63.6,1.83,2,0,0,7.006,5.591,4.53,345,900
533.0722774509238,63.6,1.83,1,0,0,3.311,2.988,2.048,345,900
533.1134925956014,63.6,1.83,2,0,0,7.006,5.591,4.53,345,900
533.1808842029238,63.6,1.83,3,0,0,10.385,7.547,7.321,345,900
533.257544683744,63.6,1.83,2,0,0,7.006,5.591,4.53,345,900
533.3501283929728,63.6,1.83,1,0,0,3.311,2.988,2.048,345,900
533.3533521423155,63.6,1.83,2,0,0,7.006,5.591,4.53,345,900
533.3779309229236,63.6,1.83,1,0,0,3.311,2.988,2.048,345,900
533.4891916196897,69.5816165956396,1.83,2,0,0,7.006,5.591,4.53,345,900
533.5002487184585,70.45012544812987,1.83,1,0,0,3.311,2.988,2.048,345,900
533.5898413139543,71.5,1.83,2,0,0,7.006,5.591,4.53,345,900
533.5992194180301,71.5,1.83,3,0,0,10.385,7.547,7.321,345,900
533.6881055147066,71.5,1.83,2,0,0,7.006,5.591,4.53,345,900
533.749112194173,71.5,1.83,1,0,0,3.311,2.988,2.048,345,900
533.8036311334791,71.5,1.83,2,0,0,7.006,5.591,4.53,345,900
533.8512327257441,71.5,1.83,3,0,0,10.385,7.547,7.321,345,900
533.9181479769204,71.5,1.83,2,0,0,7.006,5.591,4.53,345,900
534.003913893887,71.5,1.83,1,0,0,3.311,2.988,2.048,345,900
534.0070303345024,71.5,1.83,0,0,0,0.0,0.0,0.0,345,900
534.1092665924582,71.5,1.810672365930346,1,0,0,3.311,2.988,2.048,345,900
534.1267503162816,71.5,1.81,2,0,0,7.006,5.591,4.53,345,900
534.2654566326015,71.5,1.81,1,0,0,3.311,2.988,2.048,345,900
534.3080176345601,71.5,1.81,1,1,0,9.246,7.695,5.518,346,900
534.3341011273118,71.5,1.81,0,1,0,4.554,4.957,2.003,346,900
534.3739735341727,71.5,1.81,1,1,0,9.246,7.695,5.518,346,900
534.4578575160976,71.5,1.81,2,1,0,13.279,10.07,9.16,346,900
534.5515212386467,71.5,1.81,2,0,0,7.006,5.591,4.53,346,900
534.5700451183154,71.5,1.81,1,0,0,3.311,2.988,2.048,346,900
534.6688385611342,71.5,1.81,0,0,0,0.0,0.0,0.0,346,900
534.6819892534581,71.5,1.81,1,0,0,3.311,2.988,2.048,346,900
534.8081630517817,71.5,1.81,2,0,0,7.006,5.591,4.53,346,900
534.8810818981727,71.5,1.81,1,0,0,3.311,2.988,2.048,346,900
534.996634223736,71.5,1.81,2,0,0,7.006,5.591,4.53,346,900
535.14252738183,71.5,1.81,1,0,0,3.311,2.988,2.048,346,900
535.1942772082884,71.5,1.81,0,0,0,0.0,0.0,0.0,346,900
535.3073758243148,71.5,1.81,1,0,0,3.311,2.988,2.048,346,900
535.5080918345518,71.5,1.81,0,0,0,0.0,0.0,0.0,346,900
535.6244420692626,71.5,1.81,1,0,0,3.311,2.988,2.048,346,900
535.8280896331836,71.5,1.81,0,0,0,0.0,0.0,0.0,346,900
535.993837248927,71.5,1.81,1,0,0,3.311,2.988,2.048,346,900
536.1185249295784,71.5,19.1,2,0,0,7.006,5.591,4.53,346,900
536.2918013152589,71.5,19.1,1,0,0,3.311,2.988,2.048,346,900
536.3709253920256,71.5,19.1,0,0,0,0.0,0.0,0.0,346,900
537.9218724442092,67.1,19.1,1,1,0,9.246,7.695,5.518,347,900
537.976072444209,67.1,19.1,1,0,0,3.311,2.988,2.048,347,900
538.070676508209,67.1,9.246679635904497,0,0,0,0.0,0.0,0.0,347,900
538.1676839322088,67.1,1.94,1,0,0,3.311,2.988,2.048,347,900
538.317911479047,67.1,1.94,0,0,0,0.0,0.0,0.0,348,900
538.4213816343703,67.1,1.94,1,0,0,3.311,2.988,2.048,348,900
538.5759486362738,67.1,1.94,0,0,0,0.0,0.0,0.0,348,900
538.6833490936621,67.1,1.94,1,0,0,3.311,2.988,2.048,348,900
538.8416593586313,67.1,1.94,0,0,0,0.0,0.0,0.0,348,900
538.952702824085,67.1,1.94,1,0,0,3.311,2.988,2.048,348,900
539.114629920119,67.1,1.94,0,0,0,0.0,0.0,0.0,348,900
539.2294541226378,67.1,1.94,1,0,0,3.311,2.988,2.048,348,900
539.2356810476277,67.1,1.94,1,0,1,3.994,3.474,2.656,348,900
539.2639633196277,67.1,1.94,1,0,0,3.311,2.988,2.048,348,900
539.3948691537377,67.1,1.94,0,0,0,0.0,0.0,0.0,348,900
539.5133565233222,67.1,1.94,1,0,0,3.311,2.988,2.048,348,900
539.6829449294876,67.1,1.94,0,0,0,0.0,0.0,0.0,348,900
539.8052774481371,67.1,1.94,1,0,0,3.311,2.988,2.048,348,900
539.9783247653673,67.1,1.94,0,0,0,0.0,0.0,0.0,348,900
540.1043097310823,67.1,1.412141930252864,1,0,0,3.311,2.988,2.048,348,900
540.2805453673778,56.7,1.36,0,0,0,0.0,0.0,0.0,348,900
540.4103185261579,56.7,1.36,1,0,0,3.311,2.988,2.048,348,900
540.4178091443965,56.7,1.36,2,1,0,13.279,10.07,9.16,349,900
540.4300481882212,56.7,1.36,2,0,0,7.006,5.591,4.53,349,900
540.4932289882213,56.7,1.36,1,0,0,3.311,2.988,2.048,349,900
540.5796640172625,56.7,1.36,2,0,0,7.006,5.591,4.53,349,900
540.5908412335189,56.7,1.36,1,0,0,3.311,2.988,2.048,349,900
540.6856210609438,56.7,1.36,0,0,0,0.0,0.0,0.0,349,900
540.7243962763641,56.7,1.36,1,0,0,3.311,2.988,2.048,349,900
540.7744669928256,56.7,1.36,2,0,0,7.006,5.591,4.53,349,900
540.9087267907905,56.7,1.36,1,0,0,3.311,2.988,2.048,349,900
540.9142384603477,56.7,1.36,0,0,0,0.0,0.0,0.0,349,900
541.0060845427103,56.7,1.36,1,0,0,3.311,2.988,2.048,349,900
541.0459617397012,56.7,1.36,2,0,0,7.006,5.591,4.53,349,900
541.1486254087131,56.7,1.36,1,0,0,3.311,2.988,2.048,349,900
541.2431574985566,56.7,1.36,2,0,0,7.006,5.591,4.53,349,900
541.2716890211929,56.7,1.36,1,0,0,3.311,2.988,2.048,349,900
541.38841637104,56.7,1.36,0,0,0,0.0,0.0,0.0,349,900
541.4134891667496,56.7,1.36,1,0,0,3.311,2.988,2.048,349,900
541.4860489293641,56.7,1.36,2,0,0,7.006,5.591,4.53,349,900
541.6341477283282,56.7,1.36,1,0,0,3.311,2.988,2.048,349,900
541.6428613568871,56.7,1.36,0,0,0,0.0,0.0,0.0,349,900
541.734707864133,56.7,1.36,1,0,0,3.311,2.988,2.048,349,900
541.7859772779611,56.7,1.36,2,0,0,7.006,5.591,4.53,349,900
541.8857673255778,56.7,1.36,1,0,0,3.311,2.988,2.048,349,900
541.9892375298635,56.7,1.36,2,0,0,7.006,5.591,4.53,349,900
542.0167992154613,56.7,1.369432720076513,1,0,0,3.311,2.988,2.048,349,900
542.1420634694613,56.7,1.62,2,0,0,7.006,5.591,4.53,349,900
542.1432288537892,56.7,1.62,1,0,0,3.311,2.988,2.048,349,900
542.2491808933815,56.7,1.62,2,0,0,7.006,5.591,4.53,349,900
542.2537504939104,56.7,1.62,3,1,0,17.589,12.354,12.134,350,900
542.2671264010221,56.7,1.62,3,0,0,10.385,7.547,7.321,350,900
542.3303072010222,56.7,1.62,2,0,0,7.006,5.591,4.53,350,900
542.3756386029612,56.7,1.62,1,0,0,3.311,2.988,2.048,350,900
542.4054314427626,56.7,1.62,0,0,0,0.0,0.0,0.0,350,900
542.4207947187059,56.7,1.62,1,0,0,3.311,2.988,2.048,350,900
542.514421092874,56.7,1.62,2,0,0,7.006,5.591,4.53,350,900
542.527489872795,56.7,1.62,3,0,0,10.385,7.547,7.321,350,900
542.5617734242679,56.7,1.62,2,0,0,7.006,5.591,4.53,350,900
542.655337561098,56.7,1.62,3,0,0,10.385,7.547,7.321,350,900
542.7107533207736,56.7,1.62,2,0,0,7.006,5.591,4.53,350,900
542.7636806969616,56.7,1.62,1,0,0,3.311,2.988,2.048,350,900
542.8001959258064,56.7,1.62,0,0,0,0.0,0.0,0.0,350,900
542.8231868411915,56.7,1.62,1,0,0,3.311,2.988,2.048,350,900
542.8968524247831,56.7,1.62,2,0,0,7.006,5.591,4.53,350,900
543.023457051398,56.7,1.62,1,0,0,3.311,2.988,2.048,350,900
543.0446051686381,56.7,1.62,0,0,0,0.0,0.0,0.0,350,900
543.1389261571227,56.7,1.62,1,0,0,3.311,2.988,2.048,350,900
543.1444747997613,56.7,1.62,2,0,0,7.006,5.591,4.53,350,900
543.2952736347629,56.7,1.62,1,0,0,3.311,2.988,2.048,350,900
543.3427640136362,56.7,1.62,0,0,0,0.0,0.0,0.0,350,900
543.3983429890328,56.7,1.62,1,0,0,3.311,2.988,2.048,350,900
543.4618096616679,63.15739414719287,1.62,2,0,0,7.006,5.591,4.53,350,900
543.5519801071812,70.0,1.62,1,0,0,3.311,2.988,2.048,350,900
543.6583315195976,70.0,1.62,2,0,0,7.006,5.591,4.53,350,900
543.6683037724881,70.0,1.62,1,0,0,3.311,2.988,2.048,350,900
543.7906049378269,70.0,1.62,2,0,0,7.006,5.591,4.53,350,900
543.8155274008924,70.0,1.62,1,0,0,3.311,2.988,2.048,350,900
543.9250929074557,70.0,1.62,2,0,0,7.006,5.591,4.53,350,900
544.0006710469539,70.0,1.62,1,0,0,3.311,2.988,2.048,350,900
544.1222202238964,70.0,1.6144397305417961,0,0,0,0.0,0.0,0.0,350,900
544.1742506929536,70.0,1.583093247247439,1,0,0,3.311,2.988,2.048,350,900
544.2341643590393,70.0,1.56,2,0,0,7.006,5.591,4.53,350,900
544.3847252317519,70.0,1.56,1,0,0,3.311,2.988,2.048,350,900
544.433257003753,70.0,1.56,0,0,0,0.0,0.0,0.0,350,900
544.5488237044675,70.0,1.56,1,0,0,3.311,2.988,2.048,350,900
544.7522511697537,70.0,1.56,0,0,0,0.0,0.0,0.0,350,900
544.8713809770395,70.0,1.56,1,0,0,3.311,2.988,2.048,350,900
544.9557370610268,70.0,1.56,1,0,1,3.994,3.474,2.656,350,900
544.979670906831,70.0,1.56,2,1,1,13.839,10.395,10.164,351,900
544.9842193330265,70.0,1.56,2,1,0,13.279,10.07,9.16,351,900
544.998458696957,70.0,1.56,2,0,0,7.006,5.591,4.53,351,900
545.0781634228966,70.0,1.56,1,0,0,3.311,2.988,2.048,351,900
545.1306935129571,70.0,1.56,0,0,0,0.0,0.0,0.0,351,900
545.2008268037537,70.0,1.56,1,0,0,3.311,2.988,2.048,351,900
545.2430108109927,70.0,1.56,2,0,0,7.006,5.591,4.53,351,900
545.4108227581819,70.0,1.56,1,0,0,3.311,2.988,2.048,351,900
545.4431454461771,70.0,1.56,0,0,0,0.0,0.0,0.0,351,900
545.56086681241,70.0,1.56,1,0,0,3.311,2.988,2.048,351,900
545.7078531556103,70.0,1.56,2,0,0,7.006,5.591,4.53,351,900
545.7663838807924,70.0,1.56,1,0,0,3.311,2.988,2.048,351,900
545.8890834862232,70.0,1.56,2,0,0,7.006,5.591,4.53,351,900
545.9594918250021,70.0,1.56,3,1,0,17.589,12.354,12.134,352,900
545.9670249408964,70.0,1.56,2,1,0,13.279,10.07,9.16,352,900
545.9759784081863,70.0,1.56,2,0,0,7.006,5.591,4.53,352,900
546.0674648402598,70.0,1.56,2,1,0,13.279,10.07,9.16,353,900
546.0705824721862,70.0,1.56,1,1,0,9.246,7.695,5.518,353,900
546.100872747803,70.0,1.56,0,1,0,4.554,4.957,2.003,353,900
546.1400164935566,70.0,22.080957906066903,1,2,0,15.716,13.138,11.485,354,900
546.1533924006684,70.0,32.43949156560977,1,1,0,9.246,7.695,5.518,354,900
546.1727173782972,70.0,47.40508825846665,2,1,0,13.279,10.07,9.16,354,900
546.2097173924535,70.0,76.05853873757901,2,0,0,7.006,5.591,4.53,354,900
546.2165732006684,70.0,78.5,1,0,0,3.311,2.988,2.048,354,900
546.307060718352,70.0,78.5,2,0,0,7.006,5.591,4.53,354,900
546.3253115743972,70.0,78.5,1,0,0,3.311,2.988,2.048,354,900
546.431280933433,70.0,78.5,2,0,0,7.006,5.591,4.53,354,900
546.4480394239137,70.0,78.5,1,0,0,3.311,2.988,2.048,354,900
546.541603560744,70.0,78.5,2,0,0,7.006,5.591,4.53,354,900
546.6255775194581,70.0,78.5,1,0,0,3.311,2.988,2.048,354,900
546.686461925452,70.0,78.5,0,0,0,0.0,0.0,0.0,354,900
546.736071758408,70.0,78.5,1,0,0,3.311,2.988,2.048,354,900
546.7831184244287,70.0,78.5,2,0,0,7.006,5.591,4.53,354,900
546.9308711682837,70.7,78.5,1,0,0,3.311,2.988,2.048,354,900
546.9346228883472,70.7,78.5,0,0,0,0.0,0.0,0.0,354,900
547.0307407994072,70.7,78.5,1,0,0,3.311,2.988,2.048,354,900
547.0495203452114,70.7,78.5,2,0,0,7.006,5.591,4.53,354,900
547.1815396344088,70.7,78.5,1,0,0,3.311,2.988,2.048,354,900
547.2520873630648,70.7,78.5,0,0,0,0.0,0.0,0.0,354,900
547.2846089886788,70.7,78.5,1,0,0,3.311,2.988,2.048,354,900
547.3713221148432,70.7,78.5,2,0,0,7.006,5.591,4.53,354,900
547.438246106827,70.7,78.5,1,0,0,3.311,2.988,2.048,354,900
547.5445975192436,70.7,78.5,2,0,0,7.006,5.591,4.53,354,900
547.5769940593286,70.7,78.5,1,0,0,3.311,2.988,2.048,354,900
547.6727279134079,70.7,78.5,2,0,0,7.006,5.591,4.53,354,900
547.7017934005383,70.7,78.5,1,0,0,3.311,2.988,2.048,354,900
547.8113589071014,70.7,78.5,2,0,0,7.006,5.591,4.53,354,900
547.8565109575947,70.7,78.5,1,0,0,3.311,2.988,2.048,354,900
548.0084862235425,70.7,78.5,0,0,0,0.0,0.0,0.0,354,900
548.1215359821302,70.7,72.23557452598382,1,0,0,3.311,2.988,2.048,354,900
548.321741377596,70.7,1.81,0,0,0,0.0,0.0,0.0,354,900
548.438470720209,70.7,1.81,1,0,0,3.311,2.988,2.048,354,900
548.5592119936483,70.7,1.81,1,1,0,9.246,7.695,5.518,355,900
548.6430679546995,70.7,1.81,0,1,0,4.554,4.957,2.003,355,900
548.7621977619851,70.7,1.81,1,1,0,9.246,7.695,5.518,355,900
548.7942786234315,70.7,1.81,2,1,0,13.279,10.07,9.16,355,900
548.8166933530437,70.7,1.81,2,0,0,7.006,5.591,4.53,355,900
548.9689802078427,70.7,1.81,1,0,0,3.311,2.988,2.048,355,900
549.0916435886999,70.7,1.81,2,0,0,7.006,5.591,4.53,355,900
549.1019958954946,70.7,1.81,1,0,0,3.311,2.988,2.048,355,900
549.3016395431282,70.7,1.81,0,0,0,0.0,0.0,0.0,355,900
549.5798901585332,70.7,1.81,1,0,0,3.311,2.988,2.048,355,900
549.5986699405569,70.7,1.81,2,0,0,7.006,5.591,4.53,355,900
549.8233491036581,70.7,1.81,1,0,0,3.311,2.988,2.048,355,900
549.8578417258427,70.7,1.81,0,0,0,0.0,0.0,0.0,355,900
551.9207234424631,69.9,1.61,1,1,0,9.246,7.695,5.518,356,900
551.9826234424633,69.9,1.61,1,0,0,3.311,2.988,2.048,356,900
552.0772275064633,69.9,1.61,0,0,0,0.0,0.0,0.0,356,900
552.1819349304631,69.9,1.61,1,0,0,3.311,2.988,2.048,356,900
552.3736155064631,69.9,1.69,0,0,0,0.0,0.0,0.0,356,900
552.478391346463,69.9,1.69,1,0,0,3.311,2.988,2.048,356,900
552.5824533950711,69.9,1.69,1,0,1,3.994,3.474,2.656,356,900
552.6108256670711,69.9,1.69,1,0,0,3.311,2.988,2.048,356,900
552.6703167864631,69.9,1.69,0,0,0,0.0,0.0,0.0,356,900
552.7750581634633,69.9,1.69,1,0,0,3.311,2.988,2.048,356,900
552.9005279085361,69.9,1.69,2,1,0,13.279,10.07,9.16,357,900
552.9478279085362,69.9,1.69,2,0,0,7.006,5.591,4.53,357,900
552.9676692034636,69.9,1.69,1,0,0,3.311,2.988,2.048,357,900
553.0723722114635,69.9,1.69,2,0,0,7.006,5.591,4.53,357,900
553.0800627245362,69.9,1.69,1,0,0,3.311,2.988,2.048,357,900
553.1940089082598,69.9,1.69,2,0,0,7.006,5.591,4.53,357,900
553.2641815554636,69.9,1.69,1,0,0,3.311,2.988,2.048,357,900
553.4041803103138,69.9,1.69,0,0,0,0.0,0.0,0.0,357,900
553.5639133494176,71.32879941403367,1.69,1,0,0,3.311,2.988,2.048,357,900
553.7696006767055,72.7,1.69,2,1,0,13.279,10.07,9.16,358,900
553.7842758359411,72.7,1.69,2,0,0,7.006,5.591,4.53,358,900
553.8118070129108,72.7,1.69,1,0,0,3.311,2.988,2.048,358,900
553.878879899941,72.7,1.69,0,0,0,0.0,0.0,0.0,358,900
553.9744963406607,72.7,1.69,1,0,0,3.311,2.988,2.048,358,900
554.1205106488452,72.7,1.69,0,0,0,0.0,0.0,0.0,358,900
554.2195315848198,72.7,1.690648262410498,1,0,0,3.311,2.988,2.048,358,900
554.4068183252592,72.7,1.7,0,0,0,0.0,0.0,0.0,358,900
554.5098727609536,72.7,1.7,1,0,0,3.311,2.988,2.048,358,900
554.551806609898,72.7,1.7,1,0,1,3.994,3.474,2.656,358,900
554.6093888818978,72.7,1.7,1,0,0,3.311,2.988,2.048,358,900
554.7009226651126,72.7,1.7,0,0,0,0.0,0.0,0.0,358,900
554.8078889385268,72.7,1.7,1,0,0,3.311,2.988,2.048,358,900
555.0024633504055,72.7,1.7,0,0,0,0.0,0.0,0.0,358,900
555.1132755385394,72.7,1.7,1,0,0,3.311,2.988,2.048,358,900
555.311760474138,72.7,1.7,0,0,0,0.0,0.0,0.0,358,900
555.4267912159916,72.7,1.7,1,0,0,3.311,2.988,2.048,358,900
555.6300041153102,72.7,1.7,0,0,0,0.0,0.0,0.0,358,900
555.6375848454601,72.7,1.7,1,0,0,3.311,2.988,2.048,358,900
555.7485117685288,72.7,1.7,2,0,0,7.006,5.591,4.53,358,900
555.7693704818979,72.7,1.7,3,1,0,17.589,12.354,12.134,359,900
555.782963402252,72.7,1.7,3,0,0,10.385,7.547,7.321,359,900
555.8775674662518,72.7,1.7,2,0,0,7.006,5.591,4.53,359,900
555.9532185835865,72.7,1.7,1,0,0,3.311,2.988,2.048,359,900
555.9692894367121,72.7,1.7,2,0,0,7.006,5.591,4.53,359,900
555.9845098434832,72.7,1.7,1,0,0,3.311,2.988,2.048,359,900
556.0745752821497,72.7,1.7,2,0,0,7.006,5.591,4.53,359,900
556.1113725776266,72.7,1.7,1,0,0,3.311,2.988,2.048,359,900
556.2062421642671,72.7,1.7,2,0,0,7.006,5.591,4.53,359,900
556.2834309252142,72.7,18.77389253725821,1,0,0,3.311,2.988,2.048,359,900
556.3521325703616,72.7,25.9,0,0,0,0.0,0.0,0.0,359,900
556.4504002691816,72.7,25.9,1,0,0,3.311,2.988,2.048,359,900
556.5995017484561,72.7,25.9,0,0,0,0.0,0.0,0.0,359,900
556.7008802654559,72.7,25.9,1,0,0,3.311,2.988,2.048,359,900
556.85306638591,72.7,25.9,0,0,0,0.0,0.0,0.0,359,900
556.8865708191316,72.7,25.9,1,0,0,3.311,2.988,2.048,359,900
556.9576934500899,72.65523919188797,25.9,2,0,0,7.006,5.591,4.53,359,900
557.1128353157239,72.6,25.9,1,0,0,3.311,2.988,2.048,359,900
557.2205933570838,72.6,25.9,2,0,0,7.006,5.591,4.53,359,900
557.2549045362354,72.6,25.9,1,0,0,3.311,2.988,2.048,359,900
557.3488218967831,72.6,25.9,2,0,0,7.006,5.591,4.53,359,900
557.4167703278981,72.6,25.9,1,0,0,3.311,2.988,2.048,359,900
557.5293565329141,72.6,25.9,2,0,0,7.006,5.591,4.53,359,900
557.6158882768709,72.6,25.9,1,0,0,3.311,2.988,2.048,359,900
557.7316177845031,72.6,25.9,0,0,0,0.0,0.0,0.0,359,900
557.8498294904415,72.6,25.9,1,0,0,3.311,2.988,2.048,359,900
558.055213801858,72.6,25.9,0,0,0,0.0,0.0,0.0,359,900
558.1770921526249,72.6,25.9,1,0,0,3.311,2.988,2.048,359,900
558.3871357798707,72.6,1.78,0,0,0,0.0,0.0,0.0,359,900
558.4426533948435,72.6,1.78,0,0,1,0.528,0.57,0.438,359,900
558.4829356668436,72.6,1.78,0,0,0,0.0,0.0,0.0,359,900
558.512738949466,72.6,1.78,1,0,0,3.311,2.988,2.048,359,900
558.7263713645395,72.6,1.78,0,0,0,0.0,0.0,0.0,359,900
559.283295873963,72.6,1.78,1,0,0,3.311,2.988,2.048,360,900
559.5487820216498,72.6,1.78,0,0,0,0.0,0.0,0.0,360,900
559.5994626286588,72.6,1.78,1,1,0,9.246,7.695,5.518,361,900
559.6165626286587,72.6,1.78,1,0,0,3.311,2.988,2.048,361,900
559.6388481463397,72.6,1.78,2,1,0,13.279,10.07,9.16,362,900
559.6540560671318,72.6,1.78,2,0,0,7.006,5.591,4.53,362,900
559.7111666926589,72.6,1.78,1,0,0,3.311,2.988,2.048,362,900
559.748660131132,72.6,1.78,0,0,0,0.0,0.0,0.0,362,900
559.8105680799698,72.6,1.78,1,0,0,3.311,2.988,2.048,362,900
559.8461937308749,72.6,1.78,2,0,0,7.006,5.591,4.53,362,900
559.9604029997308,72.6,1.78,1,0,0,3.311,2.988,2.048,362,900
559.994143263185,72.6,1.78,0,0,0,0.0,0.0,0.0,362,900
560.0634585371952,72.6,1.78,1,0,0,3.311,2.988,2.048,362,900
560.0952078139014,72.6,1.78,2,0,0,7.006,5.591,4.53,362,900
560.2174081474558,72.6,1.783627015804359,2,1,0,13.279,10.07,9.16,363,900
560.25481554411,72.6,1.8134444068283035,1,1,0,9.246,7.695,5.518,363,900
560.2845562341853,72.6,1.8371506752302675,0,1,0,4.554,4.957,2.003,363,900
560.3215970380386,72.48265599386696,1.86,0,0,0,0.0,0.0,0.0,363,900
560.3621899011782,71.91391331535938,1.86,1,0,0,3.311,2.988,2.048,363,900
560.3897988054426,71.52708762858654,1.86,2,0,0,7.006,5.591,4.53,363,900
560.5575953916967,71.2,1.86,1,0,0,3.311,2.988,2.048,363,900
560.5830549102676,71.2,1.86,0,0,0,0.0,0.0,0.0,363,900
560.6691669063692,71.2,1.86,1,0,0,3.311,2.988,2.048,363,900
560.6923538400664,71.2,1.86,2,0,0,7.006,5.591,4.53,363,900
560.868382224492,71.2,1.86,1,0,0,3.311,2.988,2.048,363,900
560.8892789734326,71.2,1.86,0,0,0,0.0,0.0,0.0,363,900
560.9840647197689,71.2,1.86,1,0,0,3.311,2.988,2.048,363,900
561.0025683387727,71.2,1.86,2,0,0,7.006,5.591,4.53,363,900
561.1692978718972,77.4,1.89,1,0,0,3.311,2.988,2.048,363,900
561.2035485166804,77.4,1.89,0,0,0,0.0,0.0,0.0,363,900
561.2704052466842,77.4,1.89,1,0,0,3.311,2.988,2.048,363,900
561.3212009565616,77.4,1.89,2,0,0,7.006,5.591,4.53,363,900
561.4595988384224,77.4,1.89,1,0,0,3.311,2.988,2.048,363,900
561.5270536190109,77.4,1.89,0,0,0,0.0,0.0,0.0,363,900
561.5637610248184,77.4,1.89,1,0,0,3.311,2.988,2.048,363,900
561.6486729154334,77.4,6.073256528794019,2,0,0,7.006,5.591,4.53,363,900
561.7552364321652,77.4,13.7,1,0,0,3.311,2.988,2.048,363,900
561.8577194384234,77.4,13.7,0,0,0,0.0,0.0,0.0,363,900
562.824384108047,77.4,13.7,1,1,0,9.246,7.695,5.518,364,900
562.8576841080468,77.4,13.7,1,0,0,3.311,2.988,2.048,364,900
562.9899189240467,77.4,13.7,0,0,0,0.0,0.0,0.0,364,900
563.1062132416841,77.4,13.7,1,0,0,3.311,2.988,2.048,364,900
563.1452358881714,77.4,13.7,2,0,0,7.006,5.591,4.53,364,900
563.2660880493879,77.4,13.7,3,0,0,10.385,7.547,7.321,364,900
563.3103620215081,77.4,13.7,2,0,0,7.006,5.591,4.53,364,900
563.3958086156623,77.4,13.7,1,0,0,3.311,2.988,2.048,364,900
563.43235740764,77.4,13.7,2,0,0,7.006,5.591,4.53,364,900
563.5292897453879,77.4,13.7,1,0,0,3.311,2.988,2.048,364,900
563.6421856209588,77.4,14.864976376353988,0,0,0,0.0,0.0,0.0,364,900
565.7604333684843,77.0,4.57,1,1,0,9.246,7.695,5.518,365,900
565.7915685036193,77.0,4.57,1,0,0,3.311,2.988,2.048,365,900
565.9238033196187,77.0,4.57,0,0,0,0.0,0.0,0.0,365,900
566.2007299458708,77.0,4.57,0,0,1,0.528,0.57,0.438,365,900
566.2576122178707,77.0,4.57,0,0,0,0.0,0.0,0.0,365,900
566.6765893965835,77.0,4.57,1,0,0,3.311,2.988,2.048,365,900
567.1112480612351,77.0,4.57,2,1,0,13.279,10.07,9.16,366,900
567.214248061235,77.0,4.57,2,0,0,7.006,5.591,4.53,366,900
567.346482877235,77.0,4.57,1,0,0,3.311,2.988,2.048,366,900
567.41689381787,77.0,4.57,2,1,0,13.279,10.07,9.16,367,900
567.4305471512033,77.0,4.57,2,0,0,7.006,5.591,4.53,367,900
567.5251512152032,77.0,4.57,1,0,0,3.311,2.988,2.048,367,900
567.6170905836475,77.0,6.052205413646978,2,0,0,7.006,5.591,4.53,367,900
567.695611691174,77.0,28.9724215005699,1,0,0,3.311,2.988,2.048,367,900
567.7593931710549,71.3089847359799,33.7,0,0,0,0.0,0.0,0.0,367,900
567.85449449524,65.0,33.7,1,0,0,3.311,2.988,2.048,367,900
568.000618687388,65.0,33.7,0,0,0,0.0,0.0,0.0,367,900
568.0991324633142,65.0,33.7,1,0,0,3.311,2.988,2.048,367,900
568.1334636906491,65.0,33.7,1,0,1,3.994,3.474,2.656,367,900
568.1897459626491,65.0,33.7,1,0,0,3.311,2.988,2.048,367,900
568.248482068203,65.0,33.7,0,0,0,0.0,0.0,0.0,367,900
568.3501210018699,65.0,33.7,1,0,0,3.311,2.988,2.048,367,900
568.5025695874997,65.0,33.7,0,0,0,0.0,0.0,0.0,367,900
568.6074714079072,65.0,33.7,1,0,0,3.311,2.988,2.048,367,900
568.7628900782776,65.0,33.7,0,0,0,0.0,0.0,0.0,367,900
568.8709372154259,65.0,33.7,1,0,0,3.311,2.988,2.048,367,900
569.067405330537,65.0,33.7,0,0,0,0.0,0.0,0.0,367,900
569.1744463400968,65.0,33.7,1,0,0,3.311,2.988,2.048,367,900
569.3484275626498,65.0,33.7,2,1,0,13.279,10.07,9.16,368,900
569.3668091463243,65.0,33.7,1,1,0,9.246,7.695,5.518,368,900
569.3780275626498,65.0,33.7,1,0,0,3.311,2.988,2.048,368,900
569.4412083626497,65.0,33.7,0,0,0,0.0,0.0,0.0,368,900
569.4746608640701,65.0,33.7,1,0,0,3.311,2.988,2.048,368,900
569.531148619941,65.0,33.7,2,0,0,7.006,5.591,4.53,368,900
569.6696192526045,65.0,33.7,1,0,0,3.311,2.988,2.048,368,900
569.6715748593039,65.0,33.7,0,0,0,0.0,0.0,0.0,368,900
569.7645552950971,65.0,17.00216052872501,1,0,0,3.311,2.988,2.048,368,900
569.7806101376573,65.0,11.894454288698359,2,0,0,7.006,5.591,4.53,368,900
569.9088247529622,65.0,1.82,1,0,0,3.311,2.988,2.048,368,900
569.9797003644984,65.0,1.82,0,0,0,0.0,0.0,0.0,368,900
570.0048611102576,65.0,1.82,1,0,0,3.311,2.988,2.048,368,900
570.0938885908585,65.0,1.82,2,0,0,7.006,5.591,4.53,368,900
570.1519885066252,65.0,1.82,1,0,0,3.311,2.988,2.048,368,900
570.2512015554228,65.0,1.82,2,0,0,7.006,5.591,4.53,368,900
570.2960401280064,65.0,1.82,1,0,0,3.311,2.988,2.048,368,900
570.4013386022922,65.0,1.82,0,0,0,0.0,0.0,0.0,368,900
570.5037149335923,65.0,1.82,1,0,0,3.311,2.988,2.048,368,900
570.6566538229641,65.0,1.82,0,0,0,0.0,0.0,0.0,368,900
570.7622757717662,65.0,1.82,1,0,0,3.311,2.988,2.048,368,900
570.8410222166737,65.0,1.82,2,0,0,7.006,5.591,4.53,368,900
570.9187369836399,65.0,1.82,1,0,0,3.311,2.988,2.048,368,900
571.0274064637769,65.0,1.82,2,0,0,7.006,5.591,4.53,368,900
571.093840662012,65.0,1.82,1,0,0,3.311,2.988,2.048,368,900
571.2234780479198,46.8,1.82,0,0,0,0.0,0.0,0.0,368,900
571.3354221830627,46.8,1.82,1,0,0,3.311,2.988,2.048,368,900
571.5345148277769,46.8,1.82,0,0,0,0.0,0.0,0.0,368,900
571.6500815284915,46.8,1.82,1,0,0,3.311,2.988,2.048,368,900
571.8535089937774,46.8,3.27,0,0,0,0.0,0.0,0.0,368,900
571.972638801063,46.8,3.27,1,0,0,3.311,2.988,2.048,368,900
572.1794212469202,46.8,3.27,0,0,0,0.0,0.0,0.0,368,900
572.3020846277769,46.8,3.27,1,0,0,3.311,2.988,2.048,368,900
572.5120805822052,46.8,3.27,0,0,0,0.0,0.0,0.0,368,900
572.8091109796336,46.8,3.27,1,0,0,3.311,2.988,2.048,368,900
573.0682827649189,46.8,3.27,0,0,0,0.0,0.0,0.0,368,900
573.1797121406591,46.8,3.27,1,1,0,9.246,7.695,5.518,369,900
573.1977827288943,46.8,3.27,1,0,0,3.311,2.988,2.048,369,900
573.2923867928943,46.8,3.27,0,0,0,0.0,0.0,0.0,369,900
573.3932332703845,46.8,3.27,1,1,0,9.246,7.695,5.518,370,900
573.4002217904236,46.8,3.27,2,1,0,13.279,10.07,9.16,370,900
573.4476332703844,46.8,3.27,2,0,0,7.006,5.591,4.53,370,900
573.5336859534937,46.8,3.27,3,1,0,17.589,12.354,12.134,371,900
573.5422373343844,46.8,3.27,2,1,0,13.279,10.07,9.16,371,900
573.5639023469363,46.8,3.27,2,0,0,7.006,5.591,4.53,371,900
573.5956426850508,46.8,3.27,1,0,0,3.311,2.988,2.048,371,900
573.6394447583845,46.8,3.27,2,0,0,7.006,5.591,4.53,371,900
573.6961371629365,46.8,3.27,1,0,0,3.311,2.988,2.048,371,900
573.7084480593649,46.8,3.27,2,0,0,7.006,5.591,4.53,371,900
573.7865524383847,46.8,27.589363010626148,1,0,0,3.311,2.988,2.048,371,900
573.8836810773844,46.8,36.0,2,0,0,7.006,5.591,4.53,371,900
573.9090157787765,46.8,36.0,1,0,0,3.311,2.988,2.048,371,900
574.0266886508746,46.8,36.0,2,0,0,7.006,5.591,4.53,371,900
574.031837409846,46.8,36.0,1,0,0,3.311,2.988,2.048,371,900
574.132490163692,46.8,36.0,2,0,0,7.006,5.591,4.53,371,900
574.2328439310709,46.8,36.0,1,0,0,3.311,2.988,2.048,371,900
574.3213129367693,46.8,36.0,0,0,0,0.0,0.0,0.0,371,900
574.3292877930367,46.8,36.0,0,1,0,4.554,4.957,2.003,372,900
574.3553803949533,46.8,36.0,1,1,0,9.246,7.695,5.518,372,900
574.4256127764617,46.8,36.0,2,1,0,13.279,10.07,9.16,372,900
574.5656359399336,59.90180759261462,36.0,1,1,0,9.246,7.695,5.518,372,900
574.5727913971236,61.664303328523125,36.0,1,0,0,3.311,2.988,2.048,372,900
574.6174346633848,71.5,36.0,0,0,0,0.0,0.0,0.0,372,900
574.7257695499231,71.5,36.0,1,0,0,3.311,2.988,2.048,372,900
574.9215640546928,71.5,36.0,0,0,0,0.0,0.0,0.0,372,900
575.0335429180774,71.5,36.0,1,0,0,3.311,2.988,2.048,372,900
575.2338100086929,71.5,36.0,0,0,0,0.0,0.0,0.0,372,900
575.3496136849234,71.5,36.0,1,0,0,3.311,2.988,2.048,372,900
575.5530295853853,71.5,36.0,0,0,0,0.0,0.0,0.0,372,900
575.672813172462,71.5,36.0,1,0,0,3.311,2.988,2.048,372,900
575.8766368514919,71.5,7.1,0,0,0,0.0,0.0,0.0,372,900
575.9966110060255,71.5,7.1,1,0,0,3.311,2.988,2.048,372,900
576.2044667017027,71.5,7.1,0,0,0,0.0,0.0,0.0,372,900
576.9593466845997,71.5,7.1,1,0,0,3.311,2.988,2.048,372,900
576.9690454033855,71.5,7.1,2,0,0,7.006,5.591,4.53,372,900
577.2304809153679,71.5,7.1,1,0,0,3.311,2.988,2.048,372,900
577.2882899932943,71.5,7.1,0,0,0,0.0,0.0,0.0,372,900
577.5140552161726,71.5,7.1,0,1,0,4.554,4.957,2.003,373,900
577.7912109941722,71.5,7.1,0,0,0,0.0,0.0,0.0,373,900
579.678756254541,49.0,91.4,0,0,1,0.528,0.57,0.438,373,900
579.718038526541,49.0,91.4,0,0,0,0.0,0.0,0.0,373,900
579.7875344725492,49.0,91.4,1,1,0,9.246,7.695,5.518,374,900
579.8593344725492,49.0,49.3153443006341,1,0,0,3.311,2.988,2.048,374,900
579.9915692885493,49.0,1.69,0,0,0,0.0,0.0,0.0,374,900
580.8717534967526,49.0,1.69,1,1,0,9.246,7.695,5.518,375,900
580.8843534967525,49.0,1.69,1,0,0,3.311,2.988,2.048,375,900
580.9475342967525,49.0,1.69,0,0,0,0.0,0.0,0.0,375,900
581.0337387970061,49.0,1.69,1,0,0,3.311,2.988,2.048,375,900
581.139463118998,49.0,1.69,0,0,0,0.0,0.0,0.0,375,900
581.2001175352339,49.0,1.69,1,1,0,9.246,7.695,5.518,376,900
581.2167475383355,49.0,1.69,1,0,0,3.311,2.988,2.048,376,900
581.2280653646825,49.0,1.69,2,0,0,7.006,5.591,4.53,376,900
581.3113516023355,49.0,1.69,1,0,0,3.311,2.988,2.048,376,900
581.3675909531053,49.0,1.69,0,0,0,0.0,0.0,0.0,376,900
581.4203547598687,48.922264342578345,1.69,1,0,0,3.311,2.988,2.048,376,900
581.4591779989588,48.530624351793314,1.69,2,0,0,7.006,5.591,4.53,376,900
581.5798819258968,48.0,1.69,1,0,0,3.311,2.988,2.048,376,900
581.6014576355507,48.0,1.69,0,0,0,0.0,0.0,0.0,376,900
581.6931725658947,48.0,1.69,1,0,0,3.311,2.988,2.048,376,900
581.6957153385731,48.0,1.69,2,0,0,7.006,5.591,4.53,376,900
581.8406976313343,48.0,1.6815262231532933,1,0,0,3.311,2.988,2.048,376,900
581.8948551513879,48.0,1.6651858407205933,0,0,0,0.0,0.0,0.0,376,900
581.9380404525257,48.0,1.66,1,0,0,3.311,2.988,2.048,376,900
582.0131884193461,48.0,1.66,2,0,0,7.006,5.591,4.53,376,900
582.0858473214557,48.0,1.66,1,0,0,3.311,2.988,2.048,376,900
582.1861023698161,48.0,1.66,2,0,0,7.006,5.591,4.53,376,900
582.2196432967987,48.0,1.66,1,0,0,3.311,2.988,2.048,376,900
582.3368545509154,48.0,1.66,0,0,0,0.0,0.0,0.0,376,900
582.3428975307171,48.0,1.66,1,0,0,3.311,2.988,2.048,376,900
582.4400043174451,48.0,1.66,2,0,0,7.006,5.591,4.53,376,900
582.5538860441302,48.0,1.66,1,0,0,3.311,2.988,2.048,376,900
582.5936730107132,48.0,1.66,0,0,0,0.0,0.0,0.0,376,900
582.6819953210086,48.0,1.66,1,0,0,3.311,2.988,2.048,376,900
582.6995414364121,48.0,1.66,2,0,0,7.006,5.591,4.53,376,900
582.8443362899188,48.0,1.66,3,1,0,17.589,12.354,12.134,377,900
582.8557078258493,48.0,1.66,2,1,0,13.279,10.07,9.16,377,900
582.8577903045173,48.0,1.66,2,0,0,7.006,5.591,4.53,377,900
582.8979034863818,48.0,1.66,1,0,0,3.311,2.988,2.048,377,900
582.9209711045172,48.0,1.66,0,0,0,0.0,0.0,0.0,377,900
582.9844860104678,48.0,1.66,1,0,0,3.311,2.988,2.048,377,900
583.0117370459186,48.0,1.66,2,0,0,7.006,5.591,4.53,377,900
583.03124044522,48.0,1.66,3,0,0,10.385,7.547,7.321,377,900
583.1529968236996,48.0,1.66,2,0,0,7.006,5.591,4.53,377,900
583.2007303546671,48.0,1.66,1,0,0,3.311,2.988,2.048,377,900
583.2468579237581,48.0,1.66,2,0,0,7.006,5.591,4.53,377,900
583.2528857025534,48.0,1.66,1,0,0,3.311,2.988,2.048,377,900
583.3339410639318,48.0,1.66,2,0,0,7.006,5.591,4.53,377,900
583.391054125352,48.0,1.66,3,0,0,10.385,7.547,7.321,377,900
583.3920159001962,48.0,1.66,2,0,0,7.006,5.591,4.53,377,900
583.4889879019117,48.0,1.66,3,0,0,10.385,7.547,7.321,377,900
583.5551120447776,48.0,1.66,2,0,0,7.006,5.591,4.53,377,900
583.616757850646,48.0,1.66,1,0,0,3.311,2.988,2.048,377,900
583.637058797007,48.0,1.66,0,0,0,0.0,0.0,0.0,377,900
583.6923469936885,48.0,1.66,1,0,0,3.311,2.988,2.048,377,900
583.6977558425505,48.0,1.66,2,0,0,7.006,5.591,4.53,377,900
583.7372624703793,48.0,1.66,3,0,0,10.385,7.547,7.321,377,900
583.888397996131,48.0,1.66,2,0,0,7.006,5.591,4.53,377,900
583.9180742751798,48.0,2.5745442865987522,1,0,0,3.311,2.988,2.048,377,900
583.9918199321602,48.0,15.128006259680948,2,0,0,7.006,5.591,4.53,377,900
584.0329878956933,48.0,18.7,1,0,0,3.311,2.988,2.048,377,900
584.0598744207366,48.0,18.7,2,0,0,7.006,5.591,4.53,377,900
584.1458122805689,48.0,18.7,1,0,0,3.311,2.988,2.048,377,900
584.2525348142549,48.0,18.7,2,0,0,7.006,5.591,4.53,377,900
584.2892466108738,48.0,18.7,1,0,0,3.311,2.988,2.048,377,900
584.4101044653203,48.0,18.7,0,0,0,0.0,0.0,0.0,377,900
584.4352909280763,48.0,18.7,1,0,0,3.311,2.988,2.048,377,900
584.5196254182964,48.0,18.7,2,0,0,7.006,5.591,4.53,377,900
584.6692237708596,48.0,18.7,1,0,0,3.311,2.988,2.048,377,900
584.7159816246723,48.0,18.7,0,0,0,0.0,0.0,0.0,377,900
584.8282238325502,46.51542743241696,18.7,1,0,0,3.311,2.988,2.048,377,900
584.8429134168595,45.15711891528589,18.7,2,0,0,7.006,5.591,4.53,377,900
585.0276164714996,38.7,18.7,1,0,0,3.311,2.988,2.048,377,900
585.0425401954034,38.7,18.7,2,0,0,7.006,5.591,4.53,377,900
585.078614089031,38.7,18.7,1,0,0,3.311,2.988,2.048,377,900
585.1434966169516,38.7,18.7,2,0,0,7.006,5.591,4.53,377,900
585.3472394484755,38.7,18.7,1,0,0,3.311,2.988,2.048,377,900
585.3675556855954,38.7,18.7,0,0,0,0.0,0.0,0.0,377,900
585.4666980725015,38.7,18.7,1,0,0,3.311,2.988,2.048,377,900
585.6738112565988,38.7,18.7,0,0,0,0.0,0.0,0.0,377,900
585.7968188261985,38.7,18.7,1,0,0,3.311,2.988,2.048,377,900
586.0071608908701,38.7,2.705332831523716,0,0,0,0.0,0.0,0.0,377,900
586.3045508490438,38.7,1.83,1,0,0,3.311,2.988,2.048,377,900
586.5640918025762,38.7,1.83,0,0,0,0.0,0.0,0.0,377,900
587.0061344403684,38.7,1.83,1,1,0,9.246,7.695,5.518,378,900
587.0185549255436,38.7,1.83,1,0,0,3.311,2.988,2.048,378,900
587.0681335182946,38.7,1.83,2,1,0,13.279,10.07,9.16,379,900
587.0817357255436,38.7,1.83,1,1,0,9.246,7.695,5.518,379,900
587.0923224946724,38.7,1.83,1,0,0,3.311,2.988,2.048,379,900
587.1688175245355,38.7,1.83,2,0,0,7.006,5.591,4.53,379,900
587.2245573106725,38.7,1.83,1,0,0,3.311,2.988,2.048,379,900
587.275427490557,38.7,1.83,0,0,0,0.0,0.0,0.0,379,900
587.3649571067268,38.7,1.83,1,0,0,3.311,2.988,2.048,379,900
587.5054184109262,38.7,1.83,0,0,0,0.0,0.0,0.0,379,900
587.5565310422478,38.7,1.83,1,1,0,9.246,7.695,5.518,380,900
587.5719424134853,38.7,1.83,1,0,0,3.311,2.988,2.048,380,900
587.5979912443033,38.7,1.83,2,0,0,7.006,5.591,4.53,380,900
587.6665464774852,38.7,1.83,1,0,0,3.311,2.988,2.048,380,900
587.7412650137104,38.7,1.83,0,0,0,0.0,0.0,0.0,380,900
587.7648121999802,38.7,1.83,1,0,0,3.311,2.988,2.048,380,900
587.8365669212953,38.7,1.83,2,0,0,7.006,5.591,4.53,380,900
587.9135007537262,38.7,2.511610948063452,1,0,0,3.311,2.988,2.048,380,900
587.9826017639103,38.7,38.77145262752743,0,0,0,0.0,0.0,0.0,380,900
588.0167600347557,38.7,54.3,1,0,0,3.311,2.988,2.048,380,900
588.0810472067026,38.7,54.3,2,0,0,7.006,5.591,4.53,380,900
588.2212486976679,38.7,54.3,1,0,0,3.311,2.988,2.048,380,900
588.2299650425241,38.7,54.3,0,0,0,0.0,0.0,0.0,380,900
588.3313811295242,38.7,54.3,1,0,0,3.311,2.988,2.048,380,900
588.3425601573235,38.7,54.3,2,0,0,7.006,5.591,4.53,380,900
588.4833026945538,44.315330277581594,54.3,1,0,0,3.311,2.988,2.048,380,900
588.5520178142282,46.6,54.3,0,0,0,0.0,0.0,0.0,380,900
588.5804821521232,46.6,54.3,1,1,0,9.246,7.695,5.518,381,900
588.5876719167616,46.6,54.3,2,1,0,13.279,10.07,9.16,381,900
588.6015232480137,46.6,54.3,2,0,0,7.006,5.591,4.53,381,900
588.6784469418756,46.6,54.3,3,0,0,10.385,7.547,7.321,381,900
588.7337580640137,46.6,54.3,2,0,0,7.006,5.591,4.53,381,900
588.7425684109988,46.6,54.3,1,0,0,3.311,2.988,2.048,381,900
588.8497147094138,46.6,54.3,2,0,0,7.006,5.591,4.53,381,900
588.8529080270044,46.6,54.3,3,0,0,10.385,7.547,7.321,381,900
588.8926349367717,46.6,54.3,2,0,0,7.006,5.591,4.53,381,900
589.0071673168587,46.6,54.3,1,0,0,3.311,2.988,2.048,381,900
589.0241158094111,46.6,54.3,2,0,0,7.006,5.591,4.53,381,900
589.0599391093152,46.6,54.3,1,0,0,3.311,2.988,2.048,381,900
589.1174058204815,46.6,54.3,2,0,0,7.006,5.591,4.53,381,900
589.2434201582989,46.6,54.3,1,0,0,3.311,2.988,2.048,381,900
589.3163958418767,46.6,54.3,0,0,0,0.0,0.0,0.0,381,900
589.3803254149296,46.6,54.3,1,0,0,3.311,2.988,2.048,381,900
589.4342819818282,46.6,54.3,2,0,0,7.006,5.591,4.53,381,900
589.6055635578095,46.6,54.3,1,0,0,3.311,2.988,2.048,381,900
589.6400372435061,46.6,54.3,0,0,0,0.0,0.0,0.0,381,900
589.747496980432,46.6,54.3,1,0,0,3.311,2.988,2.048,381,900
589.7612184242664,46.6,54.3,2,0,0,7.006,5.591,4.53,381,900
589.9708007877533,46.6,54.3,1,0,0,3.311,2.988,2.048,381,900
589.9769902933039,46.6,54.3,0,0,0,0.0,0.0,0.0,381,900
590.0958179663227,46.6,12.653083755613125,1,0,0,3.311,2.988,2.048,381,900
590.308316039618,46.6,4.71,0,0,0,0.0,0.0,0.0,381,900
590.4368481909961,46.6,4.71,1,0,0,3.311,2.988,2.048,381,900
590.6531777181007,46.6,4.71,0,0,0,0.0,0.0,0.0,381,900
590.9468088581119,46.6,4.71,1,0,0,3.311,2.988,2.048,381,900
591.3223622797015,46.6,4.71,0,0,0,0.0,0.0,0.0,381,900
591.4067343399191,46.6,4.71,1,0,0,3.311,2.988,2.048,381,900
591.7082368198971,46.6,4.71,0,0,0,0.0,0.0,0.0,381,900
591.7989017491752,38.09045144328184,4.71,0,1,0,4.554,4.957,2.003,382,900
591.9816938908112,36.8,4.71,0,0,0,0.0,0.0,0.0,382,900
592.4582746903166,36.8,1.99,1,0,0,3.311,2.988,2.048,382,900
592.7613503873964,36.8,1.99,0,0,0,0.0,0.0,0.0,382,900
593.8115414206939,36.8,1.99,0,1,0,4.554,4.957,2.003,383,900
593.9045134149101,36.8,1.99,0,0,0,0.0,0.0,0.0,383,900
594.4934353142701,36.8,1.83,1,1,0,9.246,7.695,5.518,384,900
594.506042701411,36.8,1.83,1,0,0,3.311,2.988,2.048,384,900
594.600646765411,36.8,1.83,0,0,0,0.0,0.0,0.0,384,900
594.6888222639664,36.8,1.83,1,0,0,3.311,2.988,2.048,384,900
594.8273255151018,36.8,1.83,0,0,0,0.0,0.0,0.0,384,900
594.9184147047174,36.8,1.83,1,0,0,3.311,2.988,2.048,384,900
595.0604912959129,36.8,1.83,0,0,0,0.0,0.0,0.0,384,900
595.1435092105972,44.846819313749336,1.83,1,1,0,9.246,7.695,5.518,385,900
595.1491234715778,46.271175559592706,1.83,1,1,1,9.384,7.485,6.716,385,900
595.154744672589,47.69729251377696,1.83,2,1,1,13.839,10.395,10.164,385,900
595.2053057435782,60.52480044570065,1.83,2,1,0,13.279,10.07,9.16,385,900
595.2705092105975,62.2,1.83,2,0,0,7.006,5.591,4.53,385,900
595.2997984118449,62.2,1.83,1,0,0,3.311,2.988,2.048,385,900
595.3969286815809,62.2,1.83,2,0,0,7.006,5.591,4.53,385,900
595.4027440265976,62.2,1.83,1,0,0,3.311,2.988,2.048,385,900
595.5448331368968,62.2,1.83,0,0,0,0.0,0.0,0.0,385,900
595.6529400498969,62.2,1.83,1,0,0,3.311,2.988,2.048,385,900
595.811100849897,62.2,1.83,0,0,0,0.0,0.0,0.0,385,900
595.9191123388969,62.2,1.83,1,0,0,3.311,2.988,2.048,385,900
596.1150818428965,62.2,1.68,0,0,0,0.0,0.0,0.0,385,900
596.2230715708965,62.2,1.68,1,0,0,3.311,2.988,2.048,385,900
596.3638873435775,62.2,1.68,2,1,0,13.279,10.07,9.16,386,900
596.3767409000628,62.2,1.68,2,0,0,7.006,5.591,4.53,386,900
596.418770115724,62.2,1.68,1,0,0,3.311,2.988,2.048,386,900
596.4713449640628,62.2,1.68,0,0,0,0.0,0.0,0.0,386,900
596.5372135421086,62.2,1.68,1,0,0,3.311,2.988,2.048,386,900
596.5604063106571,62.2,1.68,2,0,0,7.006,5.591,4.53,386,900
596.6998037570451,62.2,1.68,1,0,0,3.311,2.988,2.048,386,900
596.7428310487243,62.2,1.68,0,0,0,0.0,0.0,0.0,386,900
596.7918372251944,62.2,1.68,1,0,0,3.311,2.988,2.048,386,900
596.8649529179551,62.2,1.68,2,0,0,7.006,5.591,4.53,386,900
596.9348664421373,62.2,1.68,1,0,0,3.311,2.988,2.048,386,900
597.0301225278416,62.2,1.68,2,0,0,7.006,5.591,4.53,386,900
597.0752415384168,62.2,1.68,1,0,0,3.311,2.988,2.048,386,900
597.1761873233395,62.2,1.68,0,0,0,0.0,0.0,0.0,386,900
597.2011000244937,62.2,1.68,1,0,0,3.311,2.988,2.048,386,900
597.2743787325993,62.2,1.68,2,0,0,7.006,5.591,4.53,386,900
597.4149892308014,62.2,1.68,1,0,0,3.311,2.988,2.048,386,900
597.423352674652,62.2,1.68,0,0,0,0.0,0.0,0.0,386,900
597.5246171364666,62.2,1.68,1,0,0,3.311,2.988,2.048,386,900
597.5448089117245,62.2,1.68,2,0,0,7.006,5.591,4.53,386,900
597.676371329075,62.2,1.68,1,0,0,3.311,2.988,2.048,386,900
597.7622360158788,62.2,1.68,0,0,0,0.0,0.0,0.0,386,900
597.7805912734447,62.2,1.68,1,0,0,3.311,2.988,2.048,386,900
597.9732050766081,62.2,1.68,0,0,0,0.0,0.0,0.0,386,900
597.9812183946484,62.2,1.68,1,0,0,3.311,2.988,2.048,386,900
598.0882935144732,62.2,38.8569424912724,2,0,0,7.006,5.591,4.53,386,900
598.2469878791101,62.2,50.5,1,0,0,3.311,2.988,2.048,386,900
598.2911006824734,62.2,50.5,0,0,0,0.0,0.0,0.0,386,900
598.4157030146883,62.2,50.5,1,0,0,3.311,2.988,2.048,386,900
598.6275186246249,62.2,50.5,0,0,0,0.0,0.0,0.0,386,900
598.7561129796164,62.2,50.5,1,0,0,3.311,2.988,2.048,386,900
598.9729132833302,43.3,50.5,0,0,0,0.0,0.0,0.0,386,900
599.1055578350988,43.3,50.5,1,0,0,3.311,2.988,2.048,386,900
599.2380393871023,43.3,50.5,1,0,1,3.994,3.474,2.656,386,900
599.2857216591021,43.3,50.5,1,0,0,3.311,2.988,2.048,386,900
599.3262723045896,43.3,50.5,0,0,0,0.0,0.0,0.0,386,900
599.4631916311353,43.3,50.5,1,0,0,3.311,2.988,2.048,386,900
599.6877575784027,43.3,50.5,0,0,0,0.0,0.0,0.0,386,900
599.9141531827249,43.3,50.5,1,0,0,3.311,2.988,2.048,386,900
600.1874534852141,43.3,6.79,0,0,0,0.0,0.0,0.0,386,900
600.3304784888974,43.3,6.79,0,0,1,0.528,0.57,0.438,386,900
600.4007607608971,43.3,6.79,0,0,0,0.0,0.0,0.0,386,900
600.4417894548317,43.3,6.79,1,1,0,9.246,7.695,5.518,387,900
600.4551266473063,43.3,6.79,1,0,0,3.311,2.988,2.048,387,900
600.5183074473061,43.3,6.79,0,0,0,0.0,0.0,0.0,387,900
600.6086569619168,43.3,6.79,1,0,0,3.311,2.988,2.048,387,900
600.7494963516531,43.3,6.79,0,0,0,0.0,0.0,0.0,387,900
600.8429132961448,43.3,6.79,1,0,0,3.311,2.988,2.048,387,900
600.9876231557628,43.3,6.79,0,0,0,0.0,0.0,0.0,387,900
601.0841232731364,43.3,6.79,1,0,0,3.311,2.988,2.048,387,900
601.179405804701,43.3,6.79,2,1,0,13.279,10.07,9.16,388,900
601.2145058047008,43.3,6.79,2,0,0,7.006,5.591,4.53,388,900
601.2317183226357,43.3,6.79,1,0,0,3.311,2.988,2.048,388,900
601.3091098687011,43.3,6.79,0,0,0,0.0,0.0,0.0,388,900
601.3314223828905,43.3,6.79,1,0,0,3.311,2.988,2.048,388,900
601.4040620450595,43.3,6.79,2,0,0,7.006,5.591,4.53,388,900
601.4820543342711,43.3,6.79,1,0,0,3.311,2.988,2.048,388,900
601.5494058296192,43.3,6.79,0,0,0,0.0,0.0,0.0,388,900
601.5849489284071,43.3,6.79,1,0,0,3.311,2.988,2.048,388,900
601.6477186863863,43.3,6.79,2,0,0,7.006,5.591,4.53,388,900
601.7303526969175,43.3,6.79,2,1,0,13.279,10.07,9.16,389,900
601.7384099736686,43.3,6.79,1,1,0,9.246,7.695,5.518,389,900
601.8342910883547,43.3,6.79,0,1,0,4.554,4.957,2.003,389,900
601.8445774366861,43.3,6.79,1,1,0,9.246,7.695,5.518,389,900
601.8726052491111,43.3,6.79,1,0,0,3.311,2.988,2.048,389,900
601.9365873707317,43.3,6.79,2,0,0,7.006,5.591,4.53,389,900
602.0015880558291,43.3,6.79,1,0,0,3.311,2.988,2.048,389,900
602.1109604237279,43.3,6.79,2,0,0,7.006,5.591,4.53,389,900
602.1268728623106,43.3,15.121699250449062,1,0,0,3.311,2.988,2.048,389,900
602.2615020541718,43.3,62.9,2,0,0,7.006,5.591,4.53,389,900
602.3078932887527,43.3,62.9,1,0,0,3.311,2.988,2.048,389,900
602.4207394066588,40.0,62.9,2,0,0,7.006,5.591,4.53,389,900
602.4839536181353,40.0,62.9,1,0,0,3.311,2.988,2.048,389,900
602.574193912396,40.0,62.9,2,1,0,13.279,10.07,9.16,390,900
602.620093912396,40.0,62.9,2,0,0,7.006,5.591,4.53,390,900
602.6207398486905,40.0,62.9,1,0,0,3.311,2.988,2.048,390,900
602.6241425938165,40.0,62.9,2,0,0,7.006,5.591,4.53,390,900
602.7368693389557,40.0,62.9,3,0,0,10.385,7.547,7.321,390,900
602.752328728396,40.0,62.9,2,0,0,7.006,5.591,4.53,390,900
602.8522185506004,40.0,62.9,1,0,0,3.311,2.988,2.048,390,900
602.9402968042416,40.0,62.9,0,0,0,0.0,0.0,0.0,390,900
602.9983399491016,40.0,62.9,1,0,0,3.311,2.988,2.048,390,900
603.0594266115274,40.0,62.9,2,0,0,7.006,5.591,4.53,390,900
603.2328577387053,40.0,62.9,1,0,0,3.311,2.988,2.048,390,900
603.2662090573847,40.0,62.9,0,0,0,0.0,0.0,0.0,390,900
603.3845153420267,40.0,62.9,1,0,0,3.311,2.988,2.048,390,900
603.388872438242,40.0,62.9,2,0,0,7.006,5.591,4.53,390,900
603.5988683926706,40.0,62.9,1,0,0,3.311,2.988,2.048,390,900
603.6237963404506,40.0,62.9,0,0,0,0.0,0.0,0.0,390,900
603.7812975015917,40.0,62.9,1,0,0,3.311,2.988,2.048,390,900
603.8958987900993,40.0,62.9,2,0,0,7.006,5.591,4.53,390,900
604.0265219328351,40.0,62.9,1,0,0,3.311,2.988,2.048,390,900
604.1550705753846,40.0,62.9,0,0,0,0.0,0.0,0.0,390,900
605.1298519717959,40.0,48.7,1,0,0,3.311,2.988,2.048,390,900
605.4400169081143,40.0,48.7,0,0,0,0.0,0.0,0.0,390,900
606.8318995481065,65.9,55.2,0,0,1,0.528,0.57,0.438,391,900
606.9042818201065,65.9,55.2,0,0,0,0.0,0.0,0.0,391,900
607.9122041699085,65.9,55.2,0,1,0,4.554,4.957,2.003,392,900
608.0207216500362,65.9,55.2,0,0,0,0.0,0.0,0.0,392,900
608.0790634201069,65.9,55.2,1,1,0,9.246,7.695,5.518,393,900
608.0930908173673,65.9,55.2,1,0,0,3.311,2.988,2.048,393,900
608.1876948813672,65.9,55.2,0,0,0,0.0,0.0,0.0,393,900
608.2809803304813,65.9,55.2,1,0,0,3.311,2.988,2.048,393,900
608.4246416824751,65.9,14.5,0,0,0,0.0,0.0,0.0,393,900
608.5211778747475,65.9,14.5,1,0,0,3.311,2.988,2.048,393,900
608.6687496188997,65.9,14.5,0,0,0,0.0,0.0,0.0,393,900
608.7687870503304,65.9,14.5,1,0,0,3.311,2.988,2.048,393,900
608.772245154212,65.9,14.5,1,0,1,3.994,3.474,2.656,393,900
608.8513274262117,65.9,14.5,1,0,0,3.311,2.988,2.048,393,900
608.9569893786406,65.9,14.5,0,0,0,0.0,0.0,0.0,393,900
609.0606329171093,65.9,14.5,1,0,0,3.311,2.988,2.048,393,900
609.2517933804579,50.283909632948195,14.5,0,0,0,0.0,0.0,0.0,393,900
609.2982988685775,32.09740447326632,14.5,0,1,0,4.554,4.957,2.003,394,900
609.3594309869648,26.7,14.5,1,1,0,9.246,7.695,5.518,394,900
609.3920920092148,26.7,14.5,1,0,0,3.311,2.988,2.048,394,900
609.5545230893513,26.7,14.5,0,0,0,0.0,0.0,0.0,394,900
609.6657636938962,26.7,14.5,1,0,0,3.311,2.988,2.048,394,900
609.8652874033208,26.7,14.5,0,0,0,0.0,0.0,0.0,394,900
609.9789065103101,26.7,14.5,1,0,0,3.311,2.988,2.048,394,900
610.0328090262117,26.7,14.5,2,1,0,13.279,10.07,9.16,395,900
610.0550774339806,26.7,14.5,2,0,0,7.006,5.591,4.53,395,900
610.149681497981,26.7,14.5,1,0,0,3.311,2.988,2.048,395,900
610.1791782047848,26.7,14.5,0,0,0,0.0,0.0,0.0,395,900
610.2432761539869,26.7,14.5,1,0,0,3.311,2.988,2.048,395,900
610.2956738507435,26.7,14.5,2,0,0,7.006,5.591,4.53,395,900
610.3872496264831,26.7,33.044597302779664,1,0,0,3.311,2.988,2.048,395,900
610.4841154209192,26.7,39.1,2,0,0,7.006,5.591,4.53,395,900
610.4995589503426,26.7,39.1,1,0,0,3.311,2.988,2.048,395,900
610.6198734734265,26.7,39.1,2,0,0,7.006,5.591,4.53,395,900
610.6320196808457,26.7,39.1,1,0,0,3.311,2.988,2.048,395,900
610.7324071097125,26.7,39.1,2,0,0,7.006,5.591,4.53,395,900
610.828071562151,26.7,39.1,1,0,0,3.311,2.988,2.048,395,900
610.9209623490692,26.7,39.1,0,0,0,0.0,0.0,0.0,395,900
611.0249791938566,26.7,39.1,1,0,0,3.311,2.988,2.048,395,900
611.2165158771338,26.7,39.1,0,0,0,0.0,0.0,0.0,395,900
611.3245500988415,26.7,39.1,1,0,0,3.311,2.988,2.048,395,900
611.520041730039,26.7,39.1,0,0,0,0.0,0.0,0.0,395,900
611.5930068283604,26.7,39.1,1,0,0,3.311,2.988,2.048,395,900
611.6317022586667,26.7,39.1,2,0,0,7.006,5.591,4.53,395,900
611.8290212616636,26.7,39.1,1,0,0,3.311,2.988,2.048,395,900
611.85483129682,26.7,39.1,0,0,0,0.0,0.0,0.0,395,900
611.9398931733265,26.7,39.1,1,0,0,3.311,2.988,2.048,395,900
612.1383448900608,26.7,39.1,0,0,0,0.0,0.0,0.0,395,900
612.2529373592976,26.7,39.1,1,0,0,3.311,2.988,2.048,395,900
612.4549073966062,26.7,49.23324192573101,0,0,0,0.0,0.0,0.0,395,900
612.5732236584169,26.7,63.0,1,0,0,3.311,2.988,2.048,395,900
612.779411600299,33.83594629494298,63.0,0,0,0,0.0,0.0,0.0,395,900
613.5422535206839,37.3,63.0,1,0,0,3.311,2.988,2.048,395,900
613.801794474216,37.3,63.0,0,0,0,0.0,0.0,0.0,395,900
613.9700141003831,37.3,63.0,1,1,0,9.246,7.695,5.518,396,900
614.0349141003832,37.3,63.0,1,0,0,3.311,2.988,2.048,396,900
614.1295181643832,37.3,63.0,0,0,0,0.0,0.0,0.0,396,900
614.2372255883832,37.3,63.0,1,0,0,3.311,2.988,2.048,396,900
614.4319061643831,37.3,51.56050769263242,0,0,0,0.0,0.0,0.0,396,900
614.5396820043828,37.3,5.7,1,0,0,3.311,2.988,2.048,396,900
614.6974410763826,37.3,5.7,0,0,0,0.0,0.0,0.0,396,900
614.7984554964597,37.3,5.7,1,0,0,3.311,2.988,2.048,396,900
614.9874485427672,37.3,5.7,0,0,0,0.0,0.0,0.0,396,900
615.0922400626902,37.3,5.7,1,0,0,3.311,2.988,2.048,396,900
615.2846228788435,37.3,5.7,0,0,0,0.0,0.0,0.0,396,900
615.3311604331128,37.3,5.7,1,1,0,9.246,7.695,5.518,397,900
615.3637258041374,37.3,5.7,1,0,0,3.311,2.988,2.048,397,900
615.3931255756127,37.3,5.7,2,0,0,7.006,5.591,4.53,397,900
615.4959606201371,37.3,5.7,1,0,0,3.311,2.988,2.048,397,900
615.5892841776127,37.3,5.7,0,0,0,0.0,0.0,0.0,397,900
615.7018706902284,37.3,5.7,1,0,0,3.311,2.988,2.048,397,900
615.8802960041091,37.3,5.7,1,1,0,9.246,7.695,5.518,398,900
615.9026225180744,37.3,5.7,0,1,0,4.554,4.957,2.003,398,900
616.018896628536,37.3,5.7,1,1,0,9.246,7.695,5.518,398,900
616.1794517821093,35.821368559894346,5.7,1,0,0,3.311,2.988,2.048,398,900
616.2229134274282,35.1,5.7,0,0,0,0.0,0.0,0.0,398,900
616.3441477715062,35.1,5.7,1,0,0,3.311,2.988,2.048,398,900
616.5528803007088,35.1,8.76,0,0,0,0.0,0.0,0.0,398,900
616.6041010374513,35.1,8.76,0,1,0,4.554,4.957,2.003,399,900
616.6779484047833,35.1,8.76,1,1,0,9.246,7.695,5.518,399,900
616.7385043402038,35.1,8.76,1,0,0,3.311,2.988,2.048,399,900
616.8909078149828,35.1,8.76,0,0,0,0.0,0.0,0.0,399,900
617.618335353054,35.1,8.76,1,0,0,3.311,2.988,2.048,399,900
617.8852558379951,35.1,8.76,0,0,0,0.0,0.0,0.0,399,900
620.4397129658179,52.6,10.035025461098138,0,0,1,0.528,0.57,0.438,399,900
620.5376952378177,52.6,9.86,0,0,0,0.0,0.0,0.0,399,900
620.576231178807,52.6,9.86,1,1,0,9.246,7.695,5.518,400,900
620.623531178807,52.6,9.86,1,0,0,3.311,2.988,2.048,400,900
620.7557659948068,52.6,9.86,0,0,0,0.0,0.0,0.0,400,900
620.8697121785299,52.6,9.86,1,0,0,3.311,2.988,2.048,400,900
621.0916659012132,52.6,9.86,0,0,0,0.0,0.0,0.0,400,900
621.2513989403174,52.6,9.86,1,0,0,3.311,2.988,2.048,400,900
621.4992926038105,52.6,9.86,0,0,0,0.0,0.0,0.0,400,900
621.7380768378166,52.6,9.86,1,1,0,9.246,7.695,5.518,401,900
621.787565186931,52.6,9.86,1,0,0,3.311,2.988,2.048,401,900
621.882169250931,52.6,9.86,0,0,0,0.0,0.0,0.0,401,900
621.9735331353997,52.6,9.86,1,0,0,3.311,2.988,2.048,401,900
622.115254816132,52.6,9.86,0,0,0,0.0,0.0,0.0,402,900
622.2097426974456,52.6,9.86,1,0,0,3.311,2.988,2.048,402,900
622.3552480240223,52.6,9.86,0,0,0,0.0,0.0,0.0,402,900
622.4531103981803,52.6,9.86,1,0,0,3.311,2.988,2.048,402,900
622.6018031786022,52.6,10.073957085003869,0,0,0,0.0,0.0,0.0,402,900
622.7027527516051,52.6,10.1,1,0,0,3.311,2.988,2.048,402,900
622.8545065538713,52.6,10.1,0,0,0,0.0,0.0,0.0,402,900
622.9586810547189,52.6,10.1,1,0,0,3.311,2.988,2.048,402,900
623.1133669828301,48.1,10.1,0,0,0,0.0,0.0,0.0,402,900
623.2206488415226,48.1,10.1,1,0,0,3.311,2.988,2.048,402,900
623.3997827642117,48.1,10.1,2,1,0,13.279,10.07,9.16,403,900
623.4160381840649,48.1,10.1,1,1,0,9.246,7.695,5.518,403,900
623.4421827642117,48.1,10.1,1,0,0,3.311,2.988,2.048,403,900
623.5247357909599,48.1,10.1,2,0,0,7.006,5.591,4.53,403,900
623.5744175802115,48.1,10.1,1,0,0,3.311,2.988,2.048,403,900
623.5776979992124,48.1,10.1,2,1,0,13.279,10.07,9.16,404,900
623.5906965887751,48.1,10.1,2,0,0,7.006,5.591,4.53,404,900
623.6853006527751,48.1,10.1,1,0,0,3.311,2.988,2.048,404,900
623.7214934724158,48.1,10.1,0,0,0,0.0,0.0,0.0,404,900
623.7748839054067,48.1,10.1,1,0,0,3.311,2.988,2.048,404,900
623.8339449887981,48.1,10.1,2,0,0,7.006,5.591,4.53,404,900
623.9148081756748,48.1,10.1,1,0,0,3.311,2.988,2.048,404,900
624.0073979747591,48.1,10.1,2,0,0,7.006,5.591,4.53,404,900
624.0335324507412,48.1,10.1,1,0,0,3.311,2.988,2.048,404,900
624.1493573326111,48.1,10.1,2,0,0,7.006,5.591,4.53,404,900
624.1509884404801,48.1,10.1,1,0,0,3.311,2.988,2.048,404,900
624.2468352820173,48.1,10.1,2,0,0,7.006,5.591,4.53,404,900
624.3533108310417,48.1,10.1,1,0,0,3.311,2.988,2.048,404,900
624.3934957511909,48.1,10.1,0,0,0,0.0,0.0,0.0,404,900
624.4725672523988,48.1,10.1,1,0,0,3.311,2.988,2.048,404,900
624.4923123411811,48.1,10.1,2,0,0,7.006,5.591,4.53,404,900
624.5740564100307,48.1,13.977428414873325,3,0,0,10.385,7.547,7.321,404,900
624.6419163818074,48.1,16.4,2,0,0,7.006,5.591,4.53,404,900
624.6798162593167,48.1,16.4,1,0,0,3.311,2.988,2.048,404,900
624.7438404492501,48.1,16.4,2,0,0,7.006,5.591,4.53,404,900
624.8962591653291,48.1,16.4,1,0,0,3.311,2.988,2.048,404,900
624.9423901271347,48.1,16.4,0,0,0,0.0,0.0,0.0,404,900
625.0011731402248,48.1,16.4,1,0,0,3.311,2.988,2.048,404,900
625.1944858917566,48.1,16.4,0,0,0,0.0,0.0,0.0,404,900
625.2301007411608,48.1,16.4,1,0,0,3.311,2.988,2.048,404,900
625.3032386923949,48.1,16.4,2,0,0,7.006,5.591,4.53,404,900
625.4885436021749,48.1,16.4,1,0,0,3.311,2.988,2.048,404,900
625.5013407484006,48.1,16.4,0,0,0,0.0,0.0,0.0,404,900
625.6151993245743,48.1,16.4,1,0,0,3.311,2.988,2.048,404,900
625.8162028013434,48.1,16.4,0,0,0,0.0,0.0,0.0,404,900
625.9335063832798,48.1,16.4,1,0,0,3.311,2.988,2.048,404,900
626.1389475368115,48.1,16.4,0,0,0,0.0,0.0,0.0,404,900
626.259754298511,48.1,16.4,1,0,0,3.311,2.988,2.048,404,900
626.4685626008062,48.1,16.4,0,0,0,0.0,0.0,0.0,404,900
626.5930971202686,45.35710243027129,16.4,1,0,0,3.311,2.988,2.048,404,900
626.8052098833266,44.7,70.7,0,0,0,0.0,0.0,0.0,404,900
627.0186736635516,44.7,70.7,1,0,0,3.311,2.988,2.048,404,900
627.2788370105629,44.7,70.7,0,0,0,0.0,0.0,0.0,404,900
627.2985536315307,44.7,70.7,1,0,0,3.311,2.988,2.048,404,900
627.6119065221696,44.7,70.7,0,0,0,0.0,0.0,0.0,404,900
627.6609793629929,44.7,70.7,1,1,0,9.246,7.695,5.518,405,900
627.6736213383016,44.7,70.7,1,0,0,3.311,2.988,2.048,405,900
627.7682254023017,44.7,70.7,0,0,0,0.0,0.0,0.0,405,900
627.856525367454,44.7,70.7,1,0,0,3.311,2.988,2.048,405,900
627.9951542580164,44.7,70.7,0,0,0,0.0,0.0,0.0,405,900
628.0863761240398,44.7,70.7,1,0,0,3.311,2.988,2.048,405,900
628.2285865644732,44.7,70.7,0,0,0,0.0,0.0,0.0,405,900
628.3229808273675,44.7,70.7,1,0,0,3.311,2.988,2.048,405,900
628.4681766256722,44.7,70.7,0,0,0,0.0,0.0,0.0,405,900
628.5654559914377,44.7,70.7,1,0,0,3.311,2.988,2.048,405,900
628.7135107156136,44.7,71.16516569560228,0,0,0,0.0,0.0,0.0,405,900
628.81381291325,44.7,117.0,1,0,0,3.311,2.988,2.048,405,900
628.9645976672969,44.7,117.0,0,0,0,0.0,0.0,0.0,405,900
629.0678051268044,44.7,117.0,1,0,0,3.311,2.988,2.048,405,900
629.259399270722,44.7,117.0,0,0,0,0.0,0.0,0.0,405,900
629.3648870184188,44.7,117.0,1,1,0,9.246,7.695,5.518,406,900
629.3660143245107,44.7,117.0,2,1,0,13.279,10.07,9.16,406,900
629.4259870184189,44.7,117.0,2,0,0,7.006,5.591,4.53,406,900
629.558221834419,44.7,117.0,1,0,0,3.311,2.988,2.048,406,900
629.5606754877099,44.7,117.0,0,0,0,0.0,0.0,0.0,406,900
629.6735585616534,44.7,117.0,1,0,0,3.311,2.988,2.048,406,900
629.6745436597566,44.7,117.0,2,0,0,7.006,5.591,4.53,406,900
629.8764880859289,44.7,117.0,1,0,0,3.311,2.988,2.048,406,900
629.8767408120738,44.7,117.0,0,0,0,0.0,0.0,0.0,406,900
629.9947742719462,44.7,117.0,1,0,0,3.311,2.988,2.048,406,900
629.9977070958,44.7,117.0,2,0,0,7.006,5.591,4.53,406,900
630.1871425371072,44.7,117.0,2,1,0,13.279,10.07,9.16,407,900
630.2012039802272,44.7,117.0,1,1,0,9.246,7.695,5.518,407,900
630.2064972677133,44.7,117.0,0,1,0,4.554,4.957,2.003,407,900
630.3230409513532,44.7,117.0,1,1,0,9.246,7.695,5.518,407,900
630.4306461411942,44.7,117.0,1,0,0,3.311,2.988,2.048,407,900
630.5328854137427,39.97454211686766,117.0,0,0,0,0.0,0.0,0.0,407,900
630.6584977479772,21.5,117.0,1,0,0,3.311,2.988,2.048,407,900
630.746195095202,21.5,117.0,1,1,0,9.246,7.695,5.518,408,900
630.8564942638941,21.5,117.0,1,0,0,3.311,2.988,2.048,408,900
630.871694276475,21.5,117.0,0,0,0,0.0,0.0,0.0,408,900
631.0862834768177,21.5,212.0,1,0,0,3.311,2.988,2.048,408,900
631.3475900959507,21.5,212.0,0,0,0,0.0,0.0,0.0,408,900
633.239800428932,21.5,228.84778617351589,1,0,0,3.311,2.988,2.048,408,900
633.5364856208254,21.5,273.0,0,0,0,0.0,0.0,0.0,408,900
634.798733652136,21.5,273.0,1,1,0,9.246,7.695,5.518,409,900
634.901733652136,21.5,273.0,1,0,0,3.311,2.988,2.048,409,900
635.0339684681361,21.5,273.0,0,0,0,0.0,0.0,0.0,409,900
635.2643571271764,21.5,273.0,1,1,0,9.246,7.695,5.518,410,900
635.278112351057,21.5,273.0,1,0,0,3.311,2.988,2.048,410,900
635.372716415057,21.5,273.0,0,0,0,0.0,0.0,0.0,410,900
635.4650224398032,21.5,273.0,1,0,0,3.311,2.988,2.048,410,900
635.6076951384597,21.5,273.0,0,0,0,0.0,0.0,0.0,410,900
635.7031873035789,21.5,273.0,1,0,0,3.311,2.988,2.048,410,900
635.8497057916086,21.5,273.0,0,0,0,0.0,0.0,0.0,410,900
635.8635486795631,21.5,273.0,0,0,1,0.528,0.57,0.438,410,900
635.910330951563,21.5,273.0,0,0,0,0.0,0.0,0.0,410,900
635.9486345931009,21.5,273.0,1,0,0,3.311,2.988,2.048,410,900
636.0984026785038,21.5,273.0,0,0,0,0.0,0.0,0.0,410,900
636.2004808223692,21.5,273.0,1,0,0,3.311,2.988,2.048,410,900
636.353372073145,21.5,273.0,0,0,0,0.0,0.0,0.0,410,900
636.4587372883835,21.5,273.0,1,0,0,3.311,2.988,2.048,410,900
636.6146228085329,21.5,273.0,0,0,0,0.0,0.0,0.0,410,900
636.6152589380317,21.5,273.0,1,1,0,9.246,7.695,5.518,411,900
636.6325822463024,21.5,273.0,1,0,0,3.311,2.988,2.048,411,900
636.7231575251446,21.5,273.0,2,0,0,7.006,5.591,4.53,411,900
636.7271863103023,21.5,273.0,1,0,0,3.311,2.988,2.048,411,900
636.832332197648,21.5,273.0,2,0,0,7.006,5.591,4.53,411,900
636.9201166746667,21.5,273.0,1,0,0,3.311,2.988,2.048,411,900
636.9879657470086,21.5,273.0,0,0,0,0.0,0.0,0.0,411,900
637.0297626706262,21.5,273.0,1,0,0,3.311,2.988,2.048,411,900
637.0677091543688,21.5,273.0,2,1,0,13.279,10.07,9.16,412,900
637.0816939798619,21.5,273.0,2,0,0,7.006,5.591,4.53,412,900
637.0971446914596,21.5,273.0,3,0,0,10.385,7.547,7.321,412,900
637.1762980438618,21.5,273.0,2,0,0,7.006,5.591,4.53,412,900
637.2274751008388,21.5,273.0,1,0,0,3.311,2.988,2.048,412,900
637.2694302971487,21.5,273.0,2,0,0,7.006,5.591,4.53,412,900
637.2946792349256,21.5,273.0,1,0,0,3.311,2.988,2.048,412,900
637.3409258838215,21.5,273.0,2,0,0,7.006,5.591,4.53,412,900
637.4086100354971,21.5,273.0,3,0,0,10.385,7.547,7.321,412,900
637.4129370097738,21.5,273.0,2,0,0,7.006,5.591,4.53,412,900
637.4274500471679,21.5,273.0,3,1,0,17.589,12.354,12.134,413,900
637.4475284785404,21.5,273.0,3,0,0,10.385,7.547,7.321,413,900
637.5797632945405,21.5,273.0,2,0,0,7.006,5.591,4.53,413,900
637.6106260990836,21.5,273.0,1,0,0,3.311,2.988,2.048,413,900
637.6567169014234,21.5,273.0,0,0,0,0.0,0.0,0.0,413,900
637.6583939980629,21.5,273.0,1,0,0,3.311,2.988,2.048,413,900
637.6954164369043,21.5,273.0,2,0,0,7.006,5.591,4.53,413,900
637.7291870937753,21.5,273.0,3,0,0,10.385,7.547,7.321,413,900
637.8989180561546,21.5,273.0,2,0,0,7.006,5.591,4.53,413,900
637.9354460214819,21.5,273.0,1,0,0,3.311,2.988,2.048,413,900
637.9446084068101,21.5,273.0,0,0,0,0.0,0.0,0.0,413,900
637.9837614433501,21.5,273.0,1,0,0,3.311,2.988,2.048,413,900
638.0202243846122,21.5,273.0,2,0,0,7.006,5.591,4.53,413,900
638.0480669915416,21.5,273.0,3,0,0,10.385,7.547,7.321,413,900
638.2293575549563,21.5,273.0,2,0,0,7.006,5.591,4.53,413,900
638.2390410576113,21.5,273.0,1,0,0,3.311,2.988,2.048,413,900
638.269459095121,21.5,273.0,0,0,0,0.0,0.0,0.0,413,900
638.3464821620497,21.5,194.77390736157864,1,0,0,3.311,2.988,2.048,413,900
638.5413763188265,21.5,47.3,0,0,0,0.0,0.0,0.0,413,900
638.6555643168265,21.5,47.3,1,0,0,3.311,2.988,2.048,413,900
638.743554212683,21.5,47.3,2,0,0,7.006,5.591,4.53,413,900
638.8575597728263,21.5,47.3,1,0,0,3.311,2.988,2.048,413,900
638.9717264298264,38.21230453250966,47.3,2,0,0,7.006,5.591,4.53,413,900
639.0032189295164,47.00254213764384,47.3,1,0,0,3.311,2.988,2.048,413,900
639.1730245418263,49.6,47.3,0,0,0,0.0,0.0,0.0,413,900
639.2878236069054,49.6,47.3,1,0,0,3.311,2.988,2.048,413,900
639.4900015302723,49.6,47.3,0,0,0,0.0,0.0,0.0,413,900
639.6085347096532,49.6,47.3,1,0,0,3.311,2.988,2.048,413,900
639.8149408593224,49.6,47.3,0,0,0,0.0,0.0,0.0,413,900
639.9327617649475,49.6,47.3,0,0,1,0.528,0.57,0.438,413,900
639.9805440369474,49.6,47.3,0,0,0,0.0,0.0,0.0,413,900
640.3408089102425,49.6,34.00081890907511,1,0,0,3.311,2.988,2.048,413,900
640.5780100190055,49.6,1.23,2,0,0,7.006,5.591,4.53,413,900
640.6252106062423,49.6,1.23,1,0,0,3.311,2.988,2.048,413,900
640.8377988552936,49.6,1.23,0,0,0,0.0,0.0,0.0,413,900
641.1362648673041,49.6,1.23,1,1,0,9.246,7.695,5.518,414,900
641.1494305815899,49.6,1.23,1,0,0,3.311,2.988,2.048,414,900
641.2126113815898,49.6,1.23,0,0,0,0.0,0.0,0.0,414,900
641.2630243905061,49.6,1.23,1,0,0,3.311,2.988,2.048,414,900
641.3023496411612,49.6,1.23,2,0,0,7.006,5.591,4.53,414,900
641.4425719613039,49.6,1.23,1,0,0,3.311,2.988,2.048,414,900
641.5353369488753,49.6,1.23,2,0,0,7.006,5.591,4.53,414,900
641.6664608087283,49.6,1.23,1,0,0,3.311,2.988,2.048,414,900
641.6793890370184,49.6,1.23,0,0,0,0.0,0.0,0.0,414,900
641.7751964955899,49.6,1.23,1,0,0,3.311,2.988,2.048,414,900
641.9220930717327,49.6,1.23,0,0,0,0.0,0.0,0.0,414,900
642.0210637713042,49.6,1.23,1,0,0,3.311,2.988,2.048,414,900
642.1709565474468,49.6,1.23,0,0,0,0.0,0.0,0.0,414,900
642.2730770790183,53.6349284132749,1.23,1,0,0,3.311,2.988,2.048,414,900
642.4257582471612,56.2,1.66,0,0,0,0.0,0.0,0.0,414,900
642.5311109457325,56.2,1.66,1,0,0,3.311,2.988,2.048,414,900
642.6873009858751,56.2,1.66,0,0,0,0.0,0.0,0.0,414,900
642.7958178874467,56.2,1.66,1,0,0,3.311,2.988,2.048,414,900
642.9918894715895,56.2,1.66,0,0,0,0.0,0.0,0.0,414,900
643.1038336067323,56.2,1.66,1,0,0,3.311,2.988,2.048,414,900
643.3122691458212,56.2,1.66,2,1,0,13.279,10.07,9.16,415,900
643.3148275907319,56.2,1.66,1,1,0,9.246,7.695,5.518,415,900
643.3225778706534,56.2,1.66,1,0,0,3.311,2.988,2.048,415,900
643.3857586706533,56.2,1.66,0,0,0,0.0,0.0,0.0,415,900
643.4391706307317,56.2,1.66,1,0,0,3.311,2.988,2.048,415,900
643.465312840859,56.2,1.66,2,0,0,7.006,5.591,4.53,415,900
643.5643235716375,56.2,1.66,1,0,0,3.311,2.988,2.048,415,900
643.6458959202796,56.2,1.66,2,0,0,7.006,5.591,4.53,415,900
643.6509280067316,56.2,1.66,1,0,0,3.311,2.988,2.048,415,900
643.775262724732,56.2,1.66,2,0,0,7.006,5.591,4.53,415,900
643.7783283504947,56.2,1.66,1,0,0,3.311,2.988,2.048,415,900
643.8624426711456,56.2,1.66,2,0,0,7.006,5.591,4.53,415,900
643.9868036527316,56.2,1.66,1,0,0,3.311,2.988,2.048,415,900
643.9971863213691,56.2,1.66,0,0,0,0.0,0.0,0.0,415,900
644.0835284710292,56.2,1.66,1,0,0,3.311,2.988,2.048,415,900
644.1111005157318,56.2,1.66,2,0,0,7.006,5.591,4.53,415,900
644.2205319492614,56.2,1.66,1,0,0,3.311,2.988,2.048,415,900
644.3095163889301,56.2,1.66,2,0,0,7.006,5.591,4.53,415,900
644.3224990215508,56.2,2.203799110996776,1,0,0,3.311,2.988,2.048,415,900
644.4383368961891,56.2,7.0,2,1,0,13.279,10.07,9.16,416,900
644.4489016151716,56.2,7.0,1,1,0,9.246,7.695,5.518,416,900
644.4770368961889,56.2,7.0,1,0,0,3.311,2.988,2.048,416,900
644.5403554538493,56.2,7.0,2,0,0,7.006,5.591,4.53,416,900
644.6092717121891,56.2,7.0,1,0,0,3.311,2.988,2.048,416,900
644.6209864761846,56.2,7.0,2,0,0,7.006,5.591,4.53,416,900
644.6822431640999,56.2,7.0,1,0,0,3.311,2.988,2.048,416,900
644.7242947579015,56.2,7.0,2,0,0,7.006,5.591,4.53,416,900
644.7761488927866,56.2,7.0,3,0,0,10.385,7.547,7.321,416,900
644.8641850188884,56.2,7.0,3,1,0,17.589,12.354,12.134,417,900
644.8816542513993,56.2,7.0,2,1,0,13.279,10.07,9.16,417,900
644.9205102870459,56.2,7.0,1,1,0,9.246,7.695,5.518,417,900
644.9271603986183,56.2,7.0,0,1,0,4.554,4.957,2.003,417,900
645.0166918467415,56.2,7.0,1,1,0,9.246,7.695,5.518,417,900
645.0477895753655,56.2,7.0,2,1,0,13.279,10.07,9.16,417,900
645.1034259032712,56.2,7.0,2,0,0,7.006,5.591,4.53,417,900
645.16310810901,56.2,7.0,1,0,0,3.311,2.988,2.048,417,900
645.2562397121171,56.2,7.0,0,0,0,0.0,0.0,0.0,417,900
645.2618806287147,56.2,7.0,1,0,0,3.311,2.988,2.048,417,900
645.410828718992,56.2,7.0,0,0,0,0.0,0.0,0.0,417,900
645.5119412277058,56.2,7.0,1,0,0,3.311,2.988,2.048,417,900
645.7113206861297,56.2,7.0,0,0,0,0.0,0.0,0.0,417,900
645.8476372734242,63.3,7.0,1,0,0,3.311,2.988,2.048,417,900
646.0724042594585,63.3,7.0,0,0,0,0.0,0.0,0.0,417,900
646.2130659586708,63.3,7.0,1,0,0,3.311,2.988,2.048,417,900
646.4413972226225,63.3,9.79,0,0,0,0.0,0.0,0.0,417,900
646.5864706857528,63.3,9.79,1,0,0,3.311,2.988,2.048,417,900
646.8193789636227,63.3,9.79,0,0,0,0.0,0.0,0.0,417,900
646.9686967066706,63.3,9.79,1,0,0,3.311,2.988,2.048,417,900
647.1027465146707,63.3,9.79,0,0,0,0.0,0.0,0.0,417,900
647.2565111236364,63.3,9.79,1,0,0,3.311,2.988,2.048,417,900
647.4956079573418,63.3,9.79,0,0,0,0.0,0.0,0.0,417,900
647.5879805985131,63.3,9.79,0,0,1,0.528,0.57,0.438,417,900
647.6327628705131,63.3,9.79,0,0,0,0.0,0.0,0.0,417,900
647.6537205582255,63.3,9.79,1,0,0,3.311,2.988,2.048,417,900
647.8999635258489,63.3,9.79,0,0,0,0.0,0.0,0.0,417,900
648.0622857476502,63.3,9.79,1,0,0,3.311,2.988,2.048,417,900
648.2891823408991,63.3,9.79,2,0,0,7.006,5.591,4.53,417,900
648.3118168011914,63.3,9.79,1,0,0,3.311,2.988,2.048,417,900
648.4783004869106,63.3,23.5,2,0,0,7.006,5.591,4.53,417,900
648.7330012903693,63.3,23.5,1,0,0,3.311,2.988,2.048,417,900
648.7867077521797,63.3,23.5,2,1,0,13.279,10.07,9.16,418,900
648.7989957521796,63.3,23.5,2,0,0,7.006,5.591,4.53,418,900
648.8621765521796,63.3,23.5,1,0,0,3.311,2.988,2.048,418,900
648.8876031261295,63.3,23.5,2,1,0,13.279,10.07,9.16,419,900
648.903842692006,63.3,23.5,3,1,0,17.589,12.354,12.134,419,900
648.9178018298248,63.3,23.5,3,0,0,10.385,7.547,7.321,419,900
649.0549193055126,63.3,23.5,2,0,0,7.006,5.591,4.53,419,900
649.1071231814692,63.3,23.5,1,0,0,3.311,2.988,2.048,419,900
649.1214090513575,60.28844384545096,23.5,2,0,0,7.006,5.591,4.53,419,900
649.143949707846,52.91817364722075,23.5,3,0,0,10.385,7.547,7.321,419,900
649.2839073058459,30.5,23.5,2,0,0,7.006,5.591,4.53,419,900
649.3180091133855,30.5,23.5,1,0,0,3.311,2.988,2.048,419,900
649.3759494788459,30.5,23.5,2,0,0,7.006,5.591,4.53,419,900
649.4226705242903,30.5,23.5,2,0,1,7.412,5.635,5.165,419,900
649.4320707068784,30.5,23.5,3,0,1,11.271,8.091,7.803,419,900
649.5111527962899,30.5,23.5,3,0,0,10.385,7.547,7.321,419,900
649.5186880955122,30.5,23.5,2,0,0,7.006,5.591,4.53,419,900
649.6134278961789,30.5,23.5,3,0,0,10.385,7.547,7.321,419,900
649.6339056528661,30.5,23.5,2,0,0,7.006,5.591,4.53,419,900
649.7529228033192,30.5,23.5,3,0,0,10.385,7.547,7.321,419,900
649.7588961395121,30.5,23.5,2,0,0,7.006,5.591,4.53,419,900
649.8567480288457,30.5,23.5,3,0,0,10.385,7.547,7.321,419,900
649.8588413043401,30.5,23.5,2,0,0,7.006,5.591,4.53,419,900
649.9604333692674,30.5,23.5,1,0,0,3.311,2.988,2.048,419,900
650.0050678188455,30.5,23.5,0,0,0,0.0,0.0,0.0,419,900
650.0844021706805,30.5,23.5,1,0,0,3.311,2.988,2.048,419,900
650.1058589058456,30.5,23.5,2,0,0,7.006,5.591,4.53,419,900
650.2618079974127,30.5,23.5,1,0,0,3.311,2.988,2.048,419,900
650.2961010605893,30.5,23.5,0,0,0,0.0,0.0,0.0,419,900
650.3683353564127,30.5,11.407278838344409,1,0,0,3.311,2.988,2.048,419,900
650.5249688284124,30.5,2.0,0,0,0,0.0,0.0,0.0,420,900
650.6316834670121,30.5,2.0,1,0,0,3.311,2.988,2.048,420,900
650.7020343962901,30.5,2.0,2,1,0,13.279,10.07,9.16,421,900
650.714289715439,30.5,2.0,2,0,0,7.006,5.591,4.53,421,900
650.7774705154391,30.5,2.0,1,0,0,3.311,2.988,2.048,421,900
650.7887015956387,30.5,2.0,0,0,0,0.0,0.0,0.0,421,900
650.86396355987,30.5,2.0,1,0,0,3.311,2.988,2.048,421,900
650.8984887064258,30.5,2.0,2,0,0,7.006,5.591,4.53,421,900
650.9699791708115,30.5,2.0,1,0,0,3.311,2.988,2.048,421,900
651.0588864293061,30.5,2.0,2,0,0,7.006,5.591,4.53,421,900
651.0956233752398,30.5,2.0,1,0,0,3.311,2.988,2.048,421,900
651.1987197753115,30.5,2.0,0,0,0,0.0,0.0,0.0,421,900
651.2088941982413,30.5,2.0,1,0,0,3.311,2.988,2.048,421,900
651.2906310473809,30.5,2.0,2,0,0,7.006,5.591,4.53,421,900
651.4100066912696,30.5,2.0,1,0,0,3.311,2.988,2.048,421,900
651.4332376549607,30.5,2.0,0,0,0,0.0,0.0,0.0,421,900
651.526352941485,30.5,2.0,1,0,0,3.311,2.988,2.048,421,900
651.5278387976042,30.5,2.0,2,0,0,7.006,5.591,4.53,421,900
651.5386043337259,30.5,2.0,2,1,0,13.279,10.07,9.16,422,900
651.6731672747585,30.5,2.0,1,1,0,9.246,7.695,5.518,422,900
651.7037601117258,30.5,2.0,1,0,0,3.311,2.988,2.048,422,900
651.7310729227274,30.5,2.0,0,0,0,0.0,0.0,0.0,422,900
651.7708727489766,30.5,2.0,1,0,0,3.311,2.988,2.048,422,900
651.8510355571568,30.5,2.0,2,0,0,7.006,5.591,4.53,422,900
651.919045015705,30.5,2.0,1,0,0,3.311,2.988,2.048,422,900
652.0196819304974,30.5,2.0,2,0,0,7.006,5.591,4.53,422,900
652.0584516346132,30.5,2.0,1,0,0,3.311,2.988,2.048,422,900
652.1708187228005,30.5,2.0,0,0,0,0.0,0.0,0.0,422,900
652.181709628257,30.5,2.0,1,0,0,3.311,2.988,2.048,422,900
652.2856270878661,30.5,2.0,2,0,0,7.006,5.591,4.53,422,900
652.3927375459275,30.5,2.0,1,0,0,3.311,2.988,2.048,422,900
652.4513082853409,30.5,20.953170103333154,0,0,0,0.0,0.0,0.0,422,900
652.5663871919276,27.09005812745619,50.1,1,0,0,3.311,2.988,2.048,422,900
652.5696791049675,26.884796224122475,50.1,2,0,0,7.006,5.591,4.53,422,900
652.6913322019617,24.2,50.1,3,0,0,10.385,7.547,7.321,422,900
652.7384295366193,24.2,50.1,2,0,0,7.006,5.591,4.53,422,900
652.7778783218928,24.2,50.1,1,0,0,3.311,2.988,2.048,422,900
652.8604056824231,24.2,50.1,2,0,0,7.006,5.591,4.53,422,900
653.0163476921535,24.2,50.1,1,0,0,3.311,2.988,2.048,422,900
653.069805508252,24.2,50.1,0,0,0,0.0,0.0,0.0,422,900
653.1958743422583,24.2,50.1,1,0,0,3.311,2.988,2.048,422,900
653.4098609682899,24.2,50.1,0,0,0,0.0,0.0,0.0,422,900
653.5396142054985,24.2,50.1,1,0,0,3.311,2.988,2.048,422,900
653.5463959203975,24.2,50.1,1,0,1,3.994,3.474,2.656,422,900
653.5748581923975,24.2,50.1,1,0,0,3.311,2.988,2.048,422,900
653.7578172957329,24.2,50.1,0,0,0,0.0,0.0,0.0,422,900
653.8917958931445,24.2,50.1,1,0,0,3.311,2.988,2.048,422,900
654.1133040555812,24.2,50.1,0,0,0,0.0,0.0,0.0,422,900
654.2511869881953,24.2,50.1,1,0,0,3.311,2.988,2.048,422,900
654.4769159668343,24.2,19.064435040735404,0,0,0,0.0,0.0,0.0,422,900
654.650755612834,24.2,2.09,1,0,0,3.311,2.988,2.048,422,900
654.732540193088,24.2,2.09,2,1,0,13.279,10.07,9.16,423,900
654.746675162413,24.2,2.09,2,0,0,7.006,5.591,4.53,423,900
654.8412792264132,24.2,2.09,1,0,0,3.311,2.988,2.048,423,900
654.877785145752,24.2,2.09,0,0,0,0.0,0.0,0.0,423,900
654.9349517769471,24.2,2.09,1,0,0,3.311,2.988,2.048,423,900
655.0790038779595,24.2,2.09,0,0,0,0.0,0.0,0.0,423,900
655.1759527048432,24.2,2.09,1,0,0,3.311,2.988,2.048,423,900
655.3239407312051,24.2,2.09,0,0,0,0.0,0.0,0.0,423,900
655.4244163304381,24.2,2.09,1,0,0,3.311,2.988,2.048,423,900
655.4478596092737,24.2,2.09,2,0,0,7.006,5.591,4.53,423,900
655.6130604741496,24.2,2.09,1,0,0,3.311,2.988,2.048,423,900
655.7171713612108,24.2,2.09,2,0,0,7.006,5.591,4.53,423,900
655.7531167336427,24.2,2.09,1,0,0,3.311,2.988,2.048,423,900
655.9088028207505,24.2,2.09,0,0,0,0.0,0.0,0.0,423,900
656.0169369566398,58.9,2.09,1,0,0,3.311,2.988,2.048,423,900
656.2125292360081,58.9,2.09,0,0,0,0.0,0.0,0.0,423,900
656.324295550726,58.9,2.09,1,0,0,3.311,2.988,2.048,423,900
656.5243486179222,58.9,1.97,0,0,0,0.0,0.0,0.0,423,900
656.6394376595335,58.9,1.97,1,0,0,3.311,2.988,2.048,423,900
656.841519098573,58.9,1.97,0,0,0,0.0,0.0,0.0,423,900
656.9458785896425,58.9,1.97,1,1,0,9.246,7.695,5.518,424,900
656.9599072202768,58.9,1.97,2,1,0,13.279,10.07,9.16,424,900
656.9647638355441,58.9,1.97,2,0,0,7.006,5.591,4.53,424,900
657.0969986515439,58.9,1.97,1,0,0,3.311,2.988,2.048,424,900
657.1656966143612,58.9,1.97,0,0,0,0.0,0.0,0.0,424,900
657.2083176198637,58.9,1.97,1,0,0,3.311,2.988,2.048,424,900
657.2879981631105,58.9,1.97,2,0,0,7.006,5.591,4.53,424,900
657.4074446060355,58.9,1.97,1,0,0,3.311,2.988,2.048,424,900
657.49819509624,58.9,1.97,0,0,0,0.0,0.0,0.0,424,900
657.5240930881746,58.9,1.97,1,0,0,3.311,2.988,2.048,424,900
657.7285279531666,58.9,1.97,0,0,0,0.0,0.0,0.0,424,900
657.8500801201258,58.9,1.97,1,0,0,3.311,2.988,2.048,424,900
658.0607126239373,58.9,1.97,0,0,0,0.0,0.0,0.0,424,900
658.2652119380351,58.9,1.97,1,0,0,3.311,2.988,2.048,424,900
658.52930708192,58.9,9.909983914335841,0,0,0,0.0,0.0,0.0,424,900
659.6454848293392,59.0,48.4,1,1,0,9.246,7.695,5.518,426,900
659.6724321977604,59.0,48.4,1,0,0,3.311,2.988,2.048,426,900
659.8046670137605,59.0,48.4,0,0,0,0.0,0.0,0.0,426,900
660.7528965067156,59.0,2.95,1,0,0,3.311,2.988,2.048,426,900
660.976657938044,59.0,2.95,1,0,1,3.994,3.474,2.656,426,900
661.0234487892849,59.0,2.95,0,0,1,0.528,0.57,0.438,426,900
661.0462402100441,59.0,2.95,0,0,0,0.0,0.0,0.0,426,900
662.2182218100455,59.0,2.95,1,1,0,9.246,7.695,5.518,427,900
662.2562320238109,59.0,2.95,1,0,0,3.311,2.988,2.048,427,900
662.350836087811,59.0,2.95,0,0,0,0.0,0.0,0.0,427,900
662.4432161014968,59.0,2.95,1,0,0,3.311,2.988,2.048,427,900
662.5859634862798,59.0,2.95,0,0,0,0.0,0.0,0.0,427,900
662.6815345206459,59.553129416272995,46.474370942981324,1,0,0,3.311,2.988,2.048,427,900
662.7923012171532,59.8,65.9,2,1,0,13.279,10.07,9.16,428,900
662.8281325751091,59.8,65.9,1,1,0,9.246,7.695,5.518,428,900
662.919301217153,59.8,65.9,1,0,0,3.311,2.988,2.048,428,900
662.9271451261552,59.8,65.9,2,0,0,7.006,5.591,4.53,428,900
663.0515360331528,59.8,65.9,1,0,0,3.311,2.988,2.048,428,900
663.0769976582984,59.8,65.9,0,0,0,0.0,0.0,0.0,428,900
663.0926360188462,59.8,65.9,0,0,1,0.528,0.57,0.438,428,900
663.1209382908462,59.8,65.9,0,0,0,0.0,0.0,0.0,428,900
663.1791644320249,59.8,65.9,1,0,0,3.311,2.988,2.048,428,900
663.3321450098488,59.8,65.9,0,0,0,0.0,0.0,0.0,428,900
663.4376037352555,59.8,65.9,1,0,0,3.311,2.988,2.048,428,900
663.593583462759,59.8,65.9,0,0,0,0.0,0.0,0.0,428,900
663.7022165698455,59.8,65.9,1,0,0,3.311,2.988,2.048,428,900
663.8992748070292,59.8,65.9,0,0,0,0.0,0.0,0.0,428,900
664.018991911062,59.8,65.9,1,0,0,3.311,2.988,2.048,428,900
664.2268429840212,59.8,65.9,0,0,0,0.0,0.0,0.0,428,900
664.2774830149258,59.8,65.9,1,1,0,9.246,7.695,5.518,429,900
664.2910559162513,59.8,65.9,1,0,0,3.311,2.988,2.048,429,900
664.3509051524595,59.8,65.9,2,0,0,7.006,5.591,4.53,429,900
664.3856599802515,59.8,65.9,1,0,0,3.311,2.988,2.048,429,900
664.477309911615,59.8,65.9,2,0,0,7.006,5.591,4.53,429,900
664.5621771608227,59.8,65.9,1,0,0,3.311,2.988,2.048,429,900
664.6193203346194,59.8,61.463854599153414,0,0,0,0.0,0.0,0.0,429,900
664.6902038496659,59.8,16.339592932146346,1,0,0,3.311,2.988,2.048,429,900
664.7141131304678,59.8,2.67,2,0,0,7.006,5.591,4.53,429,900
664.8599260669573,59.8,2.67,1,0,0,3.311,2.988,2.048,429,900
664.906433049435,59.8,2.67,0,0,0,0.0,0.0,0.0,429,900
664.9581122232903,59.8,2.67,1,0,0,3.311,2.988,2.048,429,900
665.0384824326828,59.8,2.67,2,0,0,7.006,5.591,4.53,429,900
665.0972006642384,59.8,2.67,3,1,0,17.589,12.354,12.134,430,900
665.1071314812635,59.8,2.67,2,1,0,13.279,10.07,9.16,430,900
665.2084237040808,59.8,2.67,3,1,0,17.589,12.354,12.134,430,900
665.2312809314215,59.8,2.67,3,0,0,10.385,7.547,7.321,430,900
665.2585982958562,59.8,2.67,2,0,0,7.006,5.591,4.53,430,900
665.3605228515385,59.8,2.67,1,0,0,3.311,2.988,2.048,430,900
665.3635157474212,59.8,2.67,0,0,0,0.0,0.0,0.0,430,900
665.4650588698404,59.8,2.67,1,0,0,3.311,2.988,2.048,430,900
665.6201090107832,59.8,2.67,0,0,0,0.0,0.0,0.0,430,900
665.7114508667244,59.8,2.67,1,1,0,9.246,7.695,5.518,431,900
665.7271983716972,59.8,2.67,2,1,0,13.279,10.07,9.16,431,900
665.7716508667243,59.8,2.67,2,0,0,7.006,5.591,4.53,431,900
665.8222668945086,59.8,2.67,3,0,0,10.385,7.547,7.321,431,900
665.8662549307242,59.8,2.67,2,0,0,7.006,5.591,4.53,431,900
665.9220500469398,59.8,2.67,1,0,0,3.311,2.988,2.048,431,900
665.969262354724,59.8,2.67,2,0,0,7.006,5.591,4.53,431,900
666.03208307335,57.54459759024771,2.67,3,0,0,10.385,7.547,7.321,431,900
666.0949067103431,50.252598061532666,2.67,2,0,0,7.006,5.591,4.53,431,900
666.1592429307237,48.2,2.67,1,0,0,3.311,2.988,2.048,431,900
666.2301851293555,48.2,2.67,0,0,0,0.0,0.0,0.0,431,900
666.2623187707239,48.2,2.67,1,0,0,3.311,2.988,2.048,431,900
666.344043705529,48.2,2.67,2,0,0,7.006,5.591,4.53,431,900
666.4153778427236,48.2,2.67,1,0,0,3.311,2.988,2.048,431,900
666.5183590897238,48.2,2.67,2,0,0,7.006,5.591,4.53,431,900
666.5450471822978,48.2,2.67,1,0,0,3.311,2.988,2.048,431,900
666.6623507642342,48.2,2.09236708152129,2,0,0,7.006,5.591,4.53,431,900
666.7093123789384,48.2,1.5489328305534957,1,0,0,3.311,2.988,2.048,431,900
666.8161764996017,48.2,1.52,2,0,0,7.006,5.591,4.53,431,900
666.8677919177663,48.2,1.52,1,0,0,3.311,2.988,2.048,431,900
666.9885986794658,48.2,1.52,2,0,0,7.006,5.591,4.53,431,900
667.0106479676144,48.2,1.52,1,0,0,3.311,2.988,2.048,431,900
667.1141987509197,48.2,1.52,1,0,1,3.994,3.474,2.656,431,900
667.1213516740755,48.2,1.52,2,0,1,7.412,5.635,5.165,431,900
667.1427010229197,48.2,1.52,2,0,0,7.006,5.591,4.53,431,900
667.1974069817605,48.2,1.52,1,0,0,3.311,2.988,2.048,431,900
667.3197273368864,48.2,1.52,0,0,0,0.0,0.0,0.0,431,900
667.4346432681454,48.2,1.52,1,0,0,3.311,2.988,2.048,431,900
667.6377405657541,48.2,1.52,0,0,0,0.0,0.0,0.0,431,900
667.7493134442228,48.2,1.52,1,0,0,3.311,2.988,2.048,431,900
667.7564725038114,48.2,1.52,2,0,0,7.006,5.591,4.53,431,900
667.9626128122186,48.2,1.52,1,0,0,3.311,2.988,2.048,431,900
668.0094767912346,48.2,1.52,0,0,0,0.0,0.0,0.0,431,900
668.085468110074,48.2,1.52,1,0,0,3.311,2.988,2.048,431,900
668.295831653279,48.2,1.52,0,0,0,0.0,0.0,0.0,431,900
668.2984218532769,48.2,1.52,1,1,0,9.246,7.695,5.518,432,900
668.3115875675626,48.2,1.52,1,0,0,3.311,2.988,2.048,432,900
668.3747683675626,48.2,1.52,0,0,0,0.0,0.0,0.0,432,900
668.4645066271343,48.2,1.52,1,0,0,3.311,2.988,2.048,432,900
668.6047289472768,48.2,1.52,0,0,0,0.0,0.0,0.0,432,900
668.6974939348484,48.2,33.654834429444605,1,0,0,3.311,2.988,2.048,432,900
668.8415460229918,48.2,39.1,0,0,0,0.0,0.0,0.0,432,900
668.9373534815634,48.2,39.1,1,0,0,3.311,2.988,2.048,432,900
669.0842500577063,48.2,39.1,0,0,0,0.0,0.0,0.0,432,900
669.1832207572777,48.2,39.1,1,0,0,3.311,2.988,2.048,432,900
669.3331135334207,48.2,39.1,0,0,0,0.0,0.0,0.0,432,900
669.3627956309334,48.2,39.1,1,0,0,3.311,2.988,2.048,432,900
669.4352340649922,48.2,39.1,2,0,0,7.006,5.591,4.53,432,900
669.5879152331349,31.746885679020632,39.1,1,0,0,3.311,2.988,2.048,432,900
669.6567576933991,26.4,39.1,0,0,0,0.0,0.0,0.0,432,900
669.6932679317063,26.4,39.1,1,0,0,3.311,2.988,2.048,432,900
669.8494579718493,26.4,39.1,0,0,0,0.0,0.0,0.0,432,900
669.9579748734208,26.4,39.1,1,0,0,3.311,2.988,2.048,432,900
670.1540464575636,26.4,39.1,0,0,0,0.0,0.0,0.0,432,900
670.2704109479497,26.4,39.1,1,0,0,3.311,2.988,2.048,432,900
670.4739524433479,26.4,39.1,0,0,0,0.0,0.0,0.0,432,900
670.5941674628311,26.4,39.1,1,0,0,3.311,2.988,2.048,432,900
670.799142314286,26.4,7.96,2,1,0,13.279,10.07,9.16,433,900
670.8022717423262,26.4,7.96,1,1,0,9.246,7.695,5.518,433,900
670.8069392686006,26.4,7.96,1,0,0,3.311,2.988,2.048,433,900
670.8701200686005,26.4,7.96,0,0,0,0.0,0.0,0.0,433,900
670.9262778319066,26.4,7.96,1,0,0,3.311,2.988,2.048,433,900
670.9407207246851,26.4,7.96,2,0,0,7.006,5.591,4.53,433,900
671.0306927711725,26.4,7.96,1,0,0,3.311,2.988,2.048,433,900
671.1028005846734,26.4,7.96,2,0,0,7.006,5.591,4.53,433,900
671.1379650554995,26.4,7.96,1,0,0,3.311,2.988,2.048,433,900
671.1946126215771,26.4,7.96,0,0,0,0.0,0.0,0.0,433,900
671.2657326821773,26.4,7.96,1,0,0,3.311,2.988,2.048,433,900
671.268333963494,26.4,7.96,2,0,0,7.006,5.591,4.53,433,900
671.3614468548136,26.4,7.96,1,0,0,3.311,2.988,2.048,433,900
671.4367056901467,26.4,7.96,2,0,0,7.006,5.591,4.53,433,900
671.4808613778667,26.4,7.96,1,0,0,3.311,2.988,2.048,433,900
671.5320714038828,26.4,7.96,0,0,0,0.0,0.0,0.0,433,900
671.608921974632,26.4,7.96,1,0,0,3.311,2.988,2.048,433,900
671.7051340147846,26.4,7.96,0,0,0,0.0,0.0,0.0,433,900
671.7832239846417,26.4,7.96,1,0,0,3.311,2.988,2.048,433,900
671.7834970209503,26.4,7.96,2,0,0,7.006,5.591,4.53,433,900
671.8813615955191,26.4,7.96,1,0,0,3.311,2.988,2.048,433,900
671.9613840511013,26.4,7.96,2,0,0,7.006,5.591,4.53,433,900
672.047870456478,26.4,7.96,1,0,0,3.311,2.988,2.048,433,900
672.061084168086,26.4,7.96,0,0,0,0.0,0.0,0.0,433,900
672.1428175270843,26.4,7.96,1,0,0,3.311,2.988,2.048,433,900
672.2436971224856,26.4,7.96,0,0,0,0.0,0.0,0.0,433,900
672.3268369999001,26.4,7.96,1,0,0,3.311,2.988,2.048,433,900
672.4292838817172,26.4,7.96,0,0,0,0.0,0.0,0.0,433,900
672.514033154548,26.4,7.96,1,0,0,3.311,2.988,2.048,433,900
672.6179587147817,26.4,7.96,0,0,0,0.0,0.0,0.0,433,900
672.7120935647815,26.4,7.985861603890235,1,0,0,3.311,2.988,2.048,433,900
672.8566484767814,26.4,67.1,0,0,0,0.0,0.0,0.0,433,900
672.9507842207811,26.4,67.1,1,0,0,3.311,2.988,2.048,433,900
673.0951812767813,42.03696425626403,67.1,0,0,0,0.0,0.0,0.0,433,900
673.2176168328015,45.2,67.1,1,0,0,3.311,2.988,2.048,433,900
673.3903347945164,45.2,67.1,0,0,0,0.0,0.0,0.0,433,900
673.5160030254023,45.2,67.1,1,0,0,3.311,2.988,2.048,433,900
673.6531863574329,45.2,67.1,1,1,0,9.246,7.695,5.518,434,900
673.6922818199838,45.2,67.1,0,1,0,4.554,4.957,2.003,434,900
673.6979631912697,45.2,67.1,1,2,0,15.716,13.138,11.485,435,900
673.7368492672192,45.2,67.1,1,1,0,9.246,7.695,5.518,435,900
673.8208368017364,45.2,67.1,2,1,0,13.279,10.07,9.16,435,900
673.8690840832194,45.2,67.1,1,1,0,9.246,7.695,5.518,435,900
673.8813421354333,45.2,67.1,1,0,0,3.311,2.988,2.048,435,900
673.9997232131836,45.2,67.1,0,0,0,0.0,0.0,0.0,435,900
674.0943088121837,45.2,67.1,1,0,0,3.311,2.988,2.048,435,900
674.278052152497,45.2,67.1,0,0,0,0.0,0.0,0.0,435,900
674.4131866869815,45.2,67.1,1,0,0,3.311,2.988,2.048,435,900
674.5973334521608,45.2,67.1,0,0,0,0.0,0.0,0.0,435,900
674.7356663905111,45.2,53.553743692966634,1,0,0,3.311,2.988,2.048,435,900
674.9248684525568,45.2,9.8,0,0,0,0.0,0.0,0.0,435,900
675.0662667047732,45.2,9.8,1,0,0,3.311,2.988,2.048,435,900
675.2941035516852,45.2,9.8,0,0,0,0.0,0.0,0.0,435,900
675.4389588324627,45.2,9.8,1,0,0,3.311,2.988,2.048,435,900
675.6722696689357,45.2,9.8,0,0,0,0.0,0.0,0.0,435,900
675.8206905862751,45.2,9.8,1,0,0,3.311,2.988,2.048,435,900
675.8709302353443,45.2,9.8,2,1,0,13.279,10.07,9.16,436,900
675.8848938717078,45.2,9.8,2,0,0,7.006,5.591,4.53,436,900
675.9794979357077,45.2,9.8,1,0,0,3.311,2.988,2.048,436,900
676.0579081803088,45.2,9.8,0,0,0,0.0,0.0,0.0,436,900
676.0725539392532,45.2,9.8,1,0,0,3.311,2.988,2.048,436,900
676.2099553752088,45.2,9.8,2,0,0,7.006,5.591,4.53,436,900
676.2159836836469,45.2,9.8,1,0,0,3.311,2.988,2.048,436,900
676.3122752961315,45.2,9.8,2,0,0,7.006,5.591,4.53,436,900
676.4496996308043,45.2,9.8,1,0,0,3.311,2.988,2.048,436,900
676.459600298465,45.2,9.8,0,0,0,0.0,0.0,0.0,436,900
676.5593780158891,45.2,9.8,1,0,0,3.311,2.988,2.048,436,900
676.5944284602348,45.2,9.8,1,0,1,3.994,3.474,2.656,436,900
676.6052417122655,45.2,9.8,2,0,1,7.412,5.635,5.165,436,900
676.690710732235,45.2,9.8,2,0,0,7.006,5.591,4.53,436,900
676.7473184681621,32.58383074912024,9.8,1,0,0,3.311,2.988,2.048,436,900
676.8506849963745,9.3,22.855663179854403,2,0,0,7.006,5.591,4.53,436,900
676.8905785683056,9.3,36.38732209291125,1,0,0,3.311,2.988,2.048,436,900
676.9470908751366,9.3,43.6,1,1,0,9.246,7.695,5.518,437,900
677.0408840157738,9.3,43.6,1,0,0,3.311,2.988,2.048,437,900
677.0415662874353,9.3,43.6,0,0,0,0.0,0.0,0.0,437,900
677.0934909430312,9.3,43.6,1,0,0,3.311,2.988,2.048,437,900
677.1489095874355,9.3,43.6,2,0,0,7.006,5.591,4.53,437,900
677.343705221284,9.3,43.6,1,0,0,3.311,2.988,2.048,437,900
677.3834931198548,9.3,43.6,0,0,0,0.0,0.0,0.0,437,900
677.4541211328179,9.3,43.6,1,0,0,3.311,2.988,2.048,437,900
677.5914001603644,9.3,43.6,2,0,0,7.006,5.591,4.53,437,900
677.6528144271635,9.3,43.6,1,0,0,3.311,2.988,2.048,437,900
677.7669683961935,9.3,43.6,2,0,0,7.006,5.591,4.53,437,900
677.8862516579719,9.3,43.6,1,0,0,3.311,2.988,2.048,437,900
677.8893923322353,9.3,43.6,2,1,0,13.279,10.07,9.16,438,900
677.9030456655686,9.3,43.6,2,0,0,7.006,5.591,4.53,438,900
677.9687237450353,9.3,43.6,1,0,0,3.311,2.988,2.048,438,900
677.9976497295685,9.3,43.6,0,0,0,0.0,0.0,0.0,438,900
678.0867708695615,9.3,43.6,1,0,0,3.311,2.988,2.048,438,900
678.0895890980129,9.3,43.6,2,0,0,7.006,5.591,4.53,438,900
678.0988248842658,9.3,43.6,3,0,0,10.385,7.547,7.321,438,900
678.2318916854202,9.3,43.6,2,0,0,7.006,5.591,4.53,438,900
678.2922171369,9.3,43.6,1,0,0,3.311,2.988,2.048,438,900
678.3269930096056,9.3,43.6,2,0,0,7.006,5.591,4.53,438,900
678.3984969666583,9.3,43.6,1,0,0,3.311,2.988,2.048,438,900
678.4141606519229,9.3,43.6,2,0,0,7.006,5.591,4.53,438,900
678.4731172017542,9.3,43.6,1,0,0,3.311,2.988,2.048,438,900
678.5716309776798,9.3,43.6,2,0,0,7.006,5.591,4.53,438,900
678.6160781367367,9.3,43.6,3,0,0,10.385,7.547,7.321,438,900
678.6239974217573,9.3,43.6,2,0,0,7.006,5.591,4.53,438,900
678.7209805825688,9.3,43.6,1,0,0,3.311,2.988,2.048,438,900
678.8226195162357,9.3,41.03191919226896,2,0,0,7.006,5.591,4.53,438,900
678.9212085959133,9.3,18.2,1,0,0,3.311,2.988,2.048,438,900
678.9750681018651,9.3,18.2,0,0,0,0.0,0.0,0.0,438,900
679.0799699222723,9.3,18.2,1,0,0,3.311,2.988,2.048,438,900
679.1436362087759,9.3,18.2,2,0,0,7.006,5.591,4.53,438,900
679.235264977827,9.3,18.2,1,0,0,3.311,2.988,2.048,438,900
679.2439045236385,9.3,18.2,2,1,0,13.279,10.07,9.16,439,900
679.2671809080879,9.3,18.2,2,0,0,7.006,5.591,4.53,439,900
679.3415233868559,9.3,18.2,3,0,0,10.385,7.547,7.321,439,900
679.3617849720882,9.3,18.2,2,0,0,7.006,5.591,4.53,439,900
679.3906391932761,9.3,18.2,3,0,0,10.385,7.547,7.321,439,900
679.4347612183992,9.3,18.2,3,1,0,17.589,12.354,12.134,440,900
679.4526216835155,9.3,18.2,3,0,0,10.385,7.547,7.321,440,900
679.5472257475157,9.3,18.2,2,0,0,7.006,5.591,4.53,440,900
679.6211674088022,9.3,18.2,1,0,0,3.311,2.988,2.048,440,900
679.6460290525738,9.3,18.2,2,0,0,7.006,5.591,4.53,440,900
679.654304610469,9.3,18.2,3,0,0,10.385,7.547,7.321,440,900
679.6543251937875,9.3,18.2,2,0,0,7.006,5.591,4.53,440,900
679.681305657384,9.3,18.2,3,0,0,10.385,7.547,7.321,440,900
679.8489622455775,9.3,18.2,2,0,0,7.006,5.591,4.53,440,900
679.9263921827761,9.3,18.2,1,0,0,3.311,2.988,2.048,440,900
679.9575898262424,9.3,18.2,2,0,0,7.006,5.591,4.53,440,900
679.9609544857713,9.3,18.2,3,0,0,10.385,7.547,7.321,440,900
679.995787078129,9.3,18.2,2,0,0,7.006,5.591,4.53,440,900
680.0395294939025,9.3,18.2,3,0,0,10.385,7.547,7.321,440,900
680.1583875174065,11.242826151430815,18.2,2,0,0,7.006,5.591,4.53,440,900
680.16070194612,11.339851814700864,18.2,1,0,0,3.311,2.988,2.048,440,900
680.2266751262521,13.5,18.2,2,0,0,7.006,5.591,4.53,440,900
680.2407455170473,13.5,18.2,1,0,0,3.311,2.988,2.048,440,900
680.2754762038619,13.5,18.2,2,0,0,7.006,5.591,4.53,440,900
680.2775046845542,13.5,18.2,3,0,0,10.385,7.547,7.321,440,900
680.4827827061429,13.5,18.2,2,0,0,7.006,5.591,4.53,440,900
680.541978427206,13.5,18.2,1,0,0,3.311,2.988,2.048,440,900
680.5600012576027,13.5,18.2,0,0,0,0.0,0.0,0.0,440,900
680.6012826154324,13.5,18.2,1,0,0,3.311,2.988,2.048,440,900
680.6043920368177,13.5,18.2,2,0,0,7.006,5.591,4.53,440,900
680.6327421254782,13.5,18.2,2,0,1,7.412,5.635,5.165,440,900
680.6781544215744,13.5,18.2,3,0,1,11.271,8.091,7.803,440,900
680.679624397478,13.5,18.2,3,0,0,10.385,7.547,7.321,440,900
680.8098643095474,13.5,18.2,2,0,0,7.006,5.591,4.53,440,900
680.8137133236469,13.5,18.00319728288775,1,0,0,3.311,2.988,2.048,440,900
680.8840338679305,13.5,6.847789962424981,0,0,0,0.0,0.0,0.0,440,900
681.3615350539535,13.5,2.31,1,0,0,3.311,2.988,2.048,440,900
681.6214483673886,13.5,2.31,0,0,0,0.0,0.0,0.0,440,900
681.8354598873628,13.5,2.31,1,1,0,9.246,7.695,5.518,441,900
681.8486822689985,13.5,2.31,1,0,0,3.311,2.988,2.048,441,900
681.9118630689984,13.5,2.31,0,0,0,0.0,0.0,0.0,441,900
682.0018033262897,13.5,2.31,1,0,0,3.311,2.988,2.048,441,900
682.1422295656528,13.5,2.31,0,0,0,0.0,0.0,0.0,441,900
682.2352100014459,13.5,2.31,1,0,0,3.311,2.988,2.048,441,900
682.3794794593108,13.5,2.31,0,0,0,0.0,0.0,0.0,441,900
682.4755158166063,13.5,2.31,1,0,0,3.311,2.988,2.048,441,900
682.6226432129737,13.5,2.31,0,0,0,0.0,0.0,0.0,441,900
682.7218562617711,13.5,2.31,1,0,0,3.311,2.988,2.048,441,900
682.8719933086405,13.5,2.31,0,0,0,0.0,0.0,0.0,441,900
682.9736659959768,13.5,35.85611148731503,1,0,0,3.311,2.988,2.048,441,900
682.97436963994,13.5,36.241056216466156,2,0,0,7.006,5.591,4.53,441,900
683.1273085293114,13.5,57.2,1,0,0,3.311,2.988,2.048,441,900
683.2064399355602,13.5,57.2,2,0,0,7.006,5.591,4.53,441,900
683.2329304781135,13.5,57.2,3,0,0,10.385,7.547,7.321,441,900
683.2529566910948,13.5,57.2,2,0,0,7.006,5.591,4.53,441,900
683.3893916899875,13.5,57.2,1,0,0,3.311,2.988,2.048,441,900
683.4981912922917,13.5,57.2,2,0,0,7.006,5.591,4.53,441,900
683.5353832442548,13.5,57.2,1,0,0,3.311,2.988,2.048,441,900
683.6950673287104,13.5,57.2,0,0,0,0.0,0.0,0.0,441,900
683.8105468630916,13.5,57.2,1,0,0,3.311,2.988,2.048,441,900
683.9931406624795,13.5,57.2,2,0,0,7.006,5.591,4.53,441,900
684.0131976976921,13.444443892383411,57.2,1,0,0,3.311,2.988,2.048,441,900
684.1324821228274,5.5,57.2,2,0,0,7.006,5.591,4.53,441,900
684.2215489764792,5.5,57.2,1,0,0,3.311,2.988,2.048,441,900
684.2612459684791,5.5,57.2,1,0,1,3.994,3.474,2.656,441,900
684.2976442134615,5.5,57.2,1,0,0,3.311,2.988,2.048,441,900
684.3248192560608,5.5,57.2,1,0,1,3.994,3.474,2.656,441,900
684.3396501031812,5.5,57.2,0,0,1,0.528,0.57,0.438,441,900
684.3718154053836,5.5,57.2,0,0,0,0.0,0.0,0.0,441,900
684.3999646270465,5.5,57.2,0,0,1,0.528,0.57,0.438,441,900
684.4479498994328,5.5,57.2,0,0,0,0.0,0.0,0.0,441,900
684.4626799600701,5.5,57.2,1,0,0,3.311,2.988,2.048,441,900
684.4769697161595,5.5,57.2,1,0,1,3.994,3.474,2.656,441,900
684.5263941916094,5.5,57.2,1,0,0,3.311,2.988,2.048,441,900
684.5564348433996,5.5,57.2,1,0,1,3.994,3.474,2.656,441,900
684.606911673913,5.5,57.2,1,0,0,3.311,2.988,2.048,441,900
684.6733852461783,5.5,57.2,0,0,0,0.0,0.0,0.0,441,900
684.8001310018211,5.5,57.2,1,0,0,3.311,2.988,2.048,441,900
685.0142321216832,5.5,42.9,0,0,0,0.0,0.0,0.0,441,900
685.3155272190797,5.5,42.9,1,0,0,3.311,2.988,2.048,441,900
685.3947497367673,5.5,42.9,2,1,0,13.279,10.07,9.16,442,900
685.4020756509168,5.5,42.9,2,0,0,7.006,5.591,4.53,442,900
685.465256450917,5.5,42.9,1,0,0,3.311,2.988,2.048,442,900
685.5341780265514,5.5,42.9,2,0,0,7.006,5.591,4.53,442,900
685.5790776575726,5.5,42.9,1,0,0,3.311,2.988,2.048,442,900
685.6224550203609,5.5,42.9,0,0,0,0.0,0.0,0.0,442,900
685.6927879200445,5.5,42.9,1,0,0,3.311,2.988,2.048,442,900
685.7828090709033,5.5,42.9,0,0,0,0.0,0.0,0.0,442,900
685.8546596656362,5.5,42.9,1,0,0,3.311,2.988,2.048,442,900
685.9458858375438,5.5,42.9,0,0,0,0.0,0.0,0.0,442,900
686.0191780923261,5.5,42.9,1,0,0,3.311,2.988,2.048,442,900
686.1125612532833,5.5,42.9,0,0,0,0.0,0.0,0.0,442,900
686.1873494101147,5.5,42.9,1,0,0,3.311,2.988,2.048,442,900
686.2814830641208,5.5,42.9,0,0,0,0.0,0.0,0.0,442,900
686.3576878230016,5.5,42.9,1,0,0,3.311,2.988,2.048,442,900
686.4533781780572,5.5,42.9,0,0,0,0.0,0.0,0.0,442,900
686.5311465529871,5.5,42.9,1,0,0,3.311,2.988,2.048,442,900
686.628576617092,5.5,42.9,0,0,0,0.0,0.0,0.0,442,900
686.7079600620712,5.5,42.9,1,0,0,3.311,2.988,2.048,442,900
686.8078824627744,5.5,42.9,0,0,0,0.0,0.0,0.0,442,900
686.8925138395992,5.5,42.9,1,0,0,3.311,2.988,2.048,442,900
686.9964619612308,5.5,42.9,0,0,0,0.0,0.0,0.0,442,900
687.0827611758975,5.5,32.014153574295825,1,0,0,3.311,2.988,2.048,442,900
687.1882464183711,5.5,27.4,0,0,0,0.0,0.0,0.0,442,900
687.2762457968801,5.5,27.4,1,0,0,3.311,2.988,2.048,442,900
687.414939360196,5.737080075819614,27.4,0,0,0,0.0,0.0,0.0,442,900
687.5048584923534,14.42552447949444,27.4,1,0,0,3.311,2.988,2.048,442,900
687.6453130593181,15.1,27.4,0,0,0,0.0,0.0,0.0,442,900
687.7371121701253,15.1,27.4,1,0,0,3.311,2.988,2.048,442,900
687.7609700597833,15.1,27.4,2,1,0,13.279,10.07,9.16,443,900
687.7847226371028,15.1,27.4,2,0,0,7.006,5.591,4.53,443,900
687.8790226527395,15.1,27.4,1,0,0,3.311,2.988,2.048,443,900
687.889032890432,15.1,27.4,1,1,0,9.246,7.695,5.518,444,900
687.9169574531029,15.1,27.4,0,1,0,4.554,4.957,2.003,444,900
687.9728572011957,15.1,27.4,1,1,0,9.246,7.695,5.518,444,900
687.9993886684321,15.1,27.4,1,0,0,3.311,2.988,2.048,444,900
688.1171312794588,15.1,27.4,0,0,0,0.0,0.0,0.0,444,900
688.2126553415642,15.1,27.4,1,0,0,3.311,2.988,2.048,444,900
688.2391768627863,15.1,27.4,1,0,1,3.994,3.474,2.656,444,900
688.2744291347863,15.1,27.4,1,0,0,3.311,2.988,2.048,444,900
688.3583397994763,15.1,27.4,0,0,0,0.0,0.0,0.0,444,900
688.4325253984763,15.1,27.4,1,0,0,3.311,2.988,2.048,444,900
688.5818695480378,15.1,27.4,0,0,0,0.0,0.0,0.0,444,900
688.6815786884414,15.1,27.4,1,0,0,3.311,2.988,2.048,444,900
688.8301290256517,15.1,27.4,0,0,0,0.0,0.0,0.0,444,900
688.9318393327042,15.1,27.4,1,0,0,3.311,2.988,2.048,444,900
689.0842477295639,15.1,27.4,0,0,0,0.0,0.0,0.0,444,900
689.1878261132656,15.1,27.4,1,0,0,3.311,2.988,2.048,444,900
689.3407056257744,15.1,27.4,0,0,0,0.0,0.0,0.0,444,900
689.4325566245834,15.1,27.4,1,1,0,9.246,7.695,5.518,445,900
689.4461870901252,15.1,27.4,2,1,0,13.279,10.07,9.16,445,900
689.4469117647703,15.1,27.4,2,0,0,7.006,5.591,4.53,445,900
689.5415158287706,15.1,27.4,1,0,0,3.311,2.988,2.048,445,900
689.6022957342834,15.1,27.4,0,0,0,0.0,0.0,0.0,445,900
689.635980670995,15.1,27.4,1,0,0,3.311,2.988,2.048,445,900
689.7096807972837,15.1,27.4,2,0,0,7.006,5.591,4.53,445,900
689.7808325293441,15.1,27.4,1,0,0,3.311,2.988,2.048,445,900
689.8679622850908,15.1,27.4,0,0,0,0.0,0.0,0.0,445,900
689.8786259074408,15.1,27.4,1,0,0,3.311,2.988,2.048,445,900
689.9773889257399,15.1,27.4,2,0,0,7.006,5.591,4.53,445,900
690.027465950662,15.1,27.4,1,0,0,3.311,2.988,2.048,445,900
690.1288383606309,15.1,27.4,2,0,0,7.006,5.591,4.53,445,900
690.1392644498025,15.1,27.4,1,0,0,3.311,2.988,2.048,445,900
690.2065400363882,15.1,27.4,1,0,1,3.994,3.474,2.656,445,900
690.283154937678,15.1,27.4,2,0,1,7.412,5.635,5.165,445,900
690.2949223083883,15.1,27.4,2,0,0,7.006,5.591,4.53,445,900
690.3183867807243,15.1,27.4,1,0,0,3.311,2.988,2.048,445,900
690.4234542036901,15.1,27.4,2,0,0,7.006,5.591,4.53,445,900
690.5141679792998,15.1,27.4,1,0,0,3.311,2.988,2.048,445,900
690.6160496647801,15.1,27.4,0,0,0,0.0,0.0,0.0,445,900
690.6609848421441,15.1,27.4,1,0,0,3.311,2.988,2.048,445,900
690.7252000617426,15.1,27.4,2,0,0,7.006,5.591,4.53,445,900
690.8953876497345,15.1,27.4,1,0,0,3.311,2.988,2.048,445,900
690.9216593880841,15.1,27.4,0,0,0,0.0,0.0,0.0,445,900
691.0336382514686,15.1,27.4,1,0,0,3.311,2.988,2.048,445,900
691.0455577335481,15.1,27.4,2,0,0,7.006,5.591,4.53,445,900
691.0485747707723,15.1,27.4,3,1,0,17.589,12.354,12.134,446,900
691.0909747707723,15.1,27.4,3,0,0,10.385,7.547,7.321,446,900
691.223209586772,15.1,27.4,2,0,0,7.006,5.591,4.53,446,900
691.2339053420837,15.1,27.4,1,0,0,3.311,2.988,2.048,446,900
691.2828739231073,15.1,27.4,0,0,0,0.0,0.0,0.0,446,900
691.3497090183146,15.1,27.4,1,0,0,3.311,2.988,2.048,446,900
691.4362119178896,15.1,27.4,2,0,0,7.006,5.591,4.53,446,900
691.4857039083876,15.1,27.4,3,1,0,17.589,12.354,12.134,447,900
691.500081443489,15.1,27.4,3,0,0,10.385,7.547,7.321,447,900
691.5531249187761,15.1,27.4,2,0,0,7.006,5.591,4.53,447,900
691.5946855074893,15.1,27.4,1,0,0,3.311,2.988,2.048,447,900
691.6376238073607,15.1,27.4,2,0,0,7.006,5.591,4.53,447,900
691.6729085058533,15.1,27.4,3,0,0,10.385,7.547,7.321,447,900
691.6769428334186,15.1,27.4,2,0,0,7.006,5.591,4.53,447,900
691.6892309385097,15.1,27.4,3,0,0,10.385,7.547,7.321,447,900
691.8801020801614,15.1,27.4,2,0,0,7.006,5.591,4.53,447,900
691.9320434275568,15.1,27.4,3,0,0,10.385,7.547,7.321,447,900
692.0773587646679,15.1,27.4,2,0,0,7.006,5.591,4.53,447,900
692.0809701345836,15.1,27.4,1,0,0,3.311,2.988,2.048,447,900
692.182433764615,15.1,113.10919518401585,2,0,0,7.006,5.591,4.53,447,900
692.2155396452388,15.1,149.0,1,0,0,3.311,2.988,2.048,447,900
692.2372816023883,15.1,149.0,2,0,0,7.006,5.591,4.53,447,900
692.372074164147,15.1,149.0,1,0,0,3.311,2.988,2.048,447,900
692.4772388821847,7.570224339783061,149.0,2,0,0,7.006,5.591,4.53,447,900
692.4848158258549,6.698754477354466,149.0,1,0,0,3.311,2.988,2.048,447,900
692.647900143544,3.6,149.0,2,0,0,7.006,5.591,4.53,447,900
692.6699323977228,3.6,149.0,1,0,0,3.311,2.988,2.048,447,900
692.7778159455873,3.6,149.0,2,0,0,7.006,5.591,4.53,447,900
692.8982398769791,3.6,149.0,1,0,0,3.311,2.988,2.048,447,900
692.9731072024119,3.6,149.0,0,0,0,0.0,0.0,0.0,447,900
692.9840913900083,3.6,149.0,1,0,0,3.311,2.988,2.048,447,900
693.0316049949722,3.6,149.0,2,1,0,13.279,10.07,9.16,448,900
693.0645379606373,3.6,149.0,3,1,0,17.589,12.354,12.134,448,900
693.122004994972,3.6,149.0,3,0,0,10.385,7.547,7.321,448,900
693.2542398109721,3.6,149.0,2,0,0,7.006,5.591,4.53,448,900
693.2842916106102,3.6,149.0,1,0,0,3.311,2.988,2.048,448,900
693.3159967692561,3.6,149.0,2,1,0,13.279,10.07,9.16,449,900
693.3183845480415,3.6,149.0,1,1,0,9.246,7.695,5.518,449,900
693.3487939222811,3.6,149.0,1,0,0,3.311,2.988,2.048,449,900
693.3995369889844,3.6,149.0,2,0,0,7.006,5.591,4.53,449,900
693.481028738281,3.6,149.0,1,0,0,3.311,2.988,2.048,449,900
693.4880401416684,3.6,149.0,2,0,0,7.006,5.591,4.53,449,900
693.6023909215951,3.6,149.0,1,0,0,3.311,2.988,2.048,449,900
693.7215868508622,3.6,149.0,2,0,0,7.006,5.591,4.53,449,900
693.7868272997233,3.6,149.0,1,0,0,3.311,2.988,2.048,449,900
693.9281890973657,3.6,149.0,0,0,0,0.0,0.0,0.0,449,900
694.002089495843,3.6,149.0,1,0,0,3.311,2.988,2.048,449,900
694.0513388125257,3.6,149.0,2,0,0,7.006,5.591,4.53,449,900
694.1639793265731,3.6,149.0,2,0,1,7.412,5.635,5.165,449,900
694.2623889569227,3.6,90.7105418438714,1,0,1,3.994,3.474,2.656,449,900
694.2631615985729,3.6,89.80744131729207,1,0,0,3.311,2.988,2.048,449,900
694.3048692745441,3.6,41.05751420383886,0,0,0,0.0,0.0,0.0,449,900
694.5244750693105,3.6,32.1,1,0,0,3.311,2.988,2.048,449,900
694.8318692926579,3.6,32.1,0,0,0,0.0,0.0,0.0,449,900
694.9473456380922,3.6,32.1,1,0,0,3.311,2.988,2.048,449,900
695.0302943239764,3.6,32.1,2,0,0,7.006,5.591,4.53,449,900
695.05579100307,3.6,32.1,3,0,0,10.385,7.547,7.321,449,900
695.2606985287304,3.6,32.1,2,0,0,7.006,5.591,4.53,449,900
695.2953587108158,3.6,32.1,1,0,0,3.311,2.988,2.048,449,900
695.367250359063,3.6,32.1,0,0,0,0.0,0.0,0.0,449,900
695.464743198573,3.6,32.1,1,1,0,9.246,7.695,5.518,450,900
695.537243198573,3.6,32.1,1,0,0,3.311,2.988,2.048,450,900
695.6694780145731,3.6,32.1,0,0,0,0.0,0.0,0.0,450,900
695.7678989046809,3.6,32.1,1,0,0,3.311,2.988,2.048,450,900
695.954007410511,3.6,32.1,0,0,0,0.0,0.0,0.0,450,900
696.056794597396,3.6,32.1,1,0,0,3.311,2.988,2.048,450,900
696.2472477650035,3.6,32.1,0,0,0,0.0,0.0,0.0,450,900
696.3539754196654,3.6,32.1,1,0,0,3.311,2.988,2.048,450,900
696.5496630090499,3.6,32.1,0,0,0,0.0,0.0,0.0,450,900
696.6605816624894,3.6,32.1,1,0,0,3.311,2.988,2.048,450,900
696.8591509056508,3.6,32.1,0,0,0,0.0,0.0,0.0,450,900
696.974313612867,3.6,32.1,1,0,0,3.311,2.988,2.048,450,900
696.9790263649713,3.6,32.1,2,0,0,7.006,5.591,4.53,450,900
697.1773472938055,3.6,32.1,1,0,0,3.311,2.988,2.048,450,900
697.2818310659867,3.6,32.1,2,0,0,7.006,5.591,4.53,450,900
697.4454280609712,4.6,32.1,1,0,0,3.311,2.988,2.048,450,900
697.473411985896,4.6,32.1,0,0,0,0.0,0.0,0.0,450,900
697.5806532397614,4.6,32.1,1,0,0,3.311,2.988,2.048,450,900
697.6127459681207,4.6,32.1,2,0,0,7.006,5.591,4.53,450,900
697.7750126864779,4.6,32.1,1,0,0,3.311,2.988,2.048,450,900
697.9482506362878,4.6,32.1,0,0,0,0.0,0.0,0.0,450,900
698.013147628288,4.6,32.1,0,0,1,0.528,0.57,0.438,450,900
698.074241964288,4.6,32.1,0,0,0,0.0,0.0,0.0,450,900
698.125414444288,4.6,32.1,0,0,1,0.528,0.57,0.438,450,900
698.1962683002881,4.6,32.1,0,0,0,0.0,0.0,0.0,450,900
698.2474368442881,4.6,32.1,0,0,1,0.528,0.57,0.438,450,900
698.3183017082881,4.6,32.1,0,0,0,0.0,0.0,0.0,450,900
698.3693627322882,4.6,32.1,0,0,1,0.528,0.57,0.438,450,900
698.4406886842884,4.6,32.1,0,0,0,0.0,0.0,0.0,450,900
698.4917924282882,4.6,32.1,0,0,1,0.528,0.57,0.438,450,900
698.5631926202882,4.6,32.1,0,0,0,0.0,0.0,0.0,450,900
698.6149854888715,4.6,32.1,0,0,1,0.528,0.57,0.438,450,900
698.687233662205,4.6,32.1,0,0,0,0.0,0.0,0.0,450,900
699.0826445321511,4.6,32.1,1,0,0,3.311,2.988,2.048,450,900
699.3359917174985,4.6,32.1,0,0,0,0.0,0.0,0.0,450,900
699.412841024038,4.6,32.1,1,1,0,9.246,7.695,5.518,451,900
699.428201024038,4.6,32.1,1,0,0,3.311,2.988,2.048,451,900
699.5228050880379,4.6,32.1,0,0,0,0.0,0.0,0.0,451,900
699.6208859495379,4.6,32.1,1,0,0,3.311,2.988,2.048,451,900
699.7693879003712,4.6,32.1,0,0,0,0.0,0.0,0.0,451,900
699.8710358102048,4.6,32.1,1,0,0,3.311,2.988,2.048,451,900
700.0609727463714,4.6,32.1,0,0,0,0.0,0.0,0.0,451,900
700.1668399308714,4.6,32.1,1,0,0,3.311,2.988,2.048,451,900
700.3607258057051,4.6,32.1,0,0,0,0.0,0.0,0.0,451,900
700.470690602872,4.6,32.1,1,0,0,3.311,2.988,2.048,451,900
700.6689173130728,4.6,32.1,0,0,0,0.0,0.0,0.0,451,900
700.8225089396947,4.6,32.1,1,0,0,3.311,2.988,2.048,451,900
701.0640852878091,4.6,32.1,0,0,0,0.0,0.0,0.0,451,900
701.2243912603689,4.6,32.1,1,0,0,3.311,2.988,2.048,451,900
701.4731913644204,4.6,32.1,0,0,0,0.0,0.0,0.0,451,900
701.6398154649175,4.6,32.1,1,0,0,3.311,2.988,2.048,451,900
701.8302153844505,4.6,32.1,2,1,0,13.279,10.07,9.16,452,900
701.83482254347,4.6,32.1,2,1,1,13.839,10.395,10.164,452,900
701.8707153844507,4.6,32.1,2,0,1,7.412,5.635,5.165,452,900
701.8851048154703,4.6,32.1,2,0,0,7.006,5.591,4.53,452,900
701.8941607009078,4.6,32.1,1,0,0,3.311,2.988,2.048,452,900
702.0029502004511,4.6,32.1,0,0,0,0.0,0.0,0.0,452,900
703.0421856065369,4.6,32.1,1,1,0,9.246,7.695,5.518,454,900
703.0560234443748,4.6,32.1,1,0,0,3.311,2.988,2.048,454,900
703.150627508375,4.6,32.1,0,0,0,0.0,0.0,0.0,454,900
703.2432308220148,4.6,32.1,1,0,0,3.311,2.988,2.048,454,900
703.3498853873439,4.6,32.1,2,0,0,7.006,5.591,4.53,454,900
703.3862036108735,4.6,32.1,1,0,0,3.311,2.988,2.048,454,900
703.4820126740478,4.6,32.1,2,0,0,7.006,5.591,4.53,454,900
703.6288508614414,4.6,32.1,1,0,0,3.311,2.988,2.048,454,900
703.6788286960386,4.6,32.1,0,0,0,0.0,0.0,0.0,454,900
703.7281161701502,4.6,32.1,1,0,0,3.311,2.988,2.048,454,900
703.878223564078,4.6,32.1,0,0,0,0.0,0.0,0.0,454,900
703.905000379818,4.6,32.1,0,0,1,0.528,0.57,0.438,454,900
703.9333326518181,4.6,32.1,0,0,0,0.0,0.0,0.0,454,900
703.9806578243215,4.6,32.1,1,0,0,3.311,2.988,2.048,454,900
704.133907992784,4.6,32.1,0,0,0,0.0,0.0,0.0,454,900
704.2396489335616,4.6,32.1,1,0,0,3.311,2.988,2.048,454,900
704.3959129805587,4.6,32.1,0,0,0,0.0,0.0,0.0,454,900
704.5034509409979,4.6,32.1,1,0,0,3.311,2.988,2.048,454,900
704.6992437037959,4.6,32.1,0,0,0,0.0,0.0,0.0,454,900
704.8102641685998,4.6,32.1,1,0,0,3.311,2.988,2.048,454,900
705.0093602845467,4.6,32.1,0,0,0,0.0,0.0,0.0,454,900
705.0762420537334,4.6,32.1,1,1,0,9.246,7.695,5.518,455,900
705.0892065812009,4.6,32.1,2,2,0,21.094,15.238,15.196,456,900
705.0963204851059,4.6,32.1,2,1,0,13.279,10.07,9.16,456,900
705.1024479605112,4.6,32.1,2,0,0,7.006,5.591,4.53,456,900
705.1242592714999,4.6,32.1,3,0,0,10.385,7.547,7.321,456,900
705.1656287605113,4.6,32.1,2,0,0,7.006,5.591,4.53,456,900
705.228555301106,4.6,32.1,1,0,0,3.311,2.988,2.048,456,900
705.2556367373446,4.6,32.1,2,0,0,7.006,5.591,4.53,456,900
705.3263097805967,4.6,32.1,1,0,0,3.311,2.988,2.048,456,900
705.3442084434698,4.6,32.1,2,0,0,7.006,5.591,4.53,456,900
705.396131340431,4.6,32.1,1,0,0,3.311,2.988,2.048,456,900
705.4447067456992,4.6,32.1,2,0,0,7.006,5.591,4.53,456,900
705.4891840050341,4.6,32.1,3,0,0,10.385,7.547,7.321,456,900
705.5477100627202,4.6,32.1,2,0,0,7.006,5.591,4.53,456,900
705.6335263358905,4.6,32.1,1,0,0,3.311,2.988,2.048,456,900
705.6512479039455,4.6,32.1,0,0,0,0.0,0.0,0.0,456,900
705.6690163911777,4.6,32.1,1,0,0,3.311,2.988,2.048,456,900
705.7218735284424,4.6,32.1,2,0,0,7.006,5.591,4.53,456,900
705.729639431264,4.6,32.1,3,0,0,10.385,7.547,7.321,456,900
705.878149561522,4.6,32.1,2,0,0,7.006,5.591,4.53,456,900
705.9761385060342,4.6,32.1,3,0,0,10.385,7.547,7.321,456,900
705.9831623005938,4.6,32.1,2,0,0,7.006,5.591,4.53,456,900
706.116821580531,4.6,32.1,1,0,0,3.311,2.988,2.048,456,900
706.1264445942105,4.6,32.1,0,0,0,0.0,0.0,0.0,456,900
706.2320716331031,4.6,32.1,1,0,0,3.311,2.988,2.048,456,900
706.3882856485283,4.6,32.1,0,0,0,0.0,0.0,0.0,456,900
706.4973292341484,4.6,32.1,1,0,0,3.311,2.988,2.048,456,900
706.5362680909957,4.6,32.1,2,0,0,7.006,5.591,4.53,456,900
706.6572365013016,4.6,32.1,1,0,0,3.311,2.988,2.048,456,900
706.7696286696496,4.6,32.1,2,0,0,7.006,5.591,4.53,456,900
706.7977036029785,4.6,32.1,1,0,0,3.311,2.988,2.048,456,900
706.9696018605305,4.6,32.1,0,0,0,0.0,0.0,0.0,456,900
707.0856319821388,4.6,32.1,1,0,0,3.311,2.988,2.048,456,900
707.2888369532797,4.6,32.1,0,0,0,0.0,0.0,0.0,456,900
707.3507970706615,4.6,32.1,0,1,0,4.554,4.957,2.003,457,900
707.408700360148,4.6,32.1,1,1,0,9.246,7.695,5.518,457,900
707.5125715859757,4.6,32.1,2,2,0,21.094,15.238,15.196,458,900
707.5429874275598,4.6,32.1,2,1,0,13.279,10.07,9.16,458,900
707.5519528486615,4.6,32.1,2,0,0,7.006,5.591,4.53,458,900
707.6164508715489,4.6,32.1,1,0,0,3.311,2.988,2.048,458,900
707.6752222435597,4.6,32.1,0,0,0,0.0,0.0,0.0,458,900
707.7400881046777,4.6,32.1,1,0,0,3.311,2.988,2.048,458,900
707.9514043163388,4.6,34.1,0,0,0,0.0,0.0,0.0,458,900
708.0787858427276,4.6,34.1,1,0,0,3.311,2.988,2.048,458,900
708.2935262826489,4.6,34.1,0,0,0,0.0,0.0,0.0,458,900
708.5954855452978,4.6,34.1,1,0,0,3.311,2.988,2.048,458,900
708.8597178956098,4.6,34.1,0,0,0,0.0,0.0,0.0,458,900
708.9118163970749,4.6,34.1,1,0,0,3.311,2.988,2.048,458,900
709.1123252425032,4.6,34.1,2,1,0,13.279,10.07,9.16,459,900
709.1255476241387,4.6,34.1,2,0,0,7.006,5.591,4.53,459,900
709.1887284241387,4.6,34.1,1,0,0,3.311,2.988,2.048,459,900
709.27866868143,4.6,34.1,2,0,0,7.006,5.591,4.53,459,900
709.3152528152973,4.6,34.1,1,0,0,3.311,2.988,2.048,459,900
709.4190949207931,4.6,34.1,0,0,0,0.0,0.0,0.0,459,900
709.5120753565867,4.6,34.1,1,0,0,3.311,2.988,2.048,459,900
709.656344814452,4.6,34.1,0,0,0,0.0,0.0,0.0,459,900
709.7523811717476,4.6,34.1,1,0,0,3.311,2.988,2.048,459,900
709.899508568115,4.6,34.1,0,0,0,0.0,0.0,0.0,459,900
709.9987216169129,4.6,34.1,1,0,0,3.311,2.988,2.048,459,900
710.1488586637823,4.6,34.1,0,0,0,0.0,0.0,0.0,459,900
710.2512349950823,4.6,34.1,1,0,0,3.311,2.988,2.048,459,900
710.4041738844539,4.6,34.1,0,0,0,0.0,0.0,0.0,459,900
710.5097958332561,4.6,34.1,1,0,0,3.311,2.988,2.048,459,900
710.6662570451302,4.6,34.1,0,0,0,0.0,0.0,0.0,459,900
710.7750566474347,4.6,34.1,1,0,0,3.311,2.988,2.048,459,900
710.9739337408578,4.6,34.1,0,0,0,0.0,0.0,0.0,459,900
711.088978722216,4.6,34.1,1,0,0,3.311,2.988,2.048,459,900
711.2911922024845,4.6,34.1,0,0,0,0.0,0.0,0.0,459,900
711.4100196641264,4.6,34.1,1,0,0,3.311,2.988,2.048,459,900
711.6167278796785,4.6,34.1,0,0,0,0.0,0.0,0.0,459,900
711.7392783626038,4.6,34.1,1,0,0,3.311,2.988,2.048,459,900
711.9495014734399,4.6,34.1,0,0,0,0.0,0.0,0.0,459,900
712.0757454446489,4.6,34.1,1,0,0,3.311,2.988,2.048,459,900
712.2791703650421,4.6,34.1,1,0,1,3.994,3.474,2.656,459,900
712.2893419787678,4.6,34.1,0,0,1,0.528,0.57,0.438,459,900
712.307632637042,4.6,34.1,0,0,0,0.0,0.0,0.0,459,900
712.5901128812604,4.6,34.1,1,0,0,3.311,2.988,2.048,459,900
712.8531251183057,4.6,34.1,0,0,0,0.0,0.0,0.0,459,900
713.4906086337189,4.6,34.1,1,1,0,9.246,7.695,5.518,460,900
713.5172444718692,4.6,34.1,1,0,0,3.311,2.988,2.048,460,900
713.6494792878691,4.6,34.1,0,0,0,0.0,0.0,0.0,460,900
715.3866152719818,4.6,34.1,0,0,1,0.528,0.57,0.438,460,900
715.4150075439817,4.6,34.1,0,0,0,0.0,0.0,0.0,460,900
715.9634651055346,4.6,30.9,0,1,0,4.554,4.957,2.003,461,900
716.084066261686,4.6,30.9,0,0,0,0.0,0.0,0.0,461,900
716.5686252772057,4.6,30.9,1,1,0,9.246,7.695,5.518,462,900
716.5807515929951,4.6,30.9,1,0,0,3.311,2.988,2.048,462,900
716.643932392995,4.6,30.9,0,0,0,0.0,0.0,0.0,463,900
716.7299655891268,11.565640566614412,30.9,1,0,0,3.311,2.988,2.048,463,900
716.835516977469,43.8,30.9,0,0,0,0.0,0.0,0.0,463,900
716.9239381418636,43.8,30.9,1,0,0,3.311,2.988,2.048,463,900
717.0632810194691,43.8,30.9,0,0,0,0.0,0.0,0.0,463,900
717.1546755773373,43.8,30.9,1,0,0,3.311,2.988,2.048,463,900
717.2967610964162,43.8,30.9,0,0,0,0.0,0.0,0.0,463,900
717.3908149047581,43.8,30.9,1,0,0,3.311,2.988,2.048,463,900
717.4466795646123,43.8,30.9,1,0,1,3.994,3.474,2.656,463,900
717.4832661451701,43.8,30.9,1,0,0,3.311,2.988,2.048,463,900
717.5355916733108,43.8,30.9,0,0,0,0.0,0.0,0.0,463,900
717.6327191931266,43.8,30.9,1,0,0,3.311,2.988,2.048,463,900
717.7803091311534,43.8,30.9,0,0,0,0.0,0.0,0.0,463,900
717.8803374714432,43.8,11.089463846287934,1,0,0,3.311,2.988,2.048,463,900
718.029338001945,43.8,1.75,0,0,0,0.0,0.0,0.0,463,900
718.1301146788386,43.8,1.75,1,0,0,3.311,2.988,2.048,463,900
718.281394042336,43.8,1.75,0,0,0,0.0,0.0,0.0,463,900
718.3847756974577,43.8,1.75,1,0,0,3.311,2.988,2.048,463,900
718.5384390761835,43.8,1.75,0,0,0,0.0,0.0,0.0,463,900
718.6412585378066,43.8,1.75,1,1,0,9.246,7.695,5.518,464,900
718.6447408385336,43.8,1.75,2,1,0,13.279,10.07,9.16,464,900
718.6555469098996,43.8,1.75,2,0,0,7.006,5.591,4.53,464,900
718.7501509738996,43.8,1.75,1,0,0,3.311,2.988,2.048,464,900
718.838368392488,43.8,1.75,0,0,0,0.0,0.0,0.0,464,900
718.8443755490624,43.8,1.75,1,0,0,3.311,2.988,2.048,464,900
718.9479797356706,43.8,1.75,2,0,0,7.006,5.591,4.53,464,900
718.9889848763493,43.8,1.75,1,0,0,3.311,2.988,2.048,464,900
719.0865221393803,43.8,1.75,2,0,0,7.006,5.591,4.53,464,900
719.1454109824576,43.8,1.75,1,0,0,3.311,2.988,2.048,464,900
719.1873963403003,43.8,1.75,1,1,0,9.246,7.695,5.518,465,900
719.2351038035356,43.8,1.75,0,1,0,4.554,4.957,2.003,465,900
719.257923621473,43.8,1.75,1,1,0,9.246,7.695,5.518,465,900
719.3362042504347,43.8,1.75,2,1,0,13.279,10.07,9.16,465,900
719.3525521183003,43.8,1.75,2,0,0,7.006,5.591,4.53,465,900
719.4587882250922,43.8,1.75,1,0,0,3.311,2.988,2.048,465,900
719.5254784434579,43.8,1.75,0,0,0,0.0,0.0,0.0,465,900
719.5747431169398,43.8,1.75,1,0,0,3.311,2.988,2.048,465,900
719.6302557913494,43.8,1.75,2,0,0,7.006,5.591,4.53,465,900
719.7781296853917,43.8,1.75,1,0,0,3.311,2.988,2.048,465,900
719.8234983513495,43.8,1.75,0,0,0,0.0,0.0,0.0,465,900
719.8972058050717,43.8,1.75,1,0,0,3.311,2.988,2.048,465,900
719.9298885263493,43.8,20.660439358874736,2,0,0,7.006,5.591,4.53,465,900
720.104030082356,46.10897546935405,106.0,1,0,0,3.311,2.988,2.048,465,900
720.1232575503493,46.3,106.0,0,0,0,0.0,0.0,0.0,465,900
720.2294455483491,46.3,106.0,1,0,0,3.311,2.988,2.048,465,900
720.2774497283557,46.3,106.0,2,0,0,7.006,5.591,4.53,465,900
720.4234410043493,46.3,106.0,1,0,0,3.311,2.988,2.048,465,900
720.484497787285,46.3,106.0,0,0,0,0.0,0.0,0.0,465,900
720.5296076613494,46.3,106.0,1,0,0,3.311,2.988,2.048,465,900
720.7229057733496,46.3,106.0,0,0,0,0.0,0.0,0.0,465,900
720.8308612166462,46.3,106.0,1,0,0,3.311,2.988,2.048,465,900
721.0261527789845,46.3,106.0,0,0,0,0.0,0.0,0.0,465,900
721.1375004226147,46.3,106.0,1,0,0,3.311,2.988,2.048,465,900
721.3366782972867,46.3,106.0,0,0,0,0.0,0.0,0.0,465,900
721.4380367873067,46.3,106.0,0,0,1,0.528,0.57,0.438,465,900
721.4820190593067,46.3,106.0,0,0,0,0.0,0.0,0.0,465,900
721.5363406061837,46.3,106.0,0,1,0,4.554,4.957,2.003,466,900
721.8414963841836,46.3,106.0,0,0,0,0.0,0.0,0.0,467,900
722.0922200072504,46.3,51.864373147365484,1,0,0,3.311,2.988,2.048,467,900
722.3437975658801,46.3,38.7,0,0,0,0.0,0.0,0.0,467,900
722.6380478576446,46.3,38.7,1,1,0,9.246,7.695,5.518,468,900
722.6513657767197,46.3,38.7,1,0,0,3.311,2.988,2.048,468,900
722.7145465767197,46.3,38.7,0,0,0,0.0,0.0,0.0,468,900
722.8048273889337,46.3,38.7,1,0,0,3.311,2.988,2.048,468,900
722.9455974227428,46.3,38.7,0,0,0,0.0,0.0,0.0,468,900
723.0389410901241,46.3,38.7,1,0,0,3.311,2.988,2.048,468,900
723.1835770191008,46.3,38.7,0,0,0,0.0,0.0,0.0,468,900
723.2799992846499,46.3,38.7,1,0,0,3.311,2.988,2.048,468,900
723.4275158287943,46.3,38.7,0,0,0,0.0,0.0,0.0,468,900
723.5271374625111,46.3,38.7,1,0,0,3.311,2.988,2.048,468,900
723.677686333823,46.3,38.7,0,0,0,0.0,0.0,0.0,468,900
723.7804939267077,46.3,38.7,1,0,0,3.311,2.988,2.048,468,900
723.9338673171872,46.3,38.7,0,0,0,0.0,0.0,0.0,468,900
724.0399432042392,46.3,38.7,1,0,0,3.311,2.988,2.048,468,900
724.2046217884881,46.3,38.7,0,0,0,0.0,0.0,0.0,468,900
724.3664578864881,23.469308812433688,213.0,1,0,0,3.311,2.988,2.048,468,900
724.6154022384883,4.3,213.0,0,0,0,0.0,0.0,0.0,468,900
724.7770941414884,4.3,213.0,1,0,0,3.311,2.988,2.048,468,900
725.0254881254882,4.3,213.0,0,0,0,0.0,0.0,0.0,468,900
725.1872311654882,4.3,213.0,1,0,0,3.311,2.988,2.048,468,900
725.4363885414878,4.3,213.0,0,0,0,0.0,0.0,0.0,468,900
725.5981232594878,4.3,213.0,1,0,0,3.311,2.988,2.048,468,900
725.847064187488,4.3,213.0,0,0,0,0.0,0.0,0.0,468,900
726.008761050488,4.3,213.0,1,0,0,3.311,2.988,2.048,468,900
726.2258853687523,4.3,185.15978002521408,0,0,0,0.0,0.0,0.0,468,900
726.5303211517901,4.3,12.5,1,0,0,3.311,2.988,2.048,468,900
726.7970961953795,4.3,12.5,0,0,0,0.0,0.0,0.0,468,900
727.4968670166785,4.3,12.5,0,1,0,4.554,4.957,2.003,469,900
727.5895711817752,4.3,12.5,0,0,0,0.0,0.0,0.0,469,900
728.6786819674419,18.9,206.0,0,0,1,0.528,0.57,0.438,469,900
728.7070442394418,18.9,206.0,0,0,0,0.0,0.0,0.0,469,900
729.8640412005951,18.9,206.0,1,1,0,9.246,7.695,5.518,470,900
729.8974412005949,18.9,206.0,1,0,0,3.311,2.988,2.048,470,900
729.9920452645949,18.9,206.0,0,0,0,0.0,0.0,0.0,470,900
730.0844994887447,18.9,206.0,1,0,0,3.311,2.988,2.048,470,900
730.091757016687,18.9,206.0,2,1,0,13.279,10.07,9.16,471,900
730.1246713024012,18.9,206.0,2,0,0,7.006,5.591,4.53,471,900
730.2273217832657,18.9,206.0,1,0,0,3.311,2.988,2.048,471,900
730.2569061184016,18.9,206.0,0,0,0,0.0,0.0,0.0,471,900
730.3229719230144,18.9,206.0,1,0,0,3.311,2.988,2.048,471,900
730.4696497821341,18.9,206.0,0,0,0,0.0,0.0,0.0,471,900
730.5687463334815,18.9,206.0,1,0,0,3.311,2.988,2.048,471,900
730.7186835652,18.9,142.0,0,0,0,0.0,0.0,0.0,471,900
730.8209392341461,18.9,142.0,1,0,0,3.311,2.988,2.048,471,900
730.9286092348806,18.9,142.0,1,0,1,3.994,3.474,2.656,471,900
730.9740094064631,18.9,142.0,0,0,1,0.528,0.57,0.438,471,900
731.0198915068802,18.9,142.0,0,0,0,0.0,0.0,0.0,471,900
731.0795619220078,18.9,142.0,1,0,0,3.311,2.988,2.048,471,900
731.1807724894395,18.9,142.0,2,1,0,13.279,10.07,9.16,472,900
731.2086997621669,18.9,142.0,2,0,0,7.006,5.591,4.53,472,900
731.235636138924,18.9,142.0,1,0,0,3.311,2.988,2.048,472,900
731.3409345781671,18.9,142.0,0,0,0,0.0,0.0,0.0,472,900
731.3443679310678,18.9,142.0,1,0,0,3.311,2.988,2.048,472,900
731.5415255525821,23.045284079705617,142.0,0,0,0,0.0,0.0,0.0,472,900
731.6515585789924,33.1,142.0,1,0,0,3.311,2.988,2.048,472,900
731.8496606349981,33.1,142.0,0,0,0,0.0,0.0,0.0,472,900
731.9635192111714,33.1,142.0,1,0,0,3.311,2.988,2.048,472,900
732.1645226879402,33.1,142.0,0,0,0,0.0,0.0,0.0,472,900
732.2135731068795,33.1,142.0,1,1,0,9.246,7.695,5.518,473,900
732.2274109447173,33.1,142.0,1,0,0,3.311,2.988,2.048,473,900
732.2818262698768,33.1,142.0,2,0,0,7.006,5.591,4.53,473,900
732.3220150087176,33.1,142.0,1,0,0,3.311,2.988,2.048,473,900
732.4146183223571,33.1,142.0,2,0,0,7.006,5.591,4.53,473,900
732.4872674234089,33.1,142.0,1,0,0,3.311,2.988,2.048,473,900
732.5575911112161,33.1,142.0,0,0,0,0.0,0.0,0.0,473,900
732.6080741851082,33.1,142.0,1,0,0,3.311,2.988,2.048,473,900
732.6534001743903,33.1,102.61859977181282,2,0,0,7.006,5.591,4.53,473,900
732.8002383617832,33.1,45.9,1,0,0,3.311,2.988,2.048,473,900
732.8168824874026,33.1,45.9,0,0,0,0.0,0.0,0.0,473,900
732.8995036704921,33.1,45.9,1,0,0,3.311,2.988,2.048,473,900
733.04961106442,33.1,45.9,0,0,0,0.0,0.0,0.0,473,900
733.1520453246634,33.1,45.9,1,0,0,3.311,2.988,2.048,473,900
733.3052954931262,33.1,45.9,0,0,0,0.0,0.0,0.0,473,900
733.3602428732995,33.1,45.9,1,1,0,9.246,7.695,5.518,474,900
733.3687889498656,33.1,45.9,2,1,0,13.279,10.07,9.16,474,900
733.4203680311261,33.1,45.9,3,1,0,17.589,12.354,12.134,474,900
733.4204428732995,33.1,45.9,3,0,0,10.385,7.547,7.321,474,900
733.5150469372996,33.1,45.9,2,0,0,7.006,5.591,4.53,474,900
733.5860332492298,33.1,45.9,1,0,0,3.311,2.988,2.048,474,900
733.6180543612998,33.1,45.9,2,0,0,7.006,5.591,4.53,474,900
733.6289522968772,33.1,45.9,1,0,0,3.311,2.988,2.048,474,900
733.7047819149537,33.1,45.9,2,0,0,7.006,5.591,4.53,474,900
733.8080349372996,33.1,45.9,1,0,0,3.311,2.988,2.048,474,900
733.9111107772998,33.1,45.9,2,0,0,7.006,5.591,4.53,474,900
733.9120273887816,33.1,45.9,1,0,0,3.311,2.988,2.048,474,900
734.0350646383331,33.1,45.9,2,0,0,7.006,5.591,4.53,474,900
734.0641698492996,33.1,45.9,1,0,0,3.311,2.988,2.048,474,900
734.1671510962997,33.1,45.9,2,0,0,7.006,5.591,4.53,474,900
734.2462581209886,33.1,45.9,1,0,0,3.311,2.988,2.048,474,900
734.3581043855145,33.1,45.9,0,0,0,0.0,0.0,0.0,474,900
734.3738185483678,33.1,45.9,1,0,0,3.311,2.988,2.048,474,900
734.4649685061775,33.1,45.9,2,0,0,7.006,5.591,4.53,474,900
734.5886110798506,33.1,45.9,1,0,0,3.311,2.988,2.048,474,900
734.6594399741899,33.1,45.9,0,0,0,0.0,0.0,0.0,474,900
734.7203141410573,33.1,50.64115733508554,1,0,0,3.311,2.988,2.048,474,900
734.770143680651,33.1,80.8195579431384,2,0,0,7.006,5.591,4.53,474,900
734.9402419773671,33.409367388080014,106.0,1,0,0,3.311,2.988,2.048,474,900
734.9685193434614,33.718179724762074,106.0,0,0,0,0.0,0.0,0.0,474,900
735.0761458464017,34.2,106.0,1,0,0,3.311,2.988,2.048,474,900
735.0834352747204,34.2,106.0,2,0,0,7.006,5.591,4.53,474,900
735.286532572329,34.2,106.0,1,0,0,3.311,2.988,2.048,474,900
735.3001384595392,34.2,106.0,0,0,0,0.0,0.0,0.0,474,900
735.3823678643793,34.2,106.0,0,0,1,0.528,0.57,0.438,474,900
735.4052645103867,34.2,106.0,1,0,1,3.994,3.474,2.656,474,900
735.4805501363795,34.2,106.0,1,0,0,3.311,2.988,2.048,474,900
735.6114048187937,34.2,106.0,0,0,0,0.0,0.0,0.0,474,900
735.7342601166492,34.2,106.0,1,0,0,3.311,2.988,2.048,474,900
735.8491871391827,34.2,106.0,2,1,0,13.279,10.07,9.16,475,900
735.8678396574018,34.2,106.0,3,1,0,17.589,12.354,12.134,475,900
735.943387139183,34.2,106.0,3,0,0,10.385,7.547,7.321,475,900
735.9446236598542,34.2,106.0,2,0,0,7.006,5.591,4.53,475,900
736.075621955183,34.2,106.0,1,0,0,3.311,2.988,2.048,475,900
736.144756978402,34.2,106.0,0,0,0,0.0,0.0,0.0,475,900
736.1464901366645,34.2,106.0,1,1,0,9.246,7.695,5.518,476,900
736.1601031351873,34.2,106.0,1,0,0,3.311,2.988,2.048,476,900
736.2547071991874,34.2,106.0,0,0,0,0.0,0.0,0.0,476,900
736.3465014215624,34.2,106.0,1,0,0,3.311,2.988,2.048,476,900
736.488657495211,34.2,106.0,0,0,0,0.0,0.0,0.0,476,900
736.5836040994988,34.2,106.0,1,0,0,3.311,2.988,2.048,476,900
736.6811317363794,34.2,106.0,2,1,0,13.279,10.07,9.16,477,900
736.6943921680341,34.2,106.0,2,0,0,7.006,5.591,4.53,477,900
736.72957220406,34.2,106.0,1,0,0,3.311,2.988,2.048,477,900
736.7575729680341,34.2,106.0,0,0,0,0.0,0.0,0.0,477,900
736.8279216862609,34.2,89.76781414194028,1,0,0,3.311,2.988,2.048,477,900
736.8476488592859,34.2,69.14996535251636,2,0,0,7.006,5.591,4.53,477,900
736.977105629735,34.2,1.83,1,0,0,3.311,2.988,2.048,477,900
736.9882120228253,34.2,1.83,0,0,0,0.0,0.0,0.0,477,900
737.0115876375073,34.2,1.83,1,0,0,3.311,2.988,2.048,477,900
737.0785706958487,34.2,1.83,2,0,0,7.006,5.591,4.53,477,900
737.0813371240915,34.2,1.83,3,0,0,10.385,7.547,7.321,477,900
737.2257525376456,34.2,1.83,2,0,0,7.006,5.591,4.53,477,900
737.2308440462358,34.2,1.83,1,0,0,3.311,2.988,2.048,477,900
737.3055496999733,34.2,1.83,0,0,0,0.0,0.0,0.0,477,900
737.3219425919261,34.2,1.83,1,0,0,3.311,2.988,2.048,477,900
737.3355624252624,34.2,1.83,2,0,0,7.006,5.591,4.53,477,900
737.4692249754944,34.2,1.83,1,0,0,3.311,2.988,2.048,477,900
737.490796286562,34.2,1.83,0,0,0,0.0,0.0,0.0,477,900
737.5686007527894,34.2,1.83,1,0,0,3.311,2.988,2.048,477,900
737.5986504085016,34.2,1.83,2,0,0,7.006,5.591,4.53,477,900
737.7189018183723,34.2,1.83,1,0,0,3.311,2.988,2.048,477,900
737.7949241407144,34.2,1.83,0,0,0,0.0,0.0,0.0,477,900
737.820594412953,34.2,1.83,1,0,0,3.311,2.988,2.048,477,900
737.9064492638398,34.2,1.83,2,0,0,7.006,5.591,4.53,477,900
737.9715315840431,34.2,1.83,1,0,0,3.311,2.988,2.048,477,900
738.0750622689181,34.2,1.83,2,0,0,7.006,5.591,4.53,477,900
738.1060534222387,34.2,1.83,1,0,0,3.311,2.988,2.048,477,900
738.2214841405503,34.2,1.83,2,0,0,7.006,5.591,4.53,477,900
738.2294172925908,34.2,1.83,1,0,0,3.311,2.988,2.048,477,900
738.3360211610485,36.908003792396066,1.83,2,0,0,7.006,5.591,4.53,477,900
738.4240697651354,45.5,1.83,1,0,0,3.311,2.988,2.048,477,900
738.5301667093039,45.5,1.83,0,0,0,0.0,0.0,0.0,477,900
738.5430255346332,45.5,1.83,1,0,0,3.311,2.988,2.048,477,900
738.6400937891417,45.5,1.83,2,0,0,7.006,5.591,4.53,477,900
738.7501288814042,45.5,1.83,1,0,0,3.311,2.988,2.048,477,900
738.837156375777,45.5,9.607551406769518,0,0,0,0.0,0.0,0.0,477,900
738.8726678760883,45.5,20.78324437212097,1,0,0,3.311,2.988,2.048,477,900
738.9506019989947,45.5,33.3,2,0,0,7.006,5.591,4.53,477,900
739.0832184170454,45.5,33.3,1,0,0,3.311,2.988,2.048,477,900
739.1518953840098,45.5,33.3,0,0,0,0.0,0.0,0.0,477,900
739.2688000916074,45.5,33.3,1,0,0,3.311,2.988,2.048,477,900
739.4733444350029,45.5,33.3,0,0,0,0.0,0.0,0.0,477,900
739.5936786939808,45.5,33.3,1,0,0,3.311,2.988,2.048,477,900
739.6376843498866,45.5,33.3,2,0,0,7.006,5.591,4.53,477,900
739.8013325237564,45.5,33.3,1,0,0,3.311,2.988,2.048,477,900
739.9040257711188,45.5,33.3,0,0,0,0.0,0.0,0.0,477,900
740.0959297771142,45.5,33.3,1,0,0,3.311,2.988,2.048,477,900
740.3526034044595,45.5,33.3,0,0,0,0.0,0.0,0.0,477,900
741.5972619367764,45.5,69.8,1,1,0,9.246,7.695,5.518,478,900
741.7272619367765,45.5,69.8,1,0,0,3.311,2.988,2.048,478,900
741.8594967527762,45.5,69.8,0,0,0,0.0,0.0,0.0,478,900
743.4047958218771,7.1,254.0,1,1,0,9.246,7.695,5.518,479,900
743.4176314764732,7.1,254.0,1,0,0,3.311,2.988,2.048,479,900
743.5122355404732,7.1,254.0,0,0,0,0.0,0.0,0.0,479,900
743.6012324665624,7.1,254.0,1,0,0,3.311,2.988,2.048,479,900
743.7405648854201,7.1,254.0,0,0,0,0.0,0.0,0.0,479,900
743.8325296838907,7.1,254.0,1,0,0,3.311,2.988,2.048,479,900
743.9754896241301,7.1,254.0,0,0,0,0.0,0.0,0.0,479,900
744.0706727909826,7.1,254.0,1,0,0,3.311,2.988,2.048,479,900
744.1270999281859,7.1,254.0,2,1,0,13.279,10.07,9.16,480,900
744.1434985046983,7.1,254.0,2,0,0,7.006,5.591,4.53,480,900
744.2166640606038,7.1,254.0,1,0,0,3.311,2.988,2.048,480,900
744.2381025686984,7.1,254.0,0,0,0,0.0,0.0,0.0,480,900
744.3147783018377,7.1,254.0,1,0,0,3.311,2.988,2.048,480,900
744.3399207800649,7.1,254.0,2,0,0,7.006,5.591,4.53,480,900
744.4636744688405,7.1,254.0,1,0,0,3.311,2.988,2.048,480,900
744.4921952972535,7.1,254.0,0,0,0,0.0,0.0,0.0,480,900
744.5648575134558,7.1,254.0,1,0,0,3.311,2.988,2.048,480,900
744.5978270723743,7.1,254.0,2,0,0,7.006,5.591,4.53,480,900
744.7165296818401,7.1,254.0,1,0,0,3.311,2.988,2.048,480,900
744.748698647401,7.1,254.0,1,0,1,3.994,3.474,2.656,480,900
744.777230919401,7.1,254.0,1,0,0,3.311,2.988,2.048,480,900
744.791783090317,7.1,254.0,0,0,0,0.0,0.0,0.0,480,900
744.8206639598371,7.1,254.0,1,0,0,3.311,2.988,2.048,480,900
744.9019158720149,7.1,254.0,2,0,0,7.006,5.591,4.53,480,900
745.0137599661415,7.1,254.0,1,0,0,3.311,2.988,2.048,480,900
745.1001025605344,7.1,254.0,0,0,0,0.0,0.0,0.0,480,900
745.125900606958,7.1,254.0,1,0,0,3.311,2.988,2.048,480,900
745.1930133649537,7.1,254.0,2,1,0,13.279,10.07,9.16,481,900
745.2146146868084,7.1,249.21275000559177,3,1,0,17.589,12.354,12.134,481,900
745.2270207450276,7.1,223.1302472274358,3,0,0,10.385,7.547,7.321,481,900
745.3261244105768,7.1,44.3,2,0,0,7.006,5.591,4.53,481,900
745.3592555610278,7.1,44.3,1,0,0,3.311,2.988,2.048,481,900
745.4167933899046,7.1,44.3,0,0,0,0.0,0.0,0.0,481,900
745.4422036668077,7.1,44.3,1,0,0,3.311,2.988,2.048,481,900
745.5356189377552,7.1,44.3,2,0,0,7.006,5.591,4.53,481,900
745.6238833067755,7.1,44.3,3,0,0,10.385,7.547,7.321,481,900
745.6454419568408,7.1,44.3,2,0,0,7.006,5.591,4.53,481,900
745.7421756714282,7.1,44.3,1,0,0,3.311,2.988,2.048,481,900
745.7650792844862,7.1,44.3,2,0,0,7.006,5.591,4.53,481,900
745.8778660526995,7.1,44.3,3,0,0,10.385,7.547,7.321,481,900
745.9335350905698,7.1,44.3,3,1,0,17.589,12.354,12.134,482,900
745.9469891051684,7.1,44.3,3,0,0,10.385,7.547,7.321,482,900
745.999436728365,7.1,44.3,2,0,0,7.006,5.591,4.53,482,900
746.0101699051685,7.1,44.3,1,0,0,3.311,2.988,2.048,482,900
746.0961218899934,7.1,44.3,2,0,0,7.006,5.591,4.53,482,900
746.1009358465702,7.1,44.3,3,0,0,10.385,7.547,7.321,482,900
746.1028654766999,7.1,44.3,2,0,0,7.006,5.591,4.53,482,900
746.2421956243514,10.1,44.3,1,0,0,3.311,2.988,2.048,482,900
746.3073911368549,10.1,44.3,0,0,0,0.0,0.0,0.0,482,900
746.3360567244097,10.1,44.3,1,0,0,3.311,2.988,2.048,482,900
746.4344855333287,10.1,44.3,2,0,0,7.006,5.591,4.53,482,900
746.4812147008475,10.1,44.3,1,0,0,3.311,2.988,2.048,482,900
746.5781867025632,10.1,44.3,2,0,0,7.006,5.591,4.53,482,900
746.6491723066048,10.1,44.3,1,0,0,3.311,2.988,2.048,482,900
746.7262575976579,10.1,44.3,0,0,0,0.0,0.0,0.0,482,900
746.8269123279258,10.1,44.3,1,0,0,3.311,2.988,2.048,482,900
746.8653090294929,10.1,44.3,2,0,0,7.006,5.591,4.53,482,900
746.9789070385929,10.1,44.3,1,0,0,3.311,2.988,2.048,482,900
747.0832287110375,10.1,44.3,2,0,0,7.006,5.591,4.53,482,900
747.0835532249746,10.1,44.3,3,1,0,17.589,12.354,12.134,483,900
747.1014136900909,10.1,44.3,3,0,0,10.385,7.547,7.321,483,900
747.128187718787,10.1,44.3,2,0,0,7.006,5.591,4.53,483,900
747.1960177540909,10.1,44.3,1,0,0,3.311,2.988,2.048,483,900
747.238127554445,10.1,43.41863719650853,0,0,0,0.0,0.0,0.0,483,900
747.3030966170446,10.1,41.20108491213339,1,0,0,3.311,2.988,2.048,483,900
747.3457971346302,10.1,40.9,2,0,0,7.006,5.591,4.53,483,900
747.497754252153,10.1,40.9,1,0,0,3.311,2.988,2.048,483,900
747.5043205907782,10.1,40.9,0,0,0,0.0,0.0,0.0,483,900
747.6097464923467,10.1,40.9,1,0,0,3.311,2.988,2.048,483,900
747.6152701147041,10.1,40.9,2,0,0,7.006,5.591,4.53,483,900
747.8094939526953,10.1,40.9,1,0,0,3.311,2.988,2.048,483,900
747.8137908555929,10.1,40.9,0,0,0,0.0,0.0,0.0,483,900
747.8819803137018,10.1,40.9,1,0,0,3.311,2.988,2.048,483,900
747.9262966911297,10.1,40.9,2,0,0,7.006,5.591,4.53,483,900
747.9282998882227,10.1,40.9,3,0,0,10.385,7.547,7.321,483,900
748.1299739648148,10.1,40.9,2,0,0,7.006,5.591,4.53,483,900
748.1315747127184,10.1,40.9,1,0,0,3.311,2.988,2.048,483,900
748.233539465191,10.1,40.9,0,0,0,0.0,0.0,0.0,483,900
748.2482378381482,10.1,40.9,1,0,0,3.311,2.988,2.048,483,900
748.2531840433928,10.1,40.9,2,0,0,7.006,5.591,4.53,483,900
748.4543790104442,10.1,40.9,1,0,0,3.311,2.988,2.048,483,900
748.462505330222,10.1,40.9,0,0,0,0.0,0.0,0.0,483,900
748.4995674401192,10.1,40.9,0,0,1,0.528,0.57,0.438,483,900
748.5390497121192,10.1,40.9,0,0,0,0.0,0.0,0.0,483,900
748.5763382654814,10.1,40.9,1,0,0,3.311,2.988,2.048,483,900
748.7859666934817,10.1,40.9,0,0,0,0.0,0.0,0.0,483,900
748.9115917972224,10.1,40.9,1,0,0,3.311,2.988,2.048,483,900
748.9517450734602,10.1,40.9,1,0,1,3.994,3.474,2.656,483,900
748.9803873454601,10.1,40.9,1,0,0,3.311,2.988,2.048,483,900
749.1245660089259,10.1,40.9,0,0,0,0.0,0.0,0.0,483,900
749.4246904043711,10.1,40.9,1,0,0,3.311,2.988,2.048,483,900
749.6870388596305,8.678063132285022,205.0,0,0,0,0.0,0.0,0.0,483,900
749.6953538832882,8.52004475526307,205.0,1,1,0,9.246,7.695,5.518,484,900
749.7160175604183,8.2,205.0,1,0,0,3.311,2.988,2.048,484,900
749.8482523764187,8.2,205.0,0,0,0,0.0,0.0,0.0,484,900
749.9660313885936,8.2,205.0,1,0,0,3.311,2.988,2.048,484,900
749.9737304567974,8.2,205.0,1,1,0,9.246,7.695,5.518,485,900
750.1389744221224,8.2,205.0,2,2,0,21.094,15.238,15.196,486,900
750.1535567006034,8.2,205.0,2,1,0,13.279,10.07,9.16,486,900
750.171678722414,8.2,205.0,1,1,0,9.246,7.695,5.518,486,900
750.2481607646035,8.2,205.0,0,1,0,4.554,4.957,2.003,486,900
750.2952696787546,8.2,205.0,1,1,0,9.246,7.695,5.518,486,900
750.304886234797,8.2,205.0,1,0,0,3.311,2.988,2.048,486,900
750.3434429710402,8.2,205.0,2,0,0,7.006,5.591,4.53,486,900
750.4891198955024,8.2,205.0,1,0,0,3.311,2.988,2.048,486,900
750.5067073217416,8.2,205.0,0,0,0,0.0,0.0,0.0,486,900
750.5877845511164,8.2,205.0,1,0,0,3.311,2.988,2.048,486,900
750.774711861756,8.2,205.0,0,0,0,0.0,0.0,0.0,486,900
750.8552319421386,8.2,205.0,1,0,0,3.311,2.988,2.048,486,900
750.8773848215724,8.2,205.0,2,0,0,7.006,5.591,4.53,486,900
751.0680501004141,8.2,205.0,1,0,0,3.311,2.988,2.048,486,900
751.1746097024333,8.2,205.0,2,0,0,7.006,5.591,4.53,486,900
751.184175250833,8.2,205.0,1,0,0,3.311,2.988,2.048,486,900
751.3687742934776,8.2,205.0,0,0,0,0.0,0.0,0.0,486,900
751.4741837125566,8.2,205.0,1,0,0,3.311,2.988,2.048,486,900
751.6672264787795,8.2,193.9808959516964,0,0,0,0.0,0.0,0.0,486,900
751.7765392490082,8.2,185.0,1,0,0,3.311,2.988,2.048,486,900
751.9739947763806,8.2,185.0,0,0,0,0.0,0.0,0.0,486,900
752.0868146797588,8.2,185.0,1,0,0,3.311,2.988,2.048,486,900
752.2870043442807,8.2,185.0,0,0,0,0.0,0.0,0.0,486,900
752.4036387338086,8.2,185.0,1,0,0,3.311,2.988,2.048,486,900
752.6077427594804,8.2,185.0,0,0,0,0.0,0.0,0.0,486,900
753.5428175432485,13.7,185.0,1,0,0,3.311,2.988,2.048,486,900
753.6681769551576,13.7,185.0,2,0,0,7.006,5.591,4.53,486,900
753.7949073945564,13.7,185.0,1,0,0,3.311,2.988,2.048,486,900
753.9296124671399,13.7,193.57644903408473,0,0,0,0.0,0.0,0.0,486,900
755.7128093877865,13.7,234.0,0,0,1,0.528,0.57,0.438,486,900
755.7414616597863,13.7,234.0,0,0,0,0.0,0.0,0.0,486,900
755.8545802533655,13.7,234.0,1,1,0,9.246,7.695,5.518,487,900
755.8858209313315,13.7,234.0,1,0,0,3.311,2.988,2.048,487,900
756.0180557473316,13.7,234.0,0,0,0,0.0,0.0,0.0,487,900
756.8994540524224,13.7,234.0,1,1,0,9.246,7.695,5.518,488,900
756.9137424245154,13.7,234.0,1,0,0,3.311,2.988,2.048,488,900
757.0083464885155,13.7,234.0,0,0,0,0.0,0.0,0.0,488,900
757.1025710636783,13.7,234.0,1,0,0,3.311,2.988,2.048,488,900
757.247180390965,13.7,234.0,0,0,0,0.0,0.0,0.0,488,900
757.3447176539959,13.7,234.0,1,0,0,3.311,2.988,2.048,488,900
757.4932993181508,13.7,234.0,0,0,0,0.0,0.0,0.0,488,900
757.59439976505,13.7,234.0,1,0,0,3.311,2.988,2.048,488,900
757.7836739580731,13.7,234.0,0,0,0,0.0,0.0,0.0,488,900
757.8884513059648,13.7,234.0,1,0,0,3.311,2.988,2.048,488,900
758.0154129901911,13.7,234.0,2,1,0,13.279,10.07,9.16,489,900
758.0807544279804,13.7,234.0,1,1,0,9.246,7.695,5.518,489,900
758.08804717119,13.7,234.0,1,0,0,3.311,2.988,2.048,489,900
758.1895966378643,13.7,234.0,2,0,0,7.006,5.591,4.53,489,900
758.2202819871901,13.7,234.0,1,0,0,3.311,2.988,2.048,489,900
758.2718905286299,13.7,234.0,1,0,1,3.994,3.474,2.656,489,900
758.30035280063,13.7,234.0,1,0,0,3.311,2.988,2.048,489,900
758.3859021928722,13.7,234.0,0,0,0,0.0,0.0,0.0,489,900
758.4945311581071,13.7,234.0,1,0,0,3.311,2.988,2.048,489,900
758.6904689842374,13.7,234.0,0,0,0,0.0,0.0,0.0,489,900
758.8017345770237,13.7,234.0,1,0,0,3.311,2.988,2.048,489,900
759.0005825627616,13.7,34.00577079199874,0,0,0,0.0,0.0,0.0,489,900
759.1155894161556,13.7,7.94,1,0,0,3.311,2.988,2.048,489,900
759.1630276198239,13.7,7.94,2,1,0,13.279,10.07,9.16,490,900
759.2355276198238,13.7,7.94,2,0,0,7.006,5.591,4.53,490,900
759.3179764255003,13.7,7.94,1,0,0,3.311,2.988,2.048,490,900
759.367762435824,13.7,7.94,0,0,0,0.0,0.0,0.0,490,900
759.4367277745017,13.7,7.94,1,0,0,3.311,2.988,2.048,490,900
759.4571423668272,13.7,7.94,2,1,0,13.279,10.07,9.16,491,900
759.4708362747024,13.7,7.94,2,0,0,7.006,5.591,4.53,491,900
759.5654403387024,13.7,7.94,1,0,0,3.311,2.988,2.048,491,900
759.643353391454,13.7,7.94,0,0,0,0.0,0.0,0.0,491,900
759.657525715897,13.7,7.94,1,0,0,3.311,2.988,2.048,491,900
759.7999756878734,13.7,7.94,0,0,0,0.0,0.0,0.0,491,900
759.895232651539,13.7,7.94,1,0,0,3.311,2.988,2.048,491,900
760.0415138589859,13.7,7.94,0,0,0,0.0,0.0,0.0,491,900
760.1401929051225,13.7,7.94,1,0,0,3.311,2.988,2.048,491,900
760.2897091560408,13.7,7.94,0,0,0,0.0,0.0,0.0,491,900
760.3957527805248,13.7,7.94,1,0,0,3.311,2.988,2.048,491,900
760.4066511020627,13.7,7.94,2,0,0,7.006,5.591,4.53,491,900
760.5526407054741,13.7,7.94,1,0,0,3.311,2.988,2.048,491,900
760.6621897562127,13.7,7.94,2,0,0,7.006,5.591,4.53,491,900
760.6666892518865,13.7,7.94,1,0,0,3.311,2.988,2.048,491,900
760.8222903054166,13.7,7.94,0,0,0,0.0,0.0,0.0,491,900
760.9352272124103,13.7,7.94,1,0,0,3.311,2.988,2.048,491,900
760.9647887758324,13.7,7.94,2,1,0,13.279,10.07,9.16,492,900
760.9975859288573,13.7,7.94,2,0,0,7.006,5.591,4.53,492,900
761.1298207448573,13.7,56.3,1,0,0,3.311,2.988,2.048,492,900
761.1366197458689,13.7,56.3,0,0,0,0.0,0.0,0.0,492,900
761.2535157835821,13.7,56.3,1,0,0,3.311,2.988,2.048,492,900
761.4585268727604,13.7,56.3,0,0,0,0.0,0.0,0.0,492,900
761.5796166351937,13.7,56.3,1,0,0,3.311,2.988,2.048,492,900
761.7878973200918,13.7,56.3,0,0,0,0.0,0.0,0.0,492,900
761.9128002632443,14.9,56.3,1,0,0,3.311,2.988,2.048,492,900
762.1258867998621,14.9,56.3,0,0,0,0.0,0.0,0.0,492,900
762.2546610977346,14.9,56.3,1,0,0,3.311,2.988,2.048,492,900
762.4714829580723,14.9,56.3,0,0,0,0.0,0.0,0.0,492,900
762.5146341361395,14.9,56.3,0,0,1,0.528,0.57,0.438,492,900
762.5431264081395,14.9,56.3,0,0,0,0.0,0.0,0.0,492,900
763.0317251316648,14.9,48.20816800845264,1,0,0,3.311,2.988,2.048,492,900
763.3007304303716,14.9,14.6,0,0,0,0.0,0.0,0.0,492,900
763.6245509195553,14.9,14.6,0,1,0,4.554,4.957,2.003,493,900
763.6991552064774,14.9,14.6,1,2,0,15.716,13.138,11.485,494,900
763.7124731255525,14.9,14.6,1,1,0,9.246,7.695,5.518,494,900
763.7756539255527,14.9,14.6,0,1,0,4.554,4.957,2.003,494,900
763.8567066975556,14.9,14.6,0,0,0,0.0,0.0,0.0,494,900
763.8659347377666,14.9,14.6,1,0,0,3.311,2.988,2.048,494,900
764.0067047715756,14.9,14.6,0,0,0,0.0,0.0,0.0,494,900
764.100048438957,14.9,14.6,1,0,0,3.311,2.988,2.048,494,900
764.2446843679338,14.9,14.6,0,0,0,0.0,0.0,0.0,494,900
764.3125769897964,14.9,14.6,0,1,0,4.554,4.957,2.003,495,900
764.341106633483,14.9,14.6,1,1,0,9.246,7.695,5.518,495,900
764.4055489840126,14.9,14.6,1,0,0,3.311,2.988,2.048,495,900
764.4886231776273,14.9,14.6,0,0,0,0.0,0.0,0.0,495,900
764.588244811344,14.9,14.6,1,0,0,3.311,2.988,2.048,495,900
764.738793682656,14.9,14.6,0,0,0,0.0,0.0,0.0,495,900
764.8437743235912,14.9,14.6,1,0,0,3.311,2.988,2.048,495,900
765.0009623801751,14.9,14.6,0,0,0,0.0,0.0,0.0,495,900
765.1110235800905,14.9,14.6,1,0,0,3.311,2.988,2.048,495,900
765.271955723728,14.9,67.2,0,0,0,0.0,0.0,0.0,495,900
765.3854163416974,14.9,67.2,1,0,0,3.311,2.988,2.048,495,900
765.5864652443889,16.84107166305807,67.2,0,0,0,0.0,0.0,0.0,495,900
765.7036219131339,17.5,67.2,1,0,0,3.311,2.988,2.048,495,900
765.9079606936006,17.5,67.2,0,0,0,0.0,0.0,0.0,495,900
766.0290087451214,17.5,67.2,1,0,0,3.311,2.988,2.048,495,900
766.2379511633641,17.5,67.2,0,0,0,0.0,0.0,0.0,495,900
766.3628311386606,17.5,67.2,1,0,0,3.311,2.988,2.048,495,900
766.5753973546791,17.5,67.2,0,0,0,0.0,0.0,0.0,495,900
766.7040797207512,17.5,67.2,1,0,0,3.311,2.988,2.048,495,900
766.9201282625456,17.5,67.2,0,0,0,0.0,0.0,0.0,495,900
767.2234464623933,17.5,63.3,1,0,0,3.311,2.988,2.048,495,900
767.489074060851,17.5,63.3,0,0,0,0.0,0.0,0.0,495,900
769.2518109208868,17.5,71.21946592240053,0,0,1,0.528,0.57,0.438,495,900
769.2802731928867,17.5,76.9548216117338,0,0,0,0.0,0.0,0.0,495,900
769.882170278214,6.6,83.3,1,1,0,9.246,7.695,5.518,496,900
770.036931488531,6.6,83.3,1,0,0,3.311,2.988,2.048,496,900
770.1691663045309,6.6,83.3,0,0,0,0.0,0.0,0.0,496,900
770.4364193230023,6.6,83.3,1,1,0,9.246,7.695,5.518,497,900
770.449795230114,6.6,83.3,1,0,0,3.311,2.988,2.048,497,900
770.5129760301139,6.6,83.3,0,0,0,0.0,0.0,0.0,497,900
770.6034635477973,6.6,83.3,1,0,0,3.311,2.988,2.048,497,900
770.744442253359,6.6,83.3,0,0,0,0.0,0.0,0.0,497,900
770.838006390189,6.6,83.3,1,0,0,3.311,2.988,2.048,497,900
770.9828647548973,6.6,83.3,0,0,0,0.0,0.0,0.0,497,900
771.0795212538741,6.6,83.3,1,0,0,3.311,2.988,2.048,497,900
771.2272739977285,6.6,83.3,0,0,0,0.0,0.0,0.0,497,900
771.327143628852,6.6,83.3,1,0,0,3.311,2.988,2.048,497,900
771.4779424638535,6.6,140.1692781834522,0,0,0,0.0,0.0,0.0,497,900
771.5810118181237,6.6,170.0,1,0,0,3.311,2.988,2.048,497,900
771.7346489362715,6.6,170.0,0,0,0,0.0,0.0,0.0,497,900
771.8409743271912,6.6,170.0,1,0,0,3.311,2.988,2.048,497,900
771.885862099371,6.6,170.0,1,0,1,3.994,3.474,2.656,497,900
771.9945443713711,6.6,170.0,1,0,0,3.311,2.988,2.048,497,900
771.9980774431624,6.6,170.0,0,0,0,0.0,0.0,0.0,497,900
772.107546240438,6.6,170.0,1,0,0,3.311,2.988,2.048,497,900
772.1197013674125,6.6,170.0,2,1,0,13.279,10.07,9.16,498,900
772.139309878051,6.6,170.0,2,0,0,7.006,5.591,4.53,498,900
772.2715446940513,6.6,170.0,1,0,0,3.311,2.988,2.048,498,900
772.3045761902647,6.6,170.0,0,0,0,0.0,0.0,0.0,498,900
772.3854908777749,6.6,170.0,1,0,0,3.311,2.988,2.048,498,900
772.4175239809459,6.6,170.0,2,0,0,7.006,5.591,4.53,498,900
772.5872696041152,6.6,170.0,1,0,0,3.311,2.988,2.048,498,900
772.6176267511778,6.6,170.0,0,0,0,0.0,0.0,0.0,498,900
772.7067414997747,6.6,170.0,1,0,0,3.311,2.988,2.048,498,900
772.7342488672646,6.6,170.0,2,0,0,7.006,5.591,4.53,498,900
772.9231128052983,6.6,170.0,1,0,0,3.311,2.988,2.048,498,900
772.9387382179029,6.6,170.0,0,0,0,0.0,0.0,0.0,498,900
773.0589752003958,6.6,170.0,1,0,0,3.311,2.988,2.048,498,900
773.2056259713729,6.6,170.0,2,1,0,13.279,10.07,9.16,499,900
773.2188864030276,6.6,170.0,2,0,0,7.006,5.591,4.53,499,900
773.221085935849,6.6,170.0,2,1,0,13.279,10.07,9.16,500,900
773.2668712914395,6.6,170.0,1,1,0,9.246,7.695,5.518,500,900
773.2820672030276,6.6,170.0,0,1,0,4.554,4.957,2.003,500,900
773.3236997783654,6.6,170.0,0,0,0,0.0,0.0,0.0,500,900
773.3721430942796,6.6,170.0,1,0,0,3.311,2.988,2.048,500,900
773.3906936073383,6.6,170.0,2,0,0,7.006,5.591,4.53,500,900
773.512706257819,6.6,169.74545571172968,1,0,0,3.311,2.988,2.048,500,900
773.6018549667874,6.6,104.83339956247407,0,0,0,0.0,0.0,0.0,500,900
773.6058313590852,6.6,101.93805981957424,1,0,0,3.311,2.988,2.048,500,900
773.7509331876984,6.6,97.7,0,0,0,0.0,0.0,0.0,500,900
773.8493717804791,6.6,97.7,1,0,0,3.311,2.988,2.048,500,900
773.9000960590913,6.6,97.7,2,0,0,7.006,5.591,4.53,500,900
773.9989215780025,6.6,97.7,1,0,0,3.311,2.988,2.048,500,900
774.1006780219782,6.6,97.7,2,0,0,7.006,5.591,4.53,500,900
774.1605108891491,5.687160612728292,97.7,1,0,0,3.311,2.988,2.048,500,900
774.2533786296965,4.7,97.7,0,0,0,0.0,0.0,0.0,500,900
774.3584395158674,4.7,97.7,1,0,0,3.311,2.988,2.048,500,900
774.5140831257804,4.7,97.7,0,0,0,0.0,0.0,0.0,500,900
774.622530789146,4.7,97.7,1,0,0,3.311,2.988,2.048,500,900
774.7818378812544,4.7,97.7,0,0,0,0.0,0.0,0.0,500,900
774.893604357815,4.7,97.7,1,0,0,3.311,2.988,2.048,500,900
774.9995890772349,4.7,97.7,1,1,0,9.246,7.695,5.518,501,900
775.092947604118,4.7,97.7,0,1,0,4.554,4.957,2.003,501,900
775.2007448552349,4.7,97.7,0,0,0,0.0,0.0,0.0,501,900
775.2083180116155,4.7,97.7,1,0,0,3.311,2.988,2.048,501,900
775.4108590158553,4.7,97.7,0,0,0,0.0,0.0,0.0,501,900
775.5300286862903,4.7,97.7,1,0,0,3.311,2.988,2.048,501,900
775.7370812084667,4.7,116.03993071183926,0,0,0,0.0,0.0,0.0,501,900
775.8599906828385,4.7,171.0,1,0,0,3.311,2.988,2.048,501,900
775.9713582379884,4.7,171.0,2,0,0,7.006,5.591,4.53,501,900
776.0705748829525,4.7,171.0,1,0,0,3.311,2.988,2.048,501,900
776.0738157298516,4.7,171.0,1,0,1,3.994,3.474,2.656,501,900
776.1517980018516,4.7,171.0,1,0,0,3.311,2.988,2.048,501,900
776.1971946282614,4.7,171.0,2,0,0,7.006,5.591,4.53,501,900
776.2983125235024,4.7,171.0,1,0,0,3.311,2.988,2.048,501,900
776.411169034312,4.7,171.0,0,0,0,0.0,0.0,0.0,501,900
776.7123324935579,4.7,171.0,1,0,0,3.311,2.988,2.048,501,900
776.9757477765144,4.7,171.0,0,0,0,0.0,0.0,0.0,501,900
777.3321796018512,4.7,171.0,1,1,0,9.246,7.695,5.518,502,900
777.345459140756,4.7,171.0,1,0,0,3.311,2.988,2.048,502,900
777.4086399407562,4.7,171.0,0,0,0,0.0,0.0,0.0,502,900
777.4987839421453,4.7,171.0,1,0,0,3.311,2.988,2.048,502,900
777.6394158637188,4.7,171.0,0,0,0,0.0,0.0,0.0,502,900
777.7326136103989,4.7,171.0,1,0,0,3.311,2.988,2.048,502,900
777.864397452556,4.7,171.0,2,1,0,13.279,10.07,9.16,503,900
777.8771023172636,4.7,171.0,1,1,0,9.246,7.695,5.518,503,900
777.8932877346876,4.7,171.0,1,0,0,3.311,2.988,2.048,503,900
777.9733695522347,4.7,191.14094855106708,2,0,0,7.006,5.591,4.53,503,900
778.0255225506874,4.7,204.0,1,0,0,3.311,2.988,2.048,503,900
778.12072976439,4.7,204.0,0,0,0,0.0,0.0,0.0,503,900
778.2201872576525,4.7,204.0,1,0,0,3.311,2.988,2.048,503,900
778.3704391999265,2.4915946742000936,204.0,0,0,0,0.0,0.0,0.0,503,900
778.4132397390129,1.0,204.0,1,1,0,9.246,7.695,5.518,504,900
778.4414397390129,1.0,204.0,1,0,0,3.311,2.988,2.048,504,900
778.4727300203334,1.0,204.0,2,0,0,7.006,5.591,4.53,504,900
778.5360438030131,1.0,204.0,1,0,0,3.311,2.988,2.048,504,900
778.6255827564769,1.0,204.0,0,0,0,0.0,0.0,0.0,504,900
778.6284980271628,1.0,204.0,1,0,0,3.311,2.988,2.048,504,900
778.7311146980383,1.0,204.0,2,0,0,7.006,5.591,4.53,504,900
778.7713203216836,1.0,204.0,1,0,0,3.311,2.988,2.048,504,900
778.8696234938357,1.0,204.0,2,0,0,7.006,5.591,4.53,504,900
778.8874852603365,1.0,204.0,1,0,0,3.311,2.988,2.048,504,900
778.996190359053,1.0,204.0,2,0,0,7.006,5.591,4.53,504,900
779.1069120378359,1.0,204.0,1,0,0,3.311,2.988,2.048,504,900
779.1924514195056,1.0,204.0,0,0,0,0.0,0.0,0.0,504,900
779.2938123878357,1.0,204.0,1,0,0,3.311,2.988,2.048,504,900
779.3045939851129,1.0,204.0,2,0,0,7.006,5.591,4.53,504,900
779.5038863394568,1.0,204.0,1,0,0,3.311,2.988,2.048,504,900
779.5310856038358,1.0,204.0,0,0,0,0.0,0.0,0.0,504,900
779.6196617039552,1.0,204.0,1,0,0,3.311,2.988,2.048,504,900
779.7178703708357,1.0,204.0,2,0,0,7.006,5.591,4.53,504,900
779.8232991121906,1.0,204.0,1,0,0,3.311,2.988,2.048,504,900
779.9426478165801,1.0,204.0,2,0,0,7.006,5.591,4.53,504,900
779.955001826836,1.0,204.0,1,0,0,3.311,2.988,2.048,504,900
780.1418087398363,1.0,201.90984944535177,2,0,0,7.006,5.591,4.53,504,900
780.1496504387065,1.0,201.36426906784882,1,0,0,3.311,2.988,2.048,504,900
780.2725429499872,1.0,197.0,2,0,0,7.006,5.591,4.53,504,900
780.3786695398358,1.0,197.0,1,0,0,3.311,2.988,2.048,504,900
780.4827693140038,1.0,197.0,0,0,0,0.0,0.0,0.0,504,900
780.5653810288354,1.0,197.0,1,0,0,3.311,2.988,2.048,504,900
780.7800390751754,1.0,197.0,2,0,0,7.006,5.591,4.53,504,900
780.8400505328353,1.0,197.0,1,0,0,3.311,2.988,2.048,504,900
781.0267402608351,1.0,197.0,2,0,0,7.006,5.591,4.53,504,900
781.0394566200291,1.0,197.0,1,0,0,3.311,2.988,2.048,504,900
781.2690474288349,1.0,197.0,0,0,0,0.0,0.0,0.0,504,900
781.4239499898349,1.0,197.0,1,0,0,3.311,2.988,2.048,504,900
781.6655458618349,1.0,197.0,0,0,0,0.0,0.0,0.0,504,900
781.8202807118344,3.1747897429198475,197.0,1,0,0,3.311,2.988,2.048,504,900
782.0627015438342,28.0,197.0,0,0,0,0.0,0.0,0.0,504,900
782.2182737514065,28.0,197.0,1,0,0,3.311,2.988,2.048,504,900
782.4620483108137,28.0,197.0,0,0,0,0.0,0.0,0.0,504,900
782.745392558148,28.0,457.0,0,0,1,0.528,0.57,0.438,504,900
782.7926748301478,28.0,457.0,0,0,0,0.0,0.0,0.0,504,900
783.0503267090668,28.0,457.0,1,0,0,3.311,2.988,2.048,504,900
783.3445313477231,28.0,457.0,0,0,0,0.0,0.0,0.0,504,900
783.9475839388056,28.0,457.0,1,1,0,9.246,7.695,5.518,505,900
783.9603484817418,28.0,457.0,1,0,0,3.311,2.988,2.048,505,900
784.0526444645153,28.0,457.0,2,1,0,13.279,10.07,9.16,506,900
784.0549525457418,28.0,457.0,1,1,0,9.246,7.695,5.518,506,900
784.0844444645153,28.0,457.0,1,0,0,3.311,2.988,2.048,506,900
784.1436935743126,28.0,457.0,2,0,0,7.006,5.591,4.53,506,900
784.1476252645155,28.0,457.0,1,0,0,3.311,2.988,2.048,506,900
784.2341183089464,28.0,457.0,2,0,0,7.006,5.591,4.53,506,900
784.282767684368,28.0,457.0,1,0,0,3.311,2.988,2.048,506,900
784.3401339198879,28.0,457.0,0,0,0,0.0,0.0,0.0,506,900
784.374459706332,28.0,457.0,1,0,0,3.311,2.988,2.048,506,900
784.4290411783825,28.0,457.0,2,0,0,7.006,5.591,4.53,506,900
784.5171444587805,28.0,457.0,1,0,0,3.311,2.988,2.048,506,900
784.5688745243875,28.0,457.0,0,0,0,0.0,0.0,0.0,506,900
784.6120379701379,28.0,457.0,1,0,0,3.311,2.988,2.048,506,900
784.6607857964568,28.0,457.0,2,0,0,7.006,5.591,4.53,506,900
784.7577371729799,28.0,457.0,1,0,0,3.311,2.988,2.048,506,900
784.8033924040365,28.0,457.0,0,0,0,0.0,0.0,0.0,506,900
784.8555448797306,28.0,457.0,1,0,0,3.311,2.988,2.048,506,900
784.8979935466801,28.0,457.0,2,0,0,7.006,5.591,4.53,506,900
785.0041321009662,28.0,457.0,1,0,0,3.311,2.988,2.048,506,900
785.0433220238344,28.0,457.0,0,0,0,0.0,0.0,0.0,506,900
785.1049917321102,28.0,457.0,1,0,0,3.311,2.988,2.048,506,900
785.1410274980527,28.0,457.0,2,0,0,7.006,5.591,4.53,506,900
785.2563380757394,28.0,457.0,1,0,0,3.311,2.988,2.048,506,900
785.2891997647816,28.0,457.0,0,0,0,0.0,0.0,0.0,506,900
785.3601320612767,28.0,457.0,1,0,0,3.311,2.988,2.048,506,900
785.389836679574,28.0,457.0,2,0,0,7.006,5.591,4.53,506,900
785.5409734718774,28.0,457.0,1,0,0,3.311,2.988,2.048,506,900
785.5533376606081,28.0,457.0,0,0,0,0.0,0.0,0.0,506,900
785.581889445515,28.0,457.0,0,0,1,0.528,0.57,0.438,506,900
785.6104717175149,28.0,457.0,0,0,0,0.0,0.0,0.0,506,900
785.6445243182441,28.0,457.0,1,0,0,3.311,2.988,2.048,506,900
785.6626010493221,28.0,457.0,2,0,0,7.006,5.591,4.53,506,900
785.7985968361213,28.0,457.0,1,0,0,3.311,2.988,2.048,506,900
785.8599283066073,28.0,457.0,0,0,0,0.0,0.0,0.0,506,900
785.9048855550627,28.0,457.0,1,0,0,3.311,2.988,2.048,506,900
785.9729759568929,28.0,457.0,2,0,0,7.006,5.591,4.53,506,900
786.0614749825146,28.0,457.0,1,0,0,3.311,2.988,2.048,506,900
786.098656048502,28.0,457.0,2,1,0,13.279,10.07,9.16,507,900
786.1394560485019,28.0,457.0,2,0,0,7.006,5.591,4.53,507,900
786.1708167030305,28.0,457.0,3,0,0,10.385,7.547,7.321,507,900
786.1731633467499,28.0,457.0,2,0,0,7.006,5.591,4.53,507,900
786.2716908645019,28.0,457.0,1,0,0,3.311,2.988,2.048,507,900
786.2896147146071,28.0,457.0,2,0,0,7.006,5.591,4.53,507,900
786.3675359259015,28.0,457.0,1,0,0,3.311,2.988,2.048,507,900
786.3816323325541,28.0,457.0,2,0,0,7.006,5.591,4.53,507,900
786.4817610693506,28.0,457.0,3,0,0,10.385,7.547,7.321,507,900
786.4941984930357,28.0,457.0,2,0,0,7.006,5.591,4.53,507,900
786.5793689596466,28.0,457.0,1,0,0,3.311,2.988,2.048,507,900
786.6141117524642,28.0,457.0,2,0,0,7.006,5.591,4.53,507,900
786.6838335590821,28.0,457.0,1,0,0,3.311,2.988,2.048,507,900
786.7438374185251,28.0,457.0,2,0,0,7.006,5.591,4.53,507,900
786.7662688780443,28.0,457.0,3,1,0,17.589,12.354,12.134,508,900
786.7837688780443,28.0,457.0,3,0,0,10.385,7.547,7.321,508,900
786.8469496780443,28.0,457.0,2,0,0,7.006,5.591,4.53,508,900
786.9368224098321,28.0,457.0,3,0,0,10.385,7.547,7.321,508,900
787.0069049277778,28.0,457.0,2,0,0,7.006,5.591,4.53,508,900
787.0771804813563,28.0,457.0,1,0,0,3.311,2.988,2.048,508,900
787.1279127027426,28.0,457.0,2,0,0,7.006,5.591,4.53,508,900
787.1567939320356,28.0,457.0,1,0,0,3.311,2.988,2.048,508,900
787.1692027734707,28.0,457.0,2,0,0,7.006,5.591,4.53,508,900
787.1703055826225,28.0,457.0,3,0,0,10.385,7.547,7.321,508,900
787.3147209961766,28.0,457.0,2,0,0,7.006,5.591,4.53,508,900
787.3313905333636,28.0,457.0,3,1,0,17.589,12.354,12.134,509,900
787.3363795969894,28.0,457.0,2,1,0,13.279,10.07,9.16,509,900
787.3591495695082,28.0,457.0,2,0,0,7.006,5.591,4.53,509,900
787.3692816336069,28.0,457.0,3,0,0,10.385,7.547,7.321,509,900
787.5581934340256,28.0,457.0,2,0,0,7.006,5.591,4.53,509,900
787.628453418893,28.0,457.0,1,0,0,3.311,2.988,2.048,509,900
787.6575692113207,28.0,457.0,2,0,0,7.006,5.591,4.53,509,900
787.672852285717,28.0,457.0,1,0,0,3.311,2.988,2.048,509,900
787.8078702769034,28.0,457.0,0,0,0,0.0,0.0,0.0,509,900
787.8466419317169,28.0,457.0,1,0,0,3.311,2.988,2.048,509,900
787.9104183682125,28.0,457.0,2,0,0,7.006,5.591,4.53,509,900
788.059291727326,28.0,457.0,1,0,0,3.311,2.988,2.048,509,900
788.0635303078096,28.0,457.0,0,0,0,0.0,0.0,0.0,509,900
788.1693330481336,28.0,457.0,1,0,0,3.311,2.988,2.048,509,900
788.3259763417451,28.0,457.0,0,0,0,0.0,0.0,0.0,509,900
788.4349657670832,28.0,457.0,1,0,0,3.311,2.988,2.048,509,900
788.6315130867092,28.0,457.0,0,0,0,0.0,0.0,0.0,509,900
788.7439554393496,28.0,457.0,1,0,0,3.311,2.988,2.048,509,900
788.9435495132778,28.0,457.0,0,0,0,0.0,0.0,0.0,509,900
789.0596401252203,28.0,457.0,1,0,0,3.311,2.988,2.048,509,900
789.2635947134505,28.0,457.0,0,0,0,0.0,0.0,0.0,510,900
789.3832741256949,28.0,457.0,1,0,0,3.311,2.988,2.048,510,900
789.5906093882274,28.0,457.0,0,0,0,0.0,0.0,0.0,510,900
789.6405982890301,28.0,457.0,0,0,1,0.528,0.57,0.438,510,900
789.66899056103,28.0,457.0,0,0,0,0.0,0.0,0.0,510,900
789.7138480677742,28.0,457.0,1,0,0,3.311,2.988,2.048,510,900
789.9244225326091,28.0,457.0,0,0,0,0.0,0.0,0.0,510,900
790.1780434733099,28.0,457.0,1,0,0,3.311,2.988,2.048,510,900
790.2220539224584,28.0,457.0,2,0,0,7.006,5.591,4.53,510,900
790.4640888137751,28.0,457.0,1,0,0,3.311,2.988,2.048,510,900
790.4818427587461,28.0,457.0,0,0,0,0.0,0.0,0.0,510,900
790.8265415675195,28.0,457.0,1,1,0,9.246,7.695,5.518,511,900
790.8406117965271,28.0,457.0,1,0,0,3.311,2.988,2.048,511,900
790.9352158605269,28.0,457.0,0,0,0,0.0,0.0,0.0,511,900
791.0286554410155,28.0,457.0,1,0,0,3.311,2.988,2.048,511,900
791.1724723767411,28.0,457.0,0,0,0,0.0,0.0,0.0,511,900
791.2691728668864,28.0,457.0,1,0,0,3.311,2.988,2.048,511,900
791.4169103612683,28.0,457.0,0,0,0,0.0,0.0,0.0,511,900
791.5171222570698,28.0,457.0,1,0,0,3.311,2.988,2.048,511,900
791.7055005021084,28.0,457.0,0,0,0,0.0,0.0,0.0,511,900
791.8113548795344,28.0,457.0,1,0,0,3.311,2.988,2.048,511,900
791.881099410884,28.0,457.0,2,1,0,13.279,10.07,9.16,512,900
791.8952127340079,28.0,457.0,2,0,0,7.006,5.591,4.53,512,900
791.9898167980082,28.0,457.0,1,0,0,3.311,2.988,2.048,512,900
792.0047434371685,28.0,457.0,0,0,0,0.0,0.0,0.0,512,900
792.0834114540144,28.0,457.0,1,0,0,3.311,2.988,2.048,512,900
792.1147299252602,28.0,457.0,2,0,0,7.006,5.591,4.53,512,900
792.2273849265109,28.0,457.0,1,0,0,3.311,2.988,2.048,512,900
792.3121881645602,28.0,457.0,0,0,0,0.0,0.0,0.0,512,900
792.3242507209475,28.0,457.0,1,0,0,3.311,2.988,2.048,512,900
792.4259156933175,28.0,457.0,2,0,0,7.006,5.591,4.53,512,900
792.4721549808743,28.0,457.0,1,0,0,3.311,2.988,2.048,512,900
792.5791151644924,28.0,457.0,2,0,0,7.006,5.591,4.53,512,900
792.6279435822831,28.0,457.0,1,0,0,3.311,2.988,2.048,512,900
792.7455929877058,28.0,457.0,2,0,0,7.006,5.591,4.53,512,900
792.7742978745605,28.0,457.0,1,0,0,3.311,2.988,2.048,512,900
792.8853252017826,28.0,457.0,2,0,0,7.006,5.591,4.53,512,900
792.9508667503372,28.0,457.0,1,0,0,3.311,2.988,2.048,512,900
793.0725931304255,28.0,457.0,2,0,0,7.006,5.591,4.53,512,900
793.0839270834553,28.0,457.0,1,0,0,3.311,2.988,2.048,512,900
793.1204348727274,28.0,457.0,2,1,0,13.279,10.07,9.16,513,900
793.1293651052856,28.0,457.0,2,0,0,7.006,5.591,4.53,513,900
793.1925459052857,28.0,457.0,1,0,0,3.311,2.988,2.048,513,900
793.1994095152812,28.0,457.0,2,0,0,7.006,5.591,4.53,513,900
793.267186270685,28.0,457.0,3,0,0,10.385,7.547,7.321,513,900
793.2817416307223,28.0,457.0,2,0,0,7.006,5.591,4.53,513,900
793.3612364541616,28.0,457.0,1,0,0,3.311,2.988,2.048,513,900
793.4024040725578,28.0,457.0,0,0,0,0.0,0.0,0.0,513,900
793.4075482204763,28.0,457.0,1,0,0,3.311,2.988,2.048,513,900
793.4376145430261,28.0,457.0,2,0,0,7.006,5.591,4.53,513,900
793.5219505389879,28.0,457.0,3,0,0,10.385,7.547,7.321,513,900
793.533735282968,28.0,457.0,2,0,0,7.006,5.591,4.53,513,900
793.6119574662974,28.0,457.0,3,0,0,10.385,7.547,7.321,513,900
793.6212710424385,28.0,457.0,2,0,0,7.006,5.591,4.53,513,900
793.7096096267044,28.0,457.0,1,0,0,3.311,2.988,2.048,513,900
793.7298377398685,28.0,457.0,0,0,0,0.0,0.0,0.0,513,900
793.7895998694992,28.0,457.0,1,0,0,3.311,2.988,2.048,513,900
793.8536290769028,28.0,457.0,2,0,0,7.006,5.591,4.53,513,900
793.9209487303714,28.0,457.0,1,0,0,3.311,2.988,2.048,513,900
794.0031548997085,28.0,457.0,2,0,0,7.006,5.591,4.53,513,900
794.0650851453875,28.0,457.0,1,0,0,3.311,2.988,2.048,513,900
794.1356475591232,28.0,457.0,0,0,0,0.0,0.0,0.0,513,900
794.1932764510257,28.0,457.0,1,0,0,3.311,2.988,2.048,513,900
794.219747607003,28.0,457.0,2,0,0,7.006,5.591,4.53,513,900
794.3542280649605,28.0,457.0,1,0,0,3.311,2.988,2.048,513,900
794.3919597078582,28.0,457.0,2,0,0,7.006,5.591,4.53,513,900
794.4089302511144,28.0,457.0,1,0,0,3.311,2.988,2.048,513,900
794.4405585653828,28.0,457.0,2,0,0,7.006,5.591,4.53,513,900
794.5415247603567,28.0,457.0,3,0,0,10.385,7.547,7.321,513,900
794.5777906938829,28.0,457.0,2,0,0,7.006,5.591,4.53,513,900
794.6600602406089,28.0,457.0,1,0,0,3.311,2.988,2.048,513,900
794.666257539848,28.0,457.0,2,0,0,7.006,5.591,4.53,513,900
794.7620758760494,28.0,457.0,1,0,0,3.311,2.988,2.048,513,900
794.8057367628904,28.0,457.0,0,0,0,0.0,0.0,0.0,513,900
794.8963842383981,28.0,457.0,1,0,0,3.311,2.988,2.048,513,900
795.0370795799834,28.0,457.0,0,0,0,0.0,0.0,0.0,513,900
795.1298159440337,28.0,457.0,1,0,0,3.311,2.988,2.048,513,900
795.273275180161,39.69341254364165,457.0,0,0,0,0.0,0.0,0.0,513,900
795.368132108754,47.0,457.0,1,0,0,3.311,2.988,2.048,513,900
795.5135531594244,47.0,457.0,0,0,0,0.0,0.0,0.0,513,900
795.5398754548946,47.0,457.0,1,0,0,3.311,2.988,2.048,513,900
795.6104908775598,47.0,457.0,2,0,0,7.006,5.591,4.53,513,900
795.7575686547733,47.0,457.0,1,0,0,3.311,2.988,2.048,513,900
795.8157328889494,47.0,457.0,0,0,0,0.0,0.0,0.0,513,900
795.8567426214515,47.0,457.0,1,0,0,3.311,2.988,2.048,513,900
796.0063848052072,47.0,457.0,0,0,0,0.0,0.0,0.0,513,900
796.1074490964281,47.0,457.0,1,0,0,3.311,2.988,2.048,513,900
796.213265087896,47.0,1.84,1,0,1,3.994,3.474,2.656,513,900
796.241717359896,47.0,1.84,1,0,0,3.311,2.988,2.048,513,900
796.2587024707265,47.0,1.84,0,0,0,0.0,0.0,0.0,513,900
796.3037080697266,47.0,1.84,1,0,0,3.311,2.988,2.048,513,900
796.4604058323425,47.0,1.84,0,0,0,0.0,0.0,0.0,513,900
796.5690495325354,47.0,1.84,1,0,0,3.311,2.988,2.048,513,900
796.7628076136114,47.0,1.84,0,0,0,0.0,0.0,0.0,513,900
796.8740565548703,47.0,1.84,1,0,0,3.311,2.988,2.048,513,900
797.0732180190123,47.0,1.84,0,0,0,0.0,0.0,0.0,513,900
797.1869338303372,47.0,1.84,1,0,0,3.311,2.988,2.048,513,900
797.3876406295453,47.0,1.84,0,0,0,0.0,0.0,0.0,513,900
797.3975145204256,47.0,1.84,1,1,0,9.246,7.695,5.518,514,900
797.410717958821,47.0,1.84,1,0,0,3.311,2.988,2.048,514,900
797.4502715989136,47.0,1.84,2,1,0,13.279,10.07,9.16,515,900
797.4738987588211,47.0,1.84,1,1,0,9.246,7.695,5.518,515,900
797.4885122628142,47.0,1.84,1,0,0,3.311,2.988,2.048,515,900
797.5037751539363,47.0,1.84,2,0,0,7.006,5.591,4.53,515,900
797.563771490609,47.0,1.84,3,0,0,10.385,7.547,7.321,515,900
797.6207470788141,47.0,1.84,2,0,0,7.006,5.591,4.53,515,900
797.7041295621333,47.0,1.84,1,0,0,3.311,2.988,2.048,515,900
797.7079089522102,47.0,1.84,0,0,0,0.0,0.0,0.0,515,900
797.7970379760761,47.0,1.84,1,0,0,3.311,2.988,2.048,515,900
797.8266584416673,47.0,1.84,2,0,0,7.006,5.591,4.53,515,900
797.9412347697553,47.0,1.84,1,0,0,3.311,2.988,2.048,515,900
798.0329118790075,47.0,1.84,0,0,0,0.0,0.0,0.0,515,900
798.0371946088528,47.0,1.84,1,0,0,3.311,2.988,2.048,515,900
798.1542255845303,47.0,1.84,2,0,0,7.006,5.591,4.53,515,900
798.1842448446866,47.0,1.84,1,0,0,3.311,2.988,2.048,515,900
798.2833768789388,47.0,34.21373653989909,2,0,0,7.006,5.591,4.53,515,900
798.3628261169364,47.0,47.3,1,0,0,3.311,2.988,2.048,515,900
798.4334322689272,47.0,47.3,0,0,0,0.0,0.0,0.0,515,900
798.4867117805251,47.0,47.3,1,0,0,3.311,2.988,2.048,515,900
798.535723089334,47.0,47.3,2,0,0,7.006,5.591,4.53,515,900
798.6885758254773,47.0,47.3,1,0,0,3.311,2.988,2.048,515,900
798.6979261599973,47.0,47.3,0,0,0,0.0,0.0,0.0,515,900
798.794107767039,33.7259995629673,47.3,1,0,0,3.311,2.988,2.048,515,900
798.8243596556522,30.8,47.3,2,0,0,7.006,5.591,4.53,515,900
798.9504783293371,30.8,47.3,1,0,0,3.311,2.988,2.048,515,900
799.0378646501904,30.8,47.3,0,0,0,0.0,0.0,0.0,515,900
799.0600438359003,30.8,47.3,1,0,0,3.311,2.988,2.048,515,900
799.1668516409115,30.8,47.3,2,0,0,7.006,5.591,4.53,515,900
799.257171152342,30.8,47.3,1,0,0,3.311,2.988,2.048,515,900
799.3702209109302,30.8,47.3,2,0,0,7.006,5.591,4.53,515,900
799.3825374265163,30.8,47.3,1,0,0,3.311,2.988,2.048,515,900
799.5704263063969,30.8,47.3,0,0,0,0.0,0.0,0.0,515,900
799.6871556490095,30.8,47.3,1,0,0,3.311,2.988,2.048,515,900
799.8917528835007,30.8,47.3,0,0,0,0.0,0.0,0.0,515,900
800.0121023511383,30.8,47.3,1,0,0,3.311,2.988,2.048,515,900
800.220111584654,30.8,47.3,0,0,0,0.0,0.0,0.0,515,900
800.2728862837516,30.8,47.3,1,1,0,9.246,7.695,5.518,516,900
800.2754323387805,30.8,47.3,2,2,0,21.094,15.238,15.196,517,900
800.2868711092448,30.8,47.3,2,1,0,13.279,10.07,9.16,517,900
800.3440516443159,30.8,51.22347988912943,3,1,0,17.589,12.354,12.134,517,900
800.3612323387806,30.8,53.33316126023583,3,0,0,10.385,7.547,7.321,517,900
800.3814751732448,30.8,55.818854190465906,2,0,0,7.006,5.591,4.53,517,900
800.4746074265312,30.8,59.6,3,0,0,10.385,7.547,7.321,517,900
800.4934671547802,30.8,59.6,2,0,0,7.006,5.591,4.53,517,900
800.5553314048555,30.8,59.6,1,0,0,3.311,2.988,2.048,517,900
800.6181358092113,30.8,59.6,0,0,0,0.0,0.0,0.0,517,900
800.7285644482113,30.8,59.6,1,0,0,3.311,2.988,2.048,517,900
800.853695499542,30.8,59.6,2,0,0,7.006,5.591,4.53,517,900
800.8895529922113,30.8,59.6,1,0,0,3.311,2.988,2.048,517,900
801.0001533422115,30.8,59.6,2,0,0,7.006,5.591,4.53,517,900
801.114236618619,30.8,59.6,1,0,0,3.311,2.988,2.048,517,900
801.198442942211,30.8,59.6,0,0,0,0.0,0.0,0.0,517,900
801.3088442242108,30.8,59.6,1,0,0,3.311,2.988,2.048,517,900
801.3428520630924,30.8,59.6,2,1,0,13.279,10.07,9.16,518,900
801.3701992441013,30.8,59.6,2,0,0,7.006,5.591,4.53,518,900
801.502434060101,30.8,59.6,1,0,0,3.311,2.988,2.048,518,900
801.5062867842105,30.8,59.6,0,0,0,0.0,0.0,0.0,518,900
801.6168769592105,30.8,59.6,1,0,0,3.311,2.988,2.048,518,900
801.8144459832106,30.8,59.6,0,0,0,0.0,0.0,0.0,518,900
801.9279501172169,30.8,59.6,1,0,0,3.311,2.988,2.048,518,900
802.1297530614244,30.8,59.6,0,0,0,0.0,0.0,0.0,518,900
802.2471666720405,30.8,59.6,1,0,0,3.311,2.988,2.048,518,900
802.4522030898584,30.8,82.2,0,0,0,0.0,0.0,0.0,518,900
802.5736812750845,26.44087821784455,82.2,1,0,0,3.311,2.988,2.048,518,900
802.7825800305122,23.7,82.2,0,0,0,0.0,0.0,0.0,518,900
802.9081260253487,23.7,82.2,1,0,0,3.311,2.988,2.048,518,900
803.1215867023865,23.7,82.2,0,0,0,0.0,0.0,0.0,518,900
803.7952821432398,23.7,82.2,1,1,0,9.246,7.695,5.518,519,900
803.8088951417627,23.7,82.2,1,0,0,3.311,2.988,2.048,519,900
803.8920023728332,23.7,82.2,2,0,0,7.006,5.591,4.53,519,900
803.9034992057624,23.7,82.2,1,0,0,3.311,2.988,2.048,519,900
803.9952934281375,23.7,82.2,2,0,0,7.006,5.591,4.53,519,900
804.1374495017861,23.7,82.2,1,0,0,3.311,2.988,2.048,519,900
804.1576337586001,23.7,82.2,0,0,0,0.0,0.0,0.0,519,900
804.232396106074,23.7,82.2,1,0,0,3.311,2.988,2.048,519,900
804.3631731403041,23.7,82.2,2,0,0,7.006,5.591,4.53,519,900
804.3783642106349,23.7,82.2,1,0,0,3.311,2.988,2.048,519,900
804.4325745579508,23.7,67.29751466929119,1,0,1,3.994,3.474,2.656,519,900
804.4360037656093,23.7,64.80425390938925,2,1,1,13.839,10.395,10.164,520,900
804.4499462769556,23.7,54.667126066169686,2,0,1,7.412,5.635,5.165,520,900
804.4767136928355,23.7,35.205444446271386,3,0,1,11.271,8.091,7.803,520,900
804.4835568299507,23.7,30.23003118942144,3,0,0,10.385,7.547,7.321,520,900
804.5445503409555,23.7,9.46,2,0,0,7.006,5.591,4.53,520,900
804.6258976363096,23.7,9.46,1,0,0,3.311,2.988,2.048,520,900
804.6375303254699,23.7,9.46,2,0,0,7.006,5.591,4.53,520,900
804.7273627024235,23.7,9.46,3,0,0,10.385,7.547,7.321,520,900
804.7808833345171,23.7,9.46,2,0,0,7.006,5.591,4.53,520,900
804.8305048275918,23.7,9.46,1,0,0,3.311,2.988,2.048,520,900
804.8770939137593,23.7,9.46,2,0,0,7.006,5.591,4.53,520,900
804.8796360528108,23.7,9.46,1,0,0,3.311,2.988,2.048,520,900
804.9633018195917,23.7,9.46,1,0,1,3.994,3.474,2.656,520,900
804.9843544318375,23.7,9.46,2,0,1,7.412,5.635,5.165,520,900
805.0243371665339,23.7,9.46,1,0,1,3.994,3.474,2.656,520,900
805.1031201235919,23.7,9.46,1,0,0,3.311,2.988,2.048,520,900
805.1240288365036,23.7,9.46,2,0,0,7.006,5.591,4.53,520,900
805.1395882931372,23.7,9.46,1,0,0,3.311,2.988,2.048,520,900
805.2221292755917,23.7,9.46,1,0,1,3.994,3.474,2.656,520,900
805.2474424150764,23.7,9.46,2,0,1,7.412,5.635,5.165,520,900
805.3295184365033,23.7,9.46,1,0,1,3.994,3.474,2.656,520,900
805.3604867475916,23.7,9.46,1,0,0,3.311,2.988,2.048,520,900
805.4437161472893,23.7,9.46,0,0,0,0.0,0.0,0.0,520,900
805.4471197185035,23.7,9.46,1,0,0,3.311,2.988,2.048,520,900
805.5552412704147,23.7,9.46,2,0,0,7.006,5.591,4.53,520,900
805.6517622785035,23.7,9.46,1,0,0,3.311,2.988,2.048,520,900
805.6591408270832,23.7,9.46,2,1,0,13.279,10.07,9.16,521,900
805.6821233707241,23.7,9.46,2,0,0,7.006,5.591,4.53,521,900
805.7548454288136,23.7,9.46,1,0,0,3.311,2.988,2.048,521,900
805.7695524535035,23.7,9.46,2,0,0,7.006,5.591,4.53,521,900
805.814358186724,23.7,9.46,1,0,0,3.311,2.988,2.048,521,900
805.8702761471251,23.7,9.46,2,0,0,7.006,5.591,4.53,521,900
805.9743214775035,23.7,9.46,1,0,0,3.311,2.988,2.048,521,900
806.0728617717102,23.7,9.46,0,0,0,0.0,0.0,0.0,521,900
806.0919094755034,23.7,9.46,1,0,0,3.311,2.988,2.048,521,900
806.191817541208,23.7,9.46,2,0,0,7.006,5.591,4.53,521,900
806.2973049315037,31.66973747971421,9.46,1,0,0,3.311,2.988,2.048,521,900
806.3989208879792,33.0,9.46,0,0,0,0.0,0.0,0.0,521,900
806.4148715885036,33.0,9.22502397295141,1,0,0,3.311,2.988,2.048,521,900
806.4251782311808,33.0,8.475917592438865,2,1,0,13.279,10.07,9.16,522,900
806.4805782311809,33.0,4.449340288849208,2,0,0,7.006,5.591,4.53,522,900
806.5214598826632,33.0,2.17,3,0,0,10.385,7.547,7.321,522,900
806.6128130471808,33.0,2.17,2,0,0,7.006,5.591,4.53,522,900
806.6195697005036,33.0,2.17,1,0,0,3.311,2.988,2.048,522,900
806.7320104236201,33.0,2.17,0,0,0,0.0,0.0,0.0,522,900
806.7385330711245,33.0,2.17,1,0,0,3.311,2.988,2.048,522,900
806.9449013066252,33.0,2.17,0,0,0,0.0,0.0,0.0,522,900
807.0678068442843,33.0,2.17,1,0,0,3.311,2.988,2.048,522,900
807.2786113588232,33.0,2.17,0,0,0,0.0,0.0,0.0,522,900
807.2867303486076,33.0,2.17,1,0,0,3.311,2.988,2.048,522,900
807.5530717698399,33.0,2.17,0,0,0,0.0,0.0,0.0,522,900
808.0462609295206,33.0,2.17,1,0,0,3.311,2.988,2.048,522,900
808.311046282294,33.0,2.17,0,0,0,0.0,0.0,0.0,522,900
809.5322274402262,33.04054954808496,6.07,1,0,0,3.311,2.988,2.048,522,900
809.699158287619,33.2,6.07,1,0,1,3.994,3.474,2.656,522,900
809.7274805596188,33.2,6.07,1,0,0,3.311,2.988,2.048,522,900
809.8233527881869,33.2,6.07,0,0,0,0.0,0.0,0.0,522,900
810.3389162107704,33.2,6.07,1,0,0,3.311,2.988,2.048,522,900
810.7768071688848,33.2,28.7,0,0,0,0.0,0.0,0.0,522,900
810.883393039115,33.2,28.7,1,1,0,9.246,7.695,5.518,523,900
810.8966534707698,33.2,28.7,1,0,0,3.311,2.988,2.048,523,900
810.9598342707699,33.2,28.7,0,0,0,0.0,0.0,0.0,523,900
811.0499101620217,33.2,28.7,1,0,0,3.311,2.988,2.048,523,900
811.1904733255612,33.2,28.7,0,0,0,0.0,0.0,0.0,523,900
811.2835984268276,33.2,28.7,1,0,0,3.311,2.988,2.048,523,900
811.4280138403815,33.2,28.7,0,0,0,0.0,0.0,0.0,523,900
811.5102886351577,33.2,28.7,1,1,0,9.246,7.695,5.518,524,900
811.524203894662,33.2,28.7,2,1,0,13.279,10.07,9.16,524,900
811.6342886351578,33.2,28.7,2,0,0,7.006,5.591,4.53,524,900
811.6714862782303,33.2,28.7,1,0,0,3.311,2.988,2.048,524,900
811.7665234511576,33.2,28.7,0,0,0,0.0,0.0,0.0,524,900
811.7708620555252,33.2,28.7,1,0,0,3.311,2.988,2.048,524,900
811.9211631211076,33.2,28.7,0,0,0,0.0,0.0,0.0,524,900
812.023711212417,33.2,28.7,1,0,0,3.311,2.988,2.048,524,900
812.1768231520138,33.2,28.7,0,0,0,0.0,0.0,0.0,524,900
812.2826258923376,33.2,28.7,1,0,0,3.311,2.988,2.048,524,900
812.4392691859491,33.2,28.7,0,0,0,0.0,0.0,0.0,524,900
812.5579741989657,33.2,62.62490472106306,1,0,0,3.311,2.988,2.048,524,900
812.7426054276,33.2,103.0,1,0,1,3.994,3.474,2.656,524,900
812.7643031425497,33.2,103.0,0,0,1,0.528,0.57,0.438,524,900
812.7709076995999,33.2,103.0,0,0,0,0.0,0.0,0.0,524,900
812.8869893731076,33.2,103.0,1,0,0,3.311,2.988,2.048,524,900
813.0968933612332,39.72627395981946,103.0,0,0,0,0.0,0.0,0.0,524,900
813.2237561413323,40.9,103.0,1,0,0,3.311,2.988,2.048,524,900
813.4385489339986,40.9,103.0,0,0,0,0.0,0.0,0.0,524,900
813.5695288046388,40.9,103.0,1,0,0,3.311,2.988,2.048,524,900
813.7882305618473,40.9,103.0,0,0,0,0.0,0.0,0.0,524,900
813.9232979900291,40.9,103.0,1,0,0,3.311,2.988,2.048,524,900
813.9328772383133,40.9,103.0,2,1,0,13.279,10.07,9.16,525,900
813.9471344733213,40.9,103.0,2,0,0,7.006,5.591,4.53,525,900
814.0417385373212,40.9,103.0,1,0,0,3.311,2.988,2.048,525,900
814.1319231934641,40.9,103.0,2,0,0,7.006,5.591,4.53,525,900
814.1457672397781,40.9,103.0,1,0,0,3.311,2.988,2.048,525,900
814.2724545341783,40.9,103.0,0,0,0,0.0,0.0,0.0,525,900
814.3645211023482,40.9,103.0,1,1,0,9.246,7.695,5.518,526,900
814.3656854053212,40.9,103.0,2,1,0,13.279,10.07,9.16,526,900
814.4557556685006,40.9,103.0,3,1,0,17.589,12.354,12.134,526,900
814.4665211023481,40.9,103.0,3,0,0,10.385,7.547,7.321,526,900
814.5099226100353,40.9,103.0,2,0,0,7.006,5.591,4.53,526,900
814.5987559183483,40.9,103.0,1,0,0,3.311,2.988,2.048,526,900
814.6064501921784,40.9,103.0,2,0,0,7.006,5.591,4.53,526,900
814.7282317250618,40.9,20.6,1,0,0,3.311,2.988,2.048,526,900
814.7911134528927,40.9,20.6,0,0,0,0.0,0.0,0.0,526,900
814.8910133956068,40.9,20.6,1,0,0,3.311,2.988,2.048,526,900
815.0784010448924,40.9,20.6,0,0,0,0.0,0.0,0.0,526,900
815.182061309178,40.9,20.6,1,0,0,3.311,2.988,2.048,526,900
815.3524056988134,40.9,20.6,1,1,0,9.246,7.695,5.518,527,900
815.3731468510352,40.9,20.6,0,1,0,4.554,4.957,2.003,527,900
815.4494562136557,40.9,20.6,0,0,0,0.0,0.0,0.0,527,900
815.4801763668925,40.9,20.6,1,0,0,3.311,2.988,2.048,527,900
815.6754597693209,40.9,20.6,0,0,0,0.0,0.0,0.0,527,900
815.7860393727494,40.9,20.6,1,0,0,3.311,2.988,2.048,527,900
815.9841968597495,40.9,20.6,0,0,0,0.0,0.0,0.0,527,900
816.0984816487494,40.9,20.6,1,0,0,3.311,2.988,2.048,527,900
816.1486134388405,40.9,20.6,1,0,1,3.994,3.474,2.656,527,900
816.1880957108405,40.9,20.6,1,0,0,3.311,2.988,2.048,527,900
816.3001420843209,40.9,20.6,0,0,0,0.0,0.0,0.0,527,900
816.4181352938923,40.9,20.6,1,0,0,3.311,2.988,2.048,527,900
816.6239982620355,38.8,18.254238717592425,0,0,0,0.0,0.0,0.0,527,900
816.8978979512949,38.8,1.77,0,0,1,0.528,0.57,0.438,527,900
816.9880802232949,38.8,1.77,0,0,0,0.0,0.0,0.0,527,900
817.3443998820094,38.8,1.77,1,1,0,9.246,7.695,5.518,528,900
817.3650635591393,38.8,1.77,1,0,0,3.311,2.988,2.048,528,900
817.3865017581792,38.8,1.77,2,0,0,7.006,5.591,4.53,528,900
817.4972983751395,38.8,1.77,1,0,0,3.311,2.988,2.048,528,900
817.6150773873143,38.8,1.77,2,0,0,7.006,5.591,4.53,528,900
817.6448243346601,38.8,1.77,1,0,0,3.311,2.988,2.048,528,900
817.820724721135,38.8,1.77,0,0,0,0.0,0.0,0.0,528,900
817.9443156774759,38.8,1.77,1,0,0,3.311,2.988,2.048,528,900
818.1557533204628,38.8,1.77,0,0,0,0.0,0.0,0.0,528,900
818.1806618232956,38.8,1.77,1,1,0,9.246,7.695,5.518,529,900
818.1926618232956,38.8,1.77,1,0,0,3.311,2.988,2.048,529,900
818.255842623296,38.8,1.77,0,0,0,0.0,0.0,0.0,529,900
818.3414255513012,38.8,1.77,1,0,0,3.311,2.988,2.048,529,900
818.4465223883482,38.8,1.77,0,0,0,0.0,0.0,0.0,529,900
818.5344675856032,38.8,1.77,1,0,0,3.311,2.988,2.048,529,900
818.6733302129002,38.8,5.664673531583933,0,0,0,0.0,0.0,0.0,529,900
818.7642188214468,38.8,8.18,1,0,0,3.311,2.988,2.048,529,900
818.9052717566296,38.8,8.18,0,0,0,0.0,0.0,0.0,529,900
818.9981352183934,38.8,8.18,1,0,0,3.311,2.988,2.048,529,900
819.141712127108,38.8,8.18,0,0,0,0.0,0.0,0.0,529,900
819.2375827075296,38.8,8.18,1,0,0,3.311,2.988,2.048,529,900
819.3839061929023,38.8,8.18,0,0,0,0.0,0.0,0.0,529,900
819.4826110009819,38.8,8.18,1,0,0,3.311,2.988,2.048,529,900
819.6298963131886,38.8,8.18,2,1,0,13.279,10.07,9.16,530,900
819.6318017990128,38.8,8.18,1,1,0,9.246,7.695,5.518,530,900
819.6949963131889,38.8,8.18,1,0,0,3.311,2.988,2.048,530,900
819.7333233257508,38.8,8.18,2,0,0,7.006,5.591,4.53,530,900
819.8272311291887,38.8,8.18,1,0,0,3.311,2.988,2.048,530,900
819.8853526364395,38.8,8.18,0,0,0,0.0,0.0,0.0,530,900
819.9895148228355,38.8,8.18,1,0,0,3.311,2.988,2.048,530,900
820.1439638301827,27.1,8.18,0,0,0,0.0,0.0,0.0,530,900
820.2510818052366,27.1,8.18,1,0,0,3.311,2.988,2.048,530,900
820.4455306692417,27.1,8.18,0,0,0,0.0,0.0,0.0,530,900
820.5530206938874,27.1,8.18,1,1,0,9.246,7.695,5.518,531,900
820.5559990039054,27.1,8.18,2,1,0,13.279,10.07,9.16,531,900
820.6218206938875,27.1,7.556296229917075,2,0,0,7.006,5.591,4.53,531,900
820.7540555098874,27.1,2.01,1,0,0,3.311,2.988,2.048,531,900
820.7542923395197,27.1,2.01,0,0,0,0.0,0.0,0.0,531,900
820.8677027487921,27.1,2.01,1,0,0,3.311,2.988,2.048,531,900
821.0694702200163,27.1,2.01,0,0,0,0.0,0.0,0.0,531,900
821.1863636608981,27.1,2.01,1,0,0,3.311,2.988,2.048,531,900
821.1918635419709,27.1,2.01,2,0,0,7.006,5.591,4.53,531,900
821.3906938757308,27.1,2.01,1,0,0,3.311,2.988,2.048,531,900
821.4439533932787,27.1,2.01,0,0,0,0.0,0.0,0.0,531,900
821.5107493232218,27.1,2.01,1,0,0,3.311,2.988,2.048,531,900
821.7185580256638,27.1,2.01,0,0,0,0.0,0.0,0.0,531,900
821.9306376716635,27.1,2.01,1,0,0,3.311,2.988,2.048,531,900
822.1387262265686,27.1,2.01,0,0,0,0.0,0.0,0.0,531,900
823.3130733940649,27.313044211661268,23.5,0,0,1,0.528,0.57,0.438,531,900
823.4070556660647,61.10306313610793,23.5,0,0,0,0.0,0.0,0.0,531,900
823.5494826766285,63.0,23.5,1,0,0,3.311,2.988,2.048,531,900
823.9250360982184,63.0,23.5,0,0,0,0.0,0.0,0.0,531,900
824.6034372660657,63.0,23.5,1,1,0,9.246,7.695,5.518,532,900
824.6174009024294,63.0,22.553878387347076,1,0,0,3.311,2.988,2.048,532,900
824.7120049664294,63.0,5.74,0,0,0,0.0,0.0,0.0,532,900
824.805060969975,63.0,5.74,1,0,0,3.311,2.988,2.048,532,900
824.948490714369,63.0,5.74,0,0,0,0.0,0.0,0.0,532,900
825.044782326854,63.0,5.74,1,0,0,3.311,2.988,2.048,532,900
825.1921073291871,63.0,5.74,0,0,0,0.0,0.0,0.0,532,900
825.2918850466114,63.0,5.74,1,0,0,3.311,2.988,2.048,532,900
825.4798254988845,63.0,5.74,0,0,0,0.0,0.0,0.0,532,900
825.5831920270966,63.0,5.74,1,0,0,3.311,2.988,2.048,532,900
825.641158109162,63.0,5.74,2,1,0,13.279,10.07,9.16,533,900
825.657358109162,63.0,5.74,2,0,0,7.006,5.591,4.53,533,900
825.720538909162,63.0,5.74,1,0,0,3.311,2.988,2.048,533,900
825.7740733181571,63.0,5.74,0,0,0,0.0,0.0,0.0,533,900
825.8048256107427,63.0,5.74,1,0,0,3.311,2.988,2.048,533,900
825.8814166181571,63.0,5.74,2,0,0,7.006,5.591,4.53,533,900
825.9086138910305,63.0,5.74,1,0,0,3.311,2.988,2.048,533,900
825.9951888798538,63.0,5.74,2,0,0,7.006,5.591,4.53,533,900
826.0762122520056,63.0,5.74,1,0,0,3.311,2.988,2.048,533,900
826.1326689683841,63.0,5.74,0,0,0,0.0,0.0,0.0,533,900
826.18819111539,63.0,5.74,1,0,0,3.311,2.988,2.048,533,900
826.2221010561567,63.0,5.74,2,0,0,7.006,5.591,4.53,533,900
826.3064660036636,63.0,5.74,2,0,1,7.412,5.635,5.165,533,900
826.3348482756636,63.0,5.74,2,0,0,7.006,5.591,4.53,533,900
826.3622074916367,63.0,5.74,1,0,0,3.311,2.988,2.048,533,900
826.3884582060055,63.0,5.74,0,0,0,0.0,0.0,0.0,533,900
826.454182535359,63.0,5.74,1,0,0,3.311,2.988,2.048,533,900
826.5042618822365,63.0,5.74,2,0,0,7.006,5.591,4.53,533,900
826.5968639257884,63.0,5.74,1,0,0,3.311,2.988,2.048,533,900
826.6917963864602,63.0,5.74,2,0,0,7.006,5.591,4.53,533,900
826.707677782698,63.0,5.74,1,0,0,3.311,2.988,2.048,533,900
826.8274613697748,50.1,35.7,2,0,0,7.006,5.591,4.53,533,900
826.8371746518387,50.1,35.7,1,0,0,3.311,2.988,2.048,533,900
826.9348916384599,50.1,35.7,2,0,0,7.006,5.591,4.53,533,900
827.0346549440823,50.1,35.7,1,0,0,3.311,2.988,2.048,533,900
827.0830875147881,50.1,35.7,0,0,0,0.0,0.0,0.0,533,900
827.1584216770054,50.1,35.7,1,0,0,3.311,2.988,2.048,533,900
827.1835715183588,50.1,35.7,2,0,0,7.006,5.591,4.53,533,900
827.3345562056369,50.1,35.7,1,0,0,3.311,2.988,2.048,533,900
827.3700925091596,50.1,35.7,0,0,0,0.0,0.0,0.0,533,900
827.437631167157,50.1,35.7,1,0,0,3.311,2.988,2.048,533,900
827.4895797535864,50.1,35.7,2,1,0,13.279,10.07,9.16,534,900
827.5154797535864,50.1,35.7,2,0,0,7.006,5.591,4.53,534,900
827.5909858493843,50.1,35.7,1,0,0,3.311,2.988,2.048,534,900
827.6100838175868,50.1,35.7,0,0,0,0.0,0.0,0.0,534,900
827.6969668978538,50.1,35.7,1,0,0,3.311,2.988,2.048,534,900
827.6985717684461,50.1,35.7,2,0,0,7.006,5.591,4.53,534,900
827.8373904160766,50.1,35.7,1,0,0,3.311,2.988,2.048,534,900
827.8902717350303,50.1,35.7,0,0,0,0.0,0.0,0.0,534,900
827.9288126673355,50.1,35.7,1,0,0,3.311,2.988,2.048,534,900
827.9995463411564,50.1,35.7,2,0,0,7.006,5.591,4.53,534,900
828.0712252643656,50.1,35.7,1,0,0,3.311,2.988,2.048,534,900
828.1386442539277,50.1,35.7,2,0,0,7.006,5.591,4.53,534,900
828.1658323120238,50.1,35.7,3,0,0,10.385,7.547,7.321,534,900
828.1966388479893,50.1,35.7,2,0,0,7.006,5.591,4.53,534,900
828.308798726772,50.1,35.7,3,0,0,10.385,7.547,7.321,534,900
828.3112426664533,50.1,35.7,2,0,0,7.006,5.591,4.53,534,900
828.4044137383889,50.1,35.7,1,0,0,3.311,2.988,2.048,534,900
828.408747216511,50.1,35.7,2,0,0,7.006,5.591,4.53,534,900
828.4860296069637,50.1,35.7,2,1,0,13.279,10.07,9.16,535,900
828.5093085672618,50.1,35.7,1,1,0,9.246,7.695,5.518,535,900
828.5570288963403,50.1,35.7,0,1,0,4.554,4.957,2.003,535,900
828.6248946757013,50.1,35.7,1,1,0,9.246,7.695,5.518,535,900
828.6575686777976,50.1,35.7,2,1,0,13.279,10.07,9.16,535,900
828.7191853849637,50.1,33.31952718540563,2,0,0,7.006,5.591,4.53,535,900
828.8085927870261,50.1,3.098568687967351,1,0,0,3.311,2.988,2.048,535,900
828.8279104578476,50.1,1.78,0,0,0,0.0,0.0,0.0,535,900
828.9120502298829,50.1,1.78,1,0,0,3.311,2.988,2.048,535,900
829.0939884147398,50.1,1.78,2,0,0,7.006,5.591,4.53,535,900
829.103896128511,50.1,1.78,1,0,0,3.311,2.988,2.048,535,900
829.2107753365385,50.1,1.78,2,0,0,7.006,5.591,4.53,535,900
829.4057024253374,50.1,1.78,1,0,0,3.311,2.988,2.048,535,900
829.4485796656691,50.1,1.78,0,0,0,0.0,0.0,0.0,535,900
829.4571469686588,50.1,1.78,1,1,0,9.246,7.695,5.518,536,900
829.4833469686588,50.1,1.78,1,0,0,3.311,2.988,2.048,536,900
829.5162379925357,50.1,1.78,2,0,0,7.006,5.591,4.53,536,900
829.5693439196692,50.1,1.78,3,0,0,10.385,7.547,7.321,536,900
829.6155817846591,50.1,1.78,2,0,0,7.006,5.591,4.53,536,900
829.7138973115058,50.1,1.78,1,0,0,3.311,2.988,2.048,536,900
829.7335294699964,50.1,1.78,2,0,0,7.006,5.591,4.53,536,900
829.827708693875,50.1,1.78,3,0,0,10.385,7.547,7.321,536,900
829.9324562569336,50.1,1.78,2,0,0,7.006,5.591,4.53,536,900
829.9393470515246,50.1,1.78,1,0,0,3.311,2.988,2.048,536,900
830.0296364990156,50.1,1.78,0,0,0,0.0,0.0,0.0,536,900
830.0631192773897,50.1,1.78,1,0,0,3.311,2.988,2.048,536,900
830.1467818705556,46.452486618661446,1.78,2,0,0,7.006,5.591,4.53,536,900
830.2183308674577,39.6,1.78,3,0,0,10.385,7.547,7.321,536,900
830.2747397644458,39.6,1.78,2,0,0,7.006,5.591,4.53,536,900
830.3406108564051,39.6,1.78,2,0,1,7.412,5.635,5.165,536,900
830.3519076338669,39.6,1.78,1,0,1,3.994,3.474,2.656,536,900
830.3690731284051,39.6,1.78,1,0,0,3.311,2.988,2.048,536,900
830.4726115725776,39.6,1.78,2,0,0,7.006,5.591,4.53,536,900
830.5891859090191,39.6,1.78,1,0,0,3.311,2.988,2.048,536,900
830.68087260606,39.6,1.78,0,0,0,0.0,0.0,0.0,536,900
830.8903366149415,39.6,1.81,1,0,0,3.311,2.988,2.048,536,900
831.1480628369242,39.6,1.81,0,0,0,0.0,0.0,0.0,536,900
831.2735969182796,39.6,1.81,0,1,0,4.554,4.957,2.003,537,900
831.5057526962795,39.6,1.81,0,0,0,0.0,0.0,0.0,537,900
831.5303055236633,39.6,1.81,1,1,0,9.246,7.695,5.518,538,900
831.5511055236633,39.6,1.81,1,0,0,3.311,2.988,2.048,538,900
831.6457095876634,39.6,1.81,0,0,0,0.0,0.0,0.0,538,900
831.7456964297669,39.6,1.81,1,0,0,3.311,2.988,2.048,538,900
831.8961223209736,39.6,1.81,0,0,0,0.0,0.0,0.0,538,900
831.999801929801,39.6,1.81,1,0,0,3.311,2.988,2.048,538,900
832.1917885247317,39.6,1.81,0,0,0,0.0,0.0,0.0,538,900
832.299831086387,39.6,1.81,1,0,0,3.311,2.988,2.048,538,900
832.4953505928198,39.6,1.81,0,0,0,0.0,0.0,0.0,538,900
832.6047595833402,39.6,1.81,1,0,0,3.311,2.988,2.048,538,900
832.8017956297867,39.6,36.503023637366255,0,0,0,0.0,0.0,0.0,538,900
832.9152018747122,39.6,40.5,1,0,0,3.311,2.988,2.048,538,900
833.1162997845636,39.6,40.5,0,0,0,0.0,0.0,0.0,538,900
833.2340759228944,39.6,40.5,1,0,0,3.311,2.988,2.048,538,900
833.3110438518383,39.6,40.5,2,0,0,7.006,5.591,4.53,538,900
833.4400531361506,39.6,40.5,1,0,0,3.311,2.988,2.048,538,900
833.5618029498861,39.6,40.5,2,0,0,7.006,5.591,4.53,538,900
833.5798971575364,39.6,40.5,1,0,0,3.311,2.988,2.048,538,900
833.7580796232173,27.1,40.5,2,1,0,13.279,10.07,9.16,539,900
833.7709808425474,27.1,40.5,1,1,0,9.246,7.695,5.518,539,900
833.7725701892551,27.1,40.5,1,0,0,3.311,2.988,2.048,539,900
833.8671742532551,27.1,40.5,0,0,0,0.0,0.0,0.0,539,900
833.9621264296136,27.1,40.5,1,0,0,3.311,2.988,2.048,539,900
834.1074702141734,27.1,40.5,0,0,0,0.0,0.0,0.0,539,900
834.2057830709407,27.1,40.5,1,0,0,3.311,2.988,2.048,539,900
834.3923554729091,27.1,40.5,0,0,0,0.0,0.0,0.0,539,900
834.4946517552864,27.1,40.5,1,0,0,3.311,2.988,2.048,539,900
834.6541391076203,27.1,40.5,2,1,0,13.279,10.07,9.16,540,900
834.6849372468652,27.1,40.5,1,1,0,9.246,7.695,5.518,540,900
834.7910952928524,27.1,40.5,2,1,0,13.279,10.07,9.16,540,900
834.8081391076201,27.1,40.5,2,0,0,7.006,5.591,4.53,540,900
834.9403739236205,27.1,2.04,1,0,0,3.311,2.988,2.048,540,900
834.9848552180417,27.1,2.04,0,0,0,0.0,0.0,0.0,540,900
835.0948091046392,27.1,2.04,1,0,0,3.311,2.988,2.048,540,900
835.1794867896882,27.1,2.04,2,0,0,7.006,5.591,4.53,540,900
835.2924294794377,27.1,2.04,1,0,0,3.311,2.988,2.048,540,900
835.406551845645,27.1,2.04,2,0,0,7.006,5.591,4.53,540,900
835.4521266055227,27.1,2.04,1,0,0,3.311,2.988,2.048,540,900
835.608850110054,27.1,2.04,0,0,0,0.0,0.0,0.0,540,900
835.7267447378713,27.1,2.04,1,0,0,3.311,2.988,2.048,540,900
835.9320422678902,27.1,2.04,0,0,0,0.0,0.0,0.0,540,900
836.0540165103181,27.1,2.04,1,0,0,3.311,2.988,2.048,540,900
836.2634935299469,27.1,2.04,0,0,0,0.0,0.0,0.0,540,900
836.9890854073889,27.1,72.5,0,0,1,0.528,0.57,0.438,540,900
837.0728676793887,30.453918586160142,72.5,0,0,0,0.0,0.0,0.0,540,900
837.3295327069844,32.6,72.5,1,0,0,3.311,2.988,2.048,540,900
837.6396976433034,32.6,72.5,0,0,0,0.0,0.0,0.0,540,900
838.259049279389,32.6,72.5,1,1,0,9.246,7.695,5.518,541,900
838.2715033334431,32.6,72.5,1,0,0,3.311,2.988,2.048,541,900
838.3346841334431,32.6,72.5,0,0,0,0.0,0.0,0.0,541,900
838.4218855928215,32.6,72.5,1,0,0,3.311,2.988,2.048,541,900
838.5286163574972,32.6,72.5,0,0,0,0.0,0.0,0.0,541,900
838.6182724636593,32.6,72.5,1,0,0,3.311,2.988,2.048,541,900
838.7588613961187,32.6,72.5,0,0,0,0.0,0.0,0.0,541,900
838.8515686873623,32.6,72.5,1,0,0,3.311,2.988,2.048,541,900
838.9949780529028,32.6,72.5,0,0,0,0.0,0.0,0.0,541,900
839.0904223862271,32.6,114.97478482623326,1,0,0,3.311,2.988,2.048,541,900
839.236600792849,32.6,127.0,0,0,0,0.0,0.0,0.0,541,900
839.3351966292544,32.6,127.0,1,0,0,3.311,2.988,2.048,541,900
839.484265996957,32.6,127.0,0,0,0,0.0,0.0,0.0,541,900
839.5857168143541,32.6,127.0,1,0,0,3.311,2.988,2.048,541,900
839.7376383793838,32.6,127.0,0,0,0,0.0,0.0,0.0,541,900
839.8420076015913,32.6,127.0,1,0,0,3.311,2.988,2.048,541,900
839.8853790088406,32.6,127.0,2,1,0,13.279,10.07,9.16,542,900
839.9350790088405,32.6,127.0,2,0,0,7.006,5.591,4.53,542,900
839.9969040958282,32.6,127.0,1,0,0,3.311,2.988,2.048,542,900
840.0296830728403,32.6,127.0,0,0,0,0.0,0.0,0.0,542,900
840.1040503942432,32.6,127.0,1,0,0,3.311,2.988,2.048,542,900
840.1221904968403,32.6,127.0,2,0,0,7.006,5.591,4.53,542,900
840.2615030016881,32.6,127.0,1,0,0,3.311,2.988,2.048,542,900
840.2645981768403,32.6,127.0,0,0,0,0.0,0.0,0.0,542,900
840.3570268158405,32.6,127.0,1,0,0,3.311,2.988,2.048,542,900
840.3717415053109,32.6,127.0,2,0,0,7.006,5.591,4.53,542,900
840.5000153598404,32.6,127.0,1,0,0,3.311,2.988,2.048,542,900
840.569330385963,32.6,127.0,0,0,0,0.0,0.0,0.0,542,900
840.5931688055565,32.6,127.0,1,0,0,3.311,2.988,2.048,542,900
840.6830751538224,25.814407689383337,127.0,2,0,0,7.006,5.591,4.53,542,900
840.7371134572991,23.1,127.0,1,0,0,3.311,2.988,2.048,542,900
840.8330797002028,23.1,127.0,2,0,0,7.006,5.591,4.53,542,900
840.8846644107118,23.1,127.0,1,0,0,3.311,2.988,2.048,542,900
840.9240663619236,23.1,127.0,2,1,0,13.279,10.07,9.16,543,900
840.9382448234619,23.1,127.0,2,0,0,7.006,5.591,4.53,543,900
840.9798109721329,23.1,127.0,1,0,0,3.311,2.988,2.048,543,900
841.0015071578086,23.1,127.0,2,0,0,7.006,5.591,4.53,543,900
841.0328488874619,23.1,105.9520450796908,1,0,0,3.311,2.988,2.048,543,900
841.0787277412239,23.1,59.002679789414486,2,0,0,7.006,5.591,4.53,543,900
841.1266779460772,23.1,24.9,3,0,0,10.385,7.547,7.321,543,900
841.206726454935,23.1,24.9,2,0,0,7.006,5.591,4.53,543,900
841.2281167373415,23.1,24.9,1,0,0,3.311,2.988,2.048,543,900
841.2708880299232,23.1,24.9,0,0,0,0.0,0.0,0.0,543,900
841.3272081382693,23.1,24.9,1,0,0,3.311,2.988,2.048,543,900
841.3298664626199,23.1,24.9,2,0,0,7.006,5.591,4.53,543,900
841.3680036881539,23.1,24.9,3,0,0,10.385,7.547,7.321,543,900
841.5161600206155,23.1,24.9,2,0,0,7.006,5.591,4.53,543,900
841.5199925429253,23.1,24.9,1,0,0,3.311,2.988,2.048,543,900
841.5351460836333,23.1,24.9,0,0,0,0.0,0.0,0.0,543,900
841.6168127744616,23.1,24.9,1,0,0,3.311,2.988,2.048,543,900
841.6250672274177,23.1,24.9,2,0,0,7.006,5.591,4.53,543,900
841.6589456782048,23.1,24.9,3,0,0,10.385,7.547,7.321,543,900
841.8139534388228,23.1,24.9,2,0,0,7.006,5.591,4.53,543,900
841.8181776919376,23.1,24.9,1,0,0,3.311,2.988,2.048,543,900
841.8705180158062,23.1,24.9,0,0,0,0.0,0.0,0.0,543,900
841.9268119296445,23.1,24.9,1,0,0,3.311,2.988,2.048,543,900
841.9422082731732,23.1,24.9,2,0,0,7.006,5.591,4.53,543,900
842.1225578183783,23.1,24.9,1,0,0,3.311,2.988,2.048,543,900
842.1581721205664,23.1,24.9,0,0,0,0.0,0.0,0.0,543,900
842.2343710652993,23.1,24.9,1,0,0,3.311,2.988,2.048,543,900
842.2919577282588,23.1,24.9,2,0,0,7.006,5.591,4.53,543,900
842.434288634247,23.1,24.9,1,0,0,3.311,2.988,2.048,543,900
842.5133899199938,23.1,24.9,0,0,0,0.0,0.0,0.0,543,900
842.5493390643821,23.1,24.9,1,0,0,3.311,2.988,2.048,543,900
842.6523152310278,23.1,24.9,2,0,0,7.006,5.591,4.53,543,900
842.7268761399635,23.1,24.9,3,1,0,17.589,12.354,12.134,544,900
842.7523577855441,23.1,24.9,2,1,0,13.279,10.07,9.16,544,900
842.7556761399635,23.1,24.9,2,0,0,7.006,5.591,4.53,544,900
842.8188569399637,23.1,24.9,1,0,0,3.311,2.988,2.048,544,900
842.879715735105,23.1,24.9,0,0,0,0.0,0.0,0.0,544,900
842.899264571157,23.1,24.9,1,0,0,3.311,2.988,2.048,544,900
842.9013401960844,23.1,24.9,2,0,0,7.006,5.591,4.53,544,900
843.0033078756641,23.1,24.9,1,0,0,3.311,2.988,2.048,544,900
843.023961585481,23.1,25.017477685874354,2,0,0,7.006,5.591,4.53,544,900
843.0879764875384,23.1,25.660146324269768,3,0,0,10.385,7.547,7.321,544,900
843.152131579157,23.1,25.9,2,0,0,7.006,5.591,4.53,544,900
843.2235330438718,23.1,25.9,1,0,0,3.311,2.988,2.048,544,900
843.2560066258999,23.1,25.9,0,0,0,0.0,0.0,0.0,544,900
843.3109386679588,23.1,25.9,1,0,0,3.311,2.988,2.048,544,900
843.4031884771568,23.1,25.9,2,0,0,7.006,5.591,4.53,544,900
843.4057281136177,23.1,25.9,3,0,0,10.385,7.547,7.321,544,900
843.4142406825365,23.1,25.9,3,1,0,17.589,12.354,12.134,545,900
843.4514406825367,23.1,25.9,3,0,0,10.385,7.547,7.321,545,900
843.6430465543783,23.1,25.9,2,0,0,7.006,5.591,4.53,545,900
843.651073676165,23.1,25.9,3,0,0,10.385,7.547,7.321,545,900
843.6900460112806,23.1,25.9,2,0,0,7.006,5.591,4.53,545,900
843.699590173157,23.1,25.9,1,0,0,3.311,2.988,2.048,545,900
843.7940147987621,23.1,25.9,2,0,0,7.006,5.591,4.53,545,900
843.7982469144382,23.1,25.9,3,0,0,10.385,7.547,7.321,545,900
843.8065891657335,23.1,25.9,2,0,0,7.006,5.591,4.53,545,900
843.915643437942,23.1,25.9,3,0,0,10.385,7.547,7.321,545,900
843.9484977832067,23.1,25.9,2,0,0,7.006,5.591,4.53,545,900
843.9944698191571,23.1,25.9,3,0,0,10.385,7.547,7.321,545,900
844.0415383395408,23.1,25.9,2,0,0,7.006,5.591,4.53,545,900
844.0557298424287,23.1,25.9,3,0,0,10.385,7.547,7.321,545,900
844.11305220709,23.1,25.9,2,0,0,7.006,5.591,4.53,545,900
844.2135091836138,23.1,25.9,1,0,0,3.311,2.988,2.048,545,900
844.2268495188179,23.1,25.9,2,0,0,7.006,5.591,4.53,545,900
844.2435672911568,23.1,25.9,1,0,0,3.311,2.988,2.048,545,900
844.3239870055768,23.1,25.9,2,0,0,7.006,5.591,4.53,545,900
844.4287309914858,23.1,25.9,1,0,0,3.311,2.988,2.048,545,900
844.4850339035027,23.1,25.9,0,0,0,0.0,0.0,0.0,545,900
844.5471496807335,23.1,25.9,1,0,0,3.311,2.988,2.048,545,900
844.5985814292063,23.1,25.9,2,0,0,7.006,5.591,4.53,545,900
844.7532652009207,23.1,25.9,1,0,0,3.311,2.988,2.048,545,900
844.7624770678727,23.1,25.9,0,0,0,0.0,0.0,0.0,545,900
844.8430194379421,23.1,25.9,1,0,0,3.311,2.988,2.048,545,900
844.876239344688,23.1,25.9,2,0,0,7.006,5.591,4.53,545,900
844.879409426317,23.1,25.9,3,0,0,10.385,7.547,7.321,545,900
845.0837339657244,15.088722310340907,25.9,2,0,0,7.006,5.591,4.53,545,900
845.0869749283952,14.725006592222936,25.9,1,0,0,3.311,2.988,2.048,545,900
845.1447097290272,11.9,25.346169391084207,0,0,0,0.0,0.0,0.0,545,900
845.2045070198727,11.9,24.32910768017443,1,0,0,3.311,2.988,2.048,545,900
845.2573455351018,11.9,24.2,2,1,0,13.279,10.07,9.16,546,900
845.2709988684352,11.9,24.2,2,0,0,7.006,5.591,4.53,546,900
845.3656029324353,11.9,24.2,1,0,0,3.311,2.988,2.048,546,900
845.413166366984,11.9,24.2,0,0,0,0.0,0.0,0.0,546,900
845.4575423008799,11.9,24.2,1,0,0,3.311,2.988,2.048,546,900
845.5134434512792,11.9,24.2,2,1,0,13.279,10.07,9.16,547,900
845.5373718318359,11.9,24.2,3,1,0,17.589,12.354,12.134,547,900
845.5423337334107,11.9,24.2,3,0,0,10.385,7.547,7.321,547,900
845.5998448882871,11.9,24.2,2,0,0,7.006,5.591,4.53,547,900
845.6745685494105,11.9,24.2,1,0,0,3.311,2.988,2.048,547,900
845.6949462124721,11.9,24.2,2,0,0,7.006,5.591,4.53,547,900
845.7499956506505,11.9,24.2,1,0,0,3.311,2.988,2.048,547,900
845.8781744832058,11.9,24.2,2,0,0,7.006,5.591,4.53,547,900
845.886834756472,11.9,24.2,1,0,0,3.311,2.988,2.048,547,900
846.0283351064722,11.9,24.2,2,0,0,7.006,5.591,4.53,547,900
846.0938513817246,11.9,24.2,1,0,0,3.311,2.988,2.048,547,900
846.2202083224723,11.9,24.2,0,0,0,0.0,0.0,0.0,547,900
846.225682556984,11.9,24.2,1,0,0,3.311,2.988,2.048,547,900
846.3615930894722,11.9,24.2,2,0,0,7.006,5.591,4.53,547,900
846.4453282792063,11.9,24.2,1,0,0,3.311,2.988,2.048,547,900
846.5333125332064,11.9,24.2,2,0,0,7.006,5.591,4.53,547,900
846.5533245454726,11.9,24.2,1,0,0,3.311,2.988,2.048,547,900
846.6947314584723,11.9,24.2,2,0,0,7.006,5.591,4.53,547,900
846.7551906180951,11.9,24.2,1,0,0,3.311,2.988,2.048,547,900
846.8861922584722,11.9,24.2,0,0,0,0.0,0.0,0.0,547,900
846.8891661186293,11.9,24.2,1,0,0,3.311,2.988,2.048,547,900
847.0275037474721,11.9,24.2,2,0,0,7.006,5.591,4.53,547,900
847.0769429190198,11.9,24.2,1,0,0,3.311,2.988,2.048,547,900
847.1817092966822,11.9,23.039560280407546,2,0,0,7.006,5.591,4.53,547,900
847.1828436239749,11.9,23.020694953005716,3,0,0,10.385,7.547,7.321,547,900
847.2567732514723,11.9,22.5,2,0,0,7.006,5.591,4.53,547,900
847.37545494844,11.9,22.5,1,0,0,3.311,2.988,2.048,547,900
847.3980629794725,11.9,22.5,2,0,0,7.006,5.591,4.53,547,900
847.4489411683036,11.9,22.5,3,1,0,17.589,12.354,12.134,548,900
847.4714657649695,11.9,22.5,2,1,0,13.279,10.07,9.16,548,900
847.4950211683037,11.9,22.5,2,0,0,7.006,5.591,4.53,548,900
847.6269701474724,11.9,22.5,1,0,0,3.311,2.988,2.048,548,900
847.6272559843036,11.9,22.5,0,0,0,0.0,0.0,0.0,548,900
847.7431586226517,11.9,22.5,1,0,0,3.311,2.988,2.048,548,900
847.9465068267409,11.9,22.5,0,0,0,0.0,0.0,0.0,548,900
848.0662589342037,11.9,22.5,1,0,0,3.311,2.988,2.048,548,900
848.274163441577,11.9,22.5,0,0,0,0.0,0.0,0.0,548,900
848.397537355323,11.9,22.5,1,0,0,3.311,2.988,2.048,548,900
848.6089276379794,15.5,22.5,0,0,0,0.0,0.0,0.0,548,900
848.8450085816202,15.5,22.5,0,1,0,4.554,4.957,2.003,549,900
849.1129448474252,15.5,22.5,0,0,0,0.0,0.0,0.0,549,900
849.1635198790098,15.5,22.5,1,0,0,3.311,2.988,2.048,549,900
849.4311078894805,15.5,22.5,0,0,0,0.0,0.0,0.0,549,900
850.4552796848071,15.5,22.5,0,0,1,0.528,0.57,0.438,549,900
850.4836419568072,15.5,22.5,0,0,0,0.0,0.0,0.0,549,900
851.641280159028,15.5,22.5,1,1,0,9.246,7.695,5.518,550,900
851.6553934821521,15.5,22.5,1,0,0,3.311,2.988,2.048,550,900
851.7499975461521,15.5,22.5,0,0,0,0.0,0.0,0.0,550,900
851.8435922021582,15.5,22.5,1,0,0,3.311,2.988,2.048,550,900
851.9875656746542,15.5,22.5,0,0,0,0.0,0.0,0.0,550,900
852.0844314690905,15.5,22.5,1,0,0,3.311,2.988,2.048,550,900
852.2323357290171,15.5,29.4,0,0,0,0.0,0.0,0.0,550,900
852.3327231578838,15.5,29.4,1,0,0,3.311,2.988,2.048,550,900
852.5212783972405,15.5,29.4,0,0,0,0.0,0.0,0.0,550,900
852.6252952420276,15.5,29.4,1,0,0,3.311,2.988,2.048,550,900
852.8168319253045,15.5,29.4,0,0,0,0.0,0.0,0.0,550,900
852.9248661470117,15.5,29.4,1,0,0,3.311,2.988,2.048,550,900
853.1196698706912,18.2,29.4,0,0,0,0.0,0.0,0.0,550,900
853.2275374092123,18.2,29.4,1,0,0,3.311,2.988,2.048,550,900
853.4236646488592,18.2,29.4,0,0,0,0.0,0.0,0.0,550,900
853.5351287913873,18.2,29.4,1,0,0,3.311,2.988,2.048,550,900
853.6680267251575,18.2,29.4,2,1,0,13.279,10.07,9.16,551,900
853.6868348884228,18.2,29.4,2,0,0,7.006,5.591,4.53,551,900
853.7341766320417,18.2,29.4,1,0,0,3.311,2.988,2.048,551,900
853.7638513980284,18.2,29.4,1,0,1,3.994,3.474,2.656,551,900
853.7921936700284,18.2,29.4,1,0,0,3.311,2.988,2.048,551,900
853.8190697044226,18.2,29.4,0,0,0,0.0,0.0,0.0,551,900
853.849392476577,18.2,29.4,1,0,0,3.311,2.988,2.048,551,900
853.9301086747289,18.2,29.4,2,0,0,7.006,5.591,4.53,551,900
854.0519897822383,18.2,29.4,1,0,0,3.311,2.988,2.048,551,900
854.128953049137,18.2,29.4,0,0,0,0.0,0.0,0.0,551,900
854.170960563781,18.2,29.4,1,0,0,3.311,2.988,2.048,551,900
854.2453006232596,18.2,34.4248357783255,2,0,0,7.006,5.591,4.53,551,900
854.37780691845,18.2,44.6,1,0,0,3.311,2.988,2.048,551,900
854.4494319664844,18.2,44.6,0,0,0,0.0,0.0,0.0,551,900
854.5706623154229,18.2,44.6,1,0,0,3.311,2.988,2.048,551,900
854.7809703874641,18.2,44.6,0,0,0,0.0,0.0,0.0,551,900
854.9601241476331,18.2,44.6,1,1,0,9.246,7.695,5.518,552,900
854.9793241476332,18.2,44.6,1,0,0,3.311,2.988,2.048,552,900
855.111558963633,18.2,44.6,0,0,0,0.0,0.0,0.0,552,900
855.1413345030002,18.2,44.6,1,0,0,3.311,2.988,2.048,552,900
855.2240212571746,18.2,44.6,2,0,0,7.006,5.591,4.53,552,900
855.4016234095645,18.2,44.6,1,0,0,3.311,2.988,2.048,552,900
855.4243022413831,18.2,44.6,0,0,0,0.0,0.0,0.0,552,900
855.5601909531816,18.2,44.6,1,0,0,3.311,2.988,2.048,552,900
855.7840331725199,18.2,44.6,0,0,0,0.0,0.0,0.0,552,900
855.9261625666389,18.2,44.6,1,0,0,3.311,2.988,2.048,552,900
856.141458920471,18.2,44.6,2,1,0,13.279,10.07,9.16,553,900
856.1557251743409,18.2,44.6,2,0,0,7.006,5.591,4.53,553,900
856.1575394222979,18.2,44.6,1,0,0,3.311,2.988,2.048,553,900
856.2503292383406,18.2,44.6,0,0,0,0.0,0.0,0.0,553,900
856.34447422039,18.2,60.23530117846373,1,0,0,3.311,2.988,2.048,553,900
856.4890032045698,18.2,92.3,0,0,0,0.0,0.0,0.0,553,900
856.5864556245297,31.588820168932116,92.3,1,0,0,3.311,2.988,2.048,553,900
856.7349516956195,36.3,92.3,0,0,0,0.0,0.0,0.0,553,900
856.8359620494895,36.3,92.3,1,0,0,3.311,2.988,2.048,553,900
857.0251453994892,36.3,92.3,0,0,0,0.0,0.0,0.0,553,900
857.1325060379055,36.3,92.3,1,0,0,3.311,2.988,2.048,553,900
857.2475392899702,36.3,92.3,2,1,0,13.279,10.07,9.16,554,900
857.2806903691069,36.3,92.3,2,0,0,7.006,5.591,4.53,554,900
857.3280749641369,36.3,92.3,1,0,0,3.311,2.988,2.048,554,900
857.4129251851066,36.3,92.3,0,0,0,0.0,0.0,0.0,554,900
857.4403600208659,36.3,92.3,1,0,0,3.311,2.988,2.048,554,900
857.4728115422184,36.3,92.3,2,0,0,7.006,5.591,4.53,554,900
857.6401337145237,36.3,92.3,1,0,0,3.311,2.988,2.048,554,900
857.7528545570465,36.3,92.3,0,0,0,0.0,0.0,0.0,554,900
857.7562948976788,36.3,92.3,1,0,0,3.311,2.988,2.048,554,900
857.9607733267621,36.3,92.3,0,0,0,0.0,0.0,0.0,554,900
858.0159895584814,36.3,92.3,0,0,1,0.528,0.57,0.438,554,900
858.0446618304815,36.3,92.3,0,0,0,0.0,0.0,0.0,554,900
858.080991472343,36.3,92.3,1,0,0,3.311,2.988,2.048,554,900
858.2888508608521,36.3,92.3,0,0,0,0.0,0.0,0.0,554,900
858.4132810668586,36.3,2.11,1,0,0,3.311,2.988,2.048,554,900
858.6251502787931,36.3,2.11,0,0,0,0.0,0.0,0.0,554,900
858.753795780225,36.3,2.11,1,0,0,3.311,2.988,2.048,554,900
858.8716375297365,36.3,2.11,2,0,0,7.006,5.591,4.53,554,900
858.9703743995858,36.3,2.11,1,0,0,3.311,2.988,2.048,554,900
859.2001789221193,36.3,2.11,0,0,0,0.0,0.0,0.0,554,900
859.2034368401152,36.3,2.11,1,1,0,9.246,7.695,5.518,555,900
859.2177419171268,36.3,2.11,1,0,0,3.311,2.988,2.048,555,900
859.3123459811267,36.3,2.11,0,0,0,0.0,0.0,0.0,555,900
859.4025984158563,36.3,2.11,1,0,0,3.311,2.988,2.048,555,900
859.530145409606,36.3,2.11,2,1,0,13.279,10.07,9.16,556,900
859.5431981738249,36.3,2.11,1,1,0,9.246,7.695,5.518,556,900
859.5442587327301,36.3,2.11,1,0,0,3.311,2.988,2.048,556,900
859.636501294227,36.3,2.11,2,0,0,7.006,5.591,4.53,556,900
859.6388627967302,36.3,2.11,1,0,0,3.311,2.988,2.048,556,900
859.7324574527363,36.3,2.11,2,0,0,7.006,5.591,4.53,556,900
859.744037062444,36.3,2.11,3,0,0,10.385,7.547,7.321,556,900
859.7808113868679,36.3,2.11,2,0,0,7.006,5.591,4.53,556,900
859.8764309252325,36.3,2.11,1,0,0,3.311,2.988,2.048,556,900
859.8774156889423,36.3,2.11,2,0,0,7.006,5.591,4.53,556,900
859.973296719669,31.19687950648016,2.11,3,0,0,10.385,7.547,7.321,556,900
860.0153817641539,28.0,2.11,2,0,0,7.006,5.591,4.53,556,900
860.0621563082556,28.0,2.11,1,0,0,3.311,2.988,2.048,556,900
860.1212009795955,28.0,2.11,0,0,0,0.0,0.0,0.0,556,900
860.1621380802414,28.0,2.11,1,0,0,3.311,2.988,2.048,556,900
860.2281611632135,28.0,2.11,2,0,0,7.006,5.591,4.53,556,900
860.3496081974658,28.0,3.51035935840872,1,0,0,3.311,2.988,2.048,556,900
860.4233438732814,28.0,5.85,0,0,0,0.0,0.0,0.0,556,900
860.4533554003629,28.0,5.85,1,0,0,3.311,2.988,2.048,556,900
860.5343712005031,28.0,5.85,2,0,0,7.006,5.591,4.53,556,900
860.6445285194985,28.0,5.85,1,0,0,3.311,2.988,2.048,556,900
860.7329730821752,28.0,5.85,0,0,0,0.0,0.0,0.0,556,900
860.7516500833067,28.0,5.85,1,0,0,3.311,2.988,2.048,556,900
860.8484555140013,28.0,5.85,2,0,0,7.006,5.591,4.53,556,900
860.9470261723541,28.0,5.85,1,0,0,3.311,2.988,2.048,556,900
861.0514500712777,28.0,5.85,0,0,0,0.0,0.0,0.0,556,900
861.0577029330735,28.0,5.85,1,0,0,3.311,2.988,2.048,556,900
861.1709965377075,28.0,5.85,2,0,0,7.006,5.591,4.53,556,900
861.2559582160319,28.0,5.85,1,0,0,3.311,2.988,2.048,556,900
861.3703452716629,28.0,5.85,2,0,0,7.006,5.591,4.53,556,900
861.3788837385882,28.0,5.85,1,0,0,3.311,2.988,2.048,556,900
861.4961823825868,28.0,5.85,2,1,0,13.279,10.07,9.16,557,900
861.5026750756222,28.0,5.85,3,1,0,17.589,12.354,12.134,557,900
861.5292146406513,28.0,5.85,3,0,0,10.385,7.547,7.321,557,900
861.5721086125325,28.0,5.85,2,0,0,7.006,5.591,4.53,557,900
861.6614494566511,28.0,5.85,1,0,0,3.311,2.988,2.048,557,900
861.6902091980746,28.0,5.85,2,0,0,7.006,5.591,4.53,557,900
861.7141311441067,28.0,5.85,1,0,0,3.311,2.988,2.048,557,900
861.8423224497448,28.0,5.85,2,0,0,7.006,5.591,4.53,557,900
861.8961801808557,28.0,5.85,1,0,0,3.311,2.988,2.048,557,900
862.0579762498338,28.0,5.85,0,0,0,0.0,0.0,0.0,557,900
862.1905707590762,28.0,5.85,1,0,0,3.311,2.988,2.048,557,900
862.4111218747689,28.0,5.85,0,0,0,0.0,0.0,0.0,557,900
862.6587961623096,28.0,87.1,1,0,0,3.311,2.988,2.048,557,900
862.9192109923675,28.0,87.1,0,0,0,0.0,0.0,0.0,557,900
863.1206356024261,28.0,87.1,0,1,0,4.554,4.957,2.003,558,900
863.188921453616,28.0,87.1,1,1,0,9.246,7.695,5.518,558,900
863.3477913804263,29.878618222520945,87.1,1,0,0,3.311,2.988,2.048,558,900
863.4647788876706,33.2,87.1,0,0,0,0.0,0.0,0.0,558,900
863.9865450785644,33.2,87.1,0,0,1,0.528,0.57,0.438,558,900
864.0530273505644,33.2,87.1,0,0,0,0.0,0.0,0.0,558,900
865.2219089505643,33.2,12.7,1,1,0,9.246,7.695,5.518,559,900
865.2356641744449,33.2,12.7,1,0,0,3.311,2.988,2.048,559,900
865.330268238445,33.2,12.7,0,0,0,0.0,0.0,0.0,559,900
865.4225742631914,33.2,12.7,1,0,0,3.311,2.988,2.048,559,900
865.5652469618481,33.2,12.7,0,0,0,0.0,0.0,0.0,559,900
865.6607391269674,33.2,12.7,1,0,0,3.311,2.988,2.048,559,900
865.8072576149976,33.2,12.7,0,0,0,0.0,0.0,0.0,559,900
865.9061864164901,33.2,12.7,1,0,0,3.311,2.988,2.048,559,900
866.0559545018932,33.2,12.7,0,0,0,0.0,0.0,0.0,559,900
866.1580326457589,33.2,12.7,1,0,0,3.311,2.988,2.048,559,900
866.3109238965354,33.2,12.7,0,0,0,0.0,0.0,0.0,559,900
866.4162891117743,33.2,12.7,1,0,0,3.311,2.988,2.048,559,900
866.5740499117742,33.2,54.347802542847475,0,0,0,0.0,0.0,0.0,559,900
866.6846099584666,33.2,79.8,1,0,0,3.311,2.988,2.048,559,900
866.8836087893894,36.12521393323749,79.8,0,0,0,0.0,0.0,0.0,559,900
866.997993228928,37.3,79.8,1,0,0,3.311,2.988,2.048,559,900
867.2004758776972,37.3,79.8,0,0,0,0.0,0.0,0.0,559,900
867.3189193040816,37.3,79.8,1,0,0,3.311,2.988,2.048,559,900
867.5245368106971,37.3,79.8,0,0,0,0.0,0.0,0.0,559,900
867.5288180820473,37.3,79.8,1,1,0,9.246,7.695,5.518,560,900
867.5501021467123,37.3,79.8,1,0,0,3.311,2.988,2.048,560,900
867.6466586799278,37.3,79.8,2,0,0,7.006,5.591,4.53,560,900
867.6823369627124,37.3,79.8,1,0,0,3.311,2.988,2.048,560,900
867.8023694950799,37.3,79.8,2,0,0,7.006,5.591,4.53,560,900
867.8569473003896,37.3,79.8,1,0,0,3.311,2.988,2.048,560,900
867.9828057864667,37.3,79.8,2,0,0,7.006,5.591,4.53,560,900
868.0102913854543,37.3,79.8,1,0,0,3.311,2.988,2.048,560,900
868.1966949927746,37.3,79.8,0,0,0,0.0,0.0,0.0,560,900
868.6001634331549,37.3,79.8,0,0,1,0.528,0.57,0.438,560,900
868.6823457051547,37.3,53.414801774654045,0,0,0,0.0,0.0,0.0,560,900
868.7538866166974,37.3,42.4,1,0,0,3.311,2.988,2.048,560,900
869.0196561011585,37.3,42.4,0,0,0,0.0,0.0,0.0,560,900
869.0286224471199,37.3,42.4,1,1,0,9.246,7.695,5.518,561,900
869.07912244712,37.3,42.4,1,0,0,3.311,2.988,2.048,561,900
869.1737265111202,37.3,42.4,0,0,0,0.0,0.0,0.0,561,900
869.2698523635765,37.3,42.4,1,0,0,3.311,2.988,2.048,561,900
869.4163808836087,37.3,42.4,0,0,0,0.0,0.0,0.0,561,900
869.5407528540175,37.3,42.4,1,0,0,3.311,2.988,2.048,561,900
869.7164064384333,37.3,42.4,0,0,0,0.0,0.0,0.0,561,900
869.8460020828904,37.3,42.4,1,0,0,3.311,2.988,2.048,561,900
869.8669273051543,37.3,42.4,2,1,0,13.279,10.07,9.16,562,900
869.8790059421136,37.3,42.4,2,0,0,7.006,5.591,4.53,562,900
869.9421867421133,37.3,42.4,1,0,0,3.311,2.988,2.048,562,900
870.0280499812067,37.3,42.4,2,0,0,7.006,5.591,4.53,562,900
870.0640086863547,37.3,42.4,1,0,0,3.311,2.988,2.048,562,900
870.1334297957966,38.497300084431046,42.4,0,0,0,0.0,0.0,0.0,562,900
870.1991789348676,42.203938023968846,42.4,1,0,0,3.311,2.988,2.048,562,900
870.22167130287,42.9,42.4,2,0,0,7.006,5.591,4.53,562,900
870.3608329064401,42.9,42.4,1,0,0,3.311,2.988,2.048,562,900
870.4221121703873,42.9,42.4,0,0,0,0.0,0.0,0.0,562,900
870.4520364899906,42.9,42.4,1,0,0,3.311,2.988,2.048,562,900
870.5632449839551,42.9,42.4,2,0,0,7.006,5.591,4.53,562,900
870.5944587069606,42.9,42.4,1,0,0,3.311,2.988,2.048,562,900
870.696397783677,42.9,8.015604501253371,2,0,0,7.006,5.591,4.53,562,900
870.7920783555302,42.9,1.82,1,0,0,3.311,2.988,2.048,562,900
870.8491228397315,42.9,1.82,0,0,0,0.0,0.0,0.0,562,900
870.9387826641536,42.9,1.82,1,0,0,3.311,2.988,2.048,562,900
870.9545767618164,42.9,1.82,2,0,0,7.006,5.591,4.53,562,900
871.1105561212399,42.9,1.82,1,0,0,3.311,2.988,2.048,562,900
871.1740161397845,42.9,1.82,0,0,0,0.0,0.0,0.0,562,900
871.2193519976939,42.9,1.82,1,0,0,3.311,2.988,2.048,562,900
871.2839791326767,42.9,1.82,2,1,0,13.279,10.07,9.16,563,900
871.3264727794638,42.9,1.82,3,1,0,17.589,12.354,12.134,563,900
871.3787063964863,42.9,1.82,2,1,0,13.279,10.07,9.16,563,900
871.3857137158769,42.9,1.82,3,1,0,17.589,12.354,12.134,563,900
871.4419791326766,42.9,1.82,3,0,0,10.385,7.547,7.321,563,900
871.520252661369,42.9,1.82,3,0,1,11.271,8.091,7.803,563,900
871.5489249333689,42.9,1.82,3,0,0,10.385,7.547,7.321,563,900
871.5742139486764,42.9,1.82,2,0,0,7.006,5.591,4.53,563,900
871.6386373489629,42.9,1.82,1,0,0,3.311,2.988,2.048,563,900
871.6535273564696,42.9,1.82,0,0,0,0.0,0.0,0.0,563,900
871.7251466518838,42.9,1.82,1,0,0,3.311,2.988,2.048,563,900
871.7687960646607,42.9,1.82,2,0,0,7.006,5.591,4.53,563,900
871.9344241261903,42.9,1.82,1,0,0,3.311,2.988,2.048,563,900
871.9711616476254,42.9,1.82,0,0,0,0.0,0.0,0.0,563,900
872.0531563497505,42.9,1.82,1,0,0,3.311,2.988,2.048,563,900
872.0816205566717,42.9,1.82,1,0,1,3.994,3.474,2.656,563,900
872.1326028286718,42.9,1.82,1,0,0,3.311,2.988,2.048,563,900
872.259291994649,42.9,1.82,0,0,0,0.0,0.0,0.0,563,900
872.3819548369161,42.9,1.82,1,0,0,3.311,2.988,2.048,563,900
872.5925152125217,42.9,1.82,0,0,0,0.0,0.0,0.0,563,900
872.7059637466378,42.9,39.07801015455601,1,1,0,9.246,7.695,5.518,564,900
872.7187003884959,42.9,41.4,2,1,0,13.279,10.07,9.16,564,900
872.7289637466379,42.9,41.4,2,0,0,7.006,5.591,4.53,564,900
872.8235678106378,42.9,41.4,1,0,0,3.311,2.988,2.048,564,900
872.9152897810982,42.9,41.4,2,0,0,7.006,5.591,4.53,564,900
872.9333151588088,42.9,41.4,1,0,0,3.311,2.988,2.048,564,900
873.0573729220129,42.9,41.4,0,0,0,0.0,0.0,0.0,564,900
873.0635636254902,42.9,41.4,1,0,0,3.311,2.988,2.048,564,900
873.1183756164163,42.9,41.4,2,0,0,7.006,5.591,4.53,564,900
873.1522425086531,42.9,41.4,3,0,0,10.385,7.547,7.321,564,900
873.2813213985098,42.9,41.4,2,0,0,7.006,5.591,4.53,564,900
873.2981329147473,42.9,41.4,1,0,0,3.311,2.988,2.048,564,900
873.3081868258045,42.9,41.4,2,1,0,13.279,10.07,9.16,565,900
873.3311693694454,42.9,41.4,2,0,0,7.006,5.591,4.53,565,900
873.3964006135674,42.9,41.4,3,0,0,10.385,7.547,7.321,565,900
873.4634041854453,42.9,41.4,2,0,0,7.006,5.591,4.53,565,900
873.5455020928413,42.9,41.4,1,0,0,3.311,2.988,2.048,565,900
873.637128650625,46.27280700168904,41.4,0,0,0,0.0,0.0,0.0,565,900
873.6468806098414,47.55939859731245,41.4,1,0,0,3.311,2.988,2.048,565,900
873.7990667302954,56.2,41.4,0,0,0,0.0,0.0,0.0,565,900
873.8410082966246,56.2,41.4,1,0,0,3.311,2.988,2.048,565,900
873.9036937944754,56.2,41.4,2,0,0,7.006,5.591,4.53,565,900
874.0588356601097,56.2,41.4,1,0,0,3.311,2.988,2.048,565,900
874.063902525074,56.2,41.4,0,0,0,0.0,0.0,0.0,565,900
874.1665937014697,56.2,41.4,1,0,0,3.311,2.988,2.048,565,900
874.3627706722839,56.2,41.4,0,0,0,0.0,0.0,0.0,565,900
874.4741942682778,56.2,41.4,1,0,0,3.311,2.988,2.048,565,900
874.6736962187264,56.2,21.37851161316587,0,0,0,0.0,0.0,0.0,565,900
874.7890199633546,56.2,8.85,1,0,0,3.311,2.988,2.048,565,900
874.9914979334372,56.2,8.85,0,0,0,0.0,0.0,0.0,565,900
875.1103412827002,56.2,8.85,1,0,0,3.311,2.988,2.048,565,900
875.3173315284171,56.2,8.85,0,0,0,0.0,0.0,0.0,565,900
875.4397526563138,56.2,8.85,1,0,0,3.311,2.988,2.048,565,900
875.5320717938655,56.2,8.85,2,1,0,13.279,10.07,9.16,566,900
875.5439327977266,56.2,8.85,2,0,0,7.006,5.591,4.53,566,900
875.6071135977265,56.2,8.85,1,0,0,3.311,2.988,2.048,566,900
875.6501846496652,56.2,8.85,0,0,0,0.0,0.0,0.0,566,900
875.6922010569442,56.2,8.85,1,0,0,3.311,2.988,2.048,566,900
875.7967977120638,56.2,8.85,0,0,0,0.0,0.0,0.0,566,900
875.8842191616942,56.2,8.85,1,0,0,3.311,2.988,2.048,566,900
876.0225533282271,56.2,8.85,0,0,0,0.0,0.0,0.0,566,900
876.112885197173,56.2,8.85,1,0,0,3.311,2.988,2.048,566,900
876.2037800771959,56.2,8.85,2,0,0,7.006,5.591,4.53,566,900
876.2538990310211,56.2,8.85,1,0,0,3.311,2.988,2.048,566,900
876.3468271762825,56.2,8.85,2,0,0,7.006,5.591,4.53,566,900
876.4727853759032,56.2,8.85,1,0,0,3.311,2.988,2.048,566,900
876.4904692854461,56.2,8.85,0,0,0,0.0,0.0,0.0,566,900
876.5864081680228,56.2,8.85,1,0,0,3.311,2.988,2.048,566,900
876.7328004725017,56.2,26.5515002354855,0,0,0,0.0,0.0,0.0,566,900
876.8315772013935,56.2,94.5,1,0,0,3.311,2.988,2.048,566,900
876.9808404371879,56.2,94.5,0,0,0,0.0,0.0,0.0,566,900
877.0747461658748,56.2,94.5,1,0,0,3.311,2.988,2.048,566,900
877.1812734389476,40.53024803117094,94.5,2,0,0,7.006,5.591,4.53,566,900
877.2191075601344,33.7,94.5,1,0,0,3.311,2.988,2.048,566,900
877.3152891198301,33.7,94.5,2,0,0,7.006,5.591,4.53,566,900
877.355482135429,33.7,94.5,2,1,0,13.279,10.07,9.16,567,900
877.4617053820987,33.7,94.5,1,1,0,9.246,7.695,5.518,567,900
877.4617612011004,33.7,94.5,1,0,0,3.311,2.988,2.048,567,900
877.4723987869087,33.7,94.5,0,0,0,0.0,0.0,0.0,567,900
877.5604779018036,33.7,94.5,1,0,0,3.311,2.988,2.048,567,900
877.6044477701612,33.7,94.5,1,0,1,3.994,3.474,2.656,567,900
877.6504300421611,33.7,94.5,1,0,0,3.311,2.988,2.048,567,900
877.7465291920807,33.7,94.5,0,0,0,0.0,0.0,0.0,567,900
877.8482351243672,33.7,94.5,1,0,0,3.311,2.988,2.048,567,900
878.0377139392261,33.7,94.5,0,0,0,0.0,0.0,0.0,567,900
878.141944999094,33.7,94.5,1,0,0,3.311,2.988,2.048,567,900
878.3344810025349,33.7,94.5,0,0,0,0.0,0.0,0.0,567,900
878.4417781469843,33.7,94.5,1,0,0,3.311,2.988,2.048,567,900
878.6364599470068,33.7,94.5,0,0,0,0.0,0.0,0.0,567,900
878.7465021510383,33.7,94.5,1,0,0,3.311,2.988,2.048,567,900
878.8069747662406,33.7,94.5,2,1,0,13.279,10.07,9.16,568,900
878.8205476675661,33.7,86.74231755027692,2,0,0,7.006,5.591,4.53,568,900
878.9151517315662,33.7,7.73,1,0,0,3.311,2.988,2.048,568,900
878.9442454916424,33.7,7.73,0,0,0,0.0,0.0,0.0,568,900
879.0068016629301,33.7,7.73,1,0,0,3.311,2.988,2.048,568,900
879.0320997456427,33.7,7.73,2,0,0,7.006,5.591,4.53,568,900
879.1488120859348,33.7,7.73,1,0,0,3.311,2.988,2.048,568,900
879.2310547554011,33.7,7.73,0,0,0,0.0,0.0,0.0,568,900
879.2436048817831,33.7,7.73,1,0,0,3.311,2.988,2.048,568,900
879.3470869361684,33.7,7.73,2,0,0,7.006,5.591,4.53,568,900
879.3894178182718,33.7,7.73,1,0,0,3.311,2.988,2.048,568,900
879.4876039746047,33.7,7.73,2,0,0,7.006,5.591,4.53,568,900
879.5472873905084,33.7,7.73,1,0,0,3.311,2.988,2.048,568,900
879.6366232325781,33.7,7.73,0,0,0,0.0,0.0,0.0,568,900
879.7379154553958,33.7,7.73,1,0,0,3.311,2.988,2.048,568,900
879.8900146028537,33.7,7.73,0,0,0,0.0,0.0,0.0,568,900
879.9909689770416,33.7,7.73,1,0,0,3.311,2.988,2.048,568,900
880.1417537310881,33.7,7.73,0,0,0,0.0,0.0,0.0,568,900
880.2449611905957,33.7,7.73,1,0,0,3.311,2.988,2.048,568,900
880.4365553345133,33.7,7.73,0,0,0,0.0,0.0,0.0,568,900
880.543170388302,33.7,7.73,1,0,0,3.311,2.988,2.048,568,900
880.7378315515007,45.9,7.73,0,0,0,0.0,0.0,0.0,568,900
880.8480887935707,45.9,5.630569728058958,1,0,0,3.311,2.988,2.048,568,900
881.0454680160509,45.9,1.89,0,0,0,0.0,0.0,0.0,568,900
881.1589869024021,45.9,1.89,1,0,0,3.311,2.988,2.048,568,900
881.3606204401633,45.9,1.89,0,0,0,0.0,0.0,0.0,568,900
881.4774591447953,45.9,1.89,1,0,0,3.311,2.988,2.048,568,900
881.5227441837897,45.9,1.89,2,1,0,13.279,10.07,9.16,569,900
881.5661441837897,45.9,1.89,2,0,0,7.006,5.591,4.53,569,900
881.6822764698378,45.9,1.89,1,0,0,3.311,2.988,2.048,569,900
881.6983789997896,45.9,1.89,0,0,0,0.0,0.0,0.0,569,900
881.8219597168667,45.9,1.89,1,0,0,3.311,2.988,2.048,569,900
882.0334629138617,45.9,1.89,0,0,0,0.0,0.0,0.0,569,900
882.2300315137512,45.9,1.89,1,0,0,3.311,2.988,2.048,569,900
882.2744762828931,45.9,1.89,1,0,1,3.994,3.474,2.656,569,900
882.359358554893,45.9,1.89,1,0,0,3.311,2.988,2.048,569,900
882.4857913201763,45.9,1.89,0,0,0,0.0,0.0,0.0,569,900
883.2789184936668,45.9,18.2,1,1,0,9.246,7.695,5.518,570,900
883.3419184936666,45.9,18.2,1,0,0,3.311,2.988,2.048,570,900
883.4741533096666,45.9,18.2,0,0,0,0.0,0.0,0.0,570,900
885.3531862798919,26.1,1.5,1,1,0,9.246,7.695,5.518,571,900
885.3990370261606,26.1,1.5,1,0,0,3.311,2.988,2.048,571,900
885.412698404281,26.1,1.5,2,0,0,7.006,5.591,4.53,571,900
885.5312718421604,26.1,1.5,1,0,0,3.311,2.988,2.048,572,900
886.2683621741445,26.1,1.5,0,0,0,0.0,0.0,0.0,572,900
886.2776289009023,26.1,1.5,1,1,0,9.246,7.695,5.518,573,900
886.2945289009023,26.1,1.5,1,0,0,3.311,2.988,2.048,573,900
886.3577097009024,26.1,1.5,0,0,0,0.0,0.0,0.0,573,900
886.4479220089946,26.1,1.5,1,0,0,3.311,2.988,2.048,573,900
886.5886228870382,26.1,1.5,0,0,0,0.0,0.0,0.0,573,900
886.6818934887871,26.1,1.5,1,0,0,3.311,2.988,2.048,573,900
886.8264557004868,26.1,1.5,0,0,0,0.0,0.0,0.0,573,900
886.9228003388923,26.1,12.23233717564004,1,0,0,3.311,2.988,2.048,573,900
887.0702386042487,26.1,98.0,0,0,0,0.0,0.0,0.0,573,900
887.1697780493107,26.1,98.0,1,0,0,3.311,2.988,2.048,573,900
887.1982893609846,26.1,98.0,2,0,0,7.006,5.591,4.53,573,900
887.2789423119069,26.1,98.0,3,1,0,17.589,12.354,12.134,574,900
887.3202440803234,26.1,98.0,2,1,0,13.279,10.07,9.16,574,900
887.3440423119068,26.1,98.0,2,0,0,7.006,5.591,4.53,574,900
887.4229649230422,26.1,98.0,3,0,0,10.385,7.547,7.321,574,900
887.4761389448553,26.1,98.0,3,0,1,11.271,8.091,7.803,574,900
887.476277127907,26.1,98.0,2,0,1,7.412,5.635,5.165,574,900
887.5045012168553,26.1,98.0,2,0,0,7.006,5.591,4.53,574,900
887.5427425170984,26.1,98.0,1,0,0,3.311,2.988,2.048,574,900
887.5762509117116,26.1,98.0,0,0,0,0.0,0.0,0.0,574,900
887.6822354870867,26.1,98.0,1,0,0,3.311,2.988,2.048,574,900
887.8390619134129,25.122137127826267,98.0,0,0,0,0.0,0.0,0.0,574,900
887.9482422574447,22.5,98.0,1,0,0,3.311,2.988,2.048,574,900
888.1449817934271,22.5,98.0,0,0,0,0.0,0.0,0.0,574,900
888.2576254460665,22.5,98.0,1,0,0,3.311,2.988,2.048,574,900
888.4574221176566,22.5,98.0,0,0,0,0.0,0.0,0.0,574,900
888.5737244109034,22.5,98.0,1,0,0,3.311,2.988,2.048,574,900
888.660070687949,22.5,98.0,2,1,0,13.279,10.07,9.16,575,900
888.6731615970399,22.5,98.0,2,0,0,7.006,5.591,4.53,575,900
888.7677656610398,22.5,98.0,1,0,0,3.311,2.988,2.048,575,900
888.7778919781011,22.5,98.0,0,0,0,0.0,0.0,0.0,575,900
888.8576811283638,22.5,98.0,1,0,0,3.311,2.988,2.048,575,900
888.8977934529556,22.5,98.0,2,0,0,7.006,5.591,4.53,575,900
888.997940743733,22.5,98.0,1,0,0,3.311,2.988,2.048,575,900
889.090884670375,22.5,69.9425424322305,2,0,0,7.006,5.591,4.53,575,900
889.1053520757605,22.5,64.79063850029662,1,0,0,3.311,2.988,2.048,575,900
889.2288231992223,22.5,62.6,2,0,0,7.006,5.591,4.53,575,900
889.2348323940626,22.5,62.6,1,0,0,3.311,2.988,2.048,575,900
889.3310552760227,22.5,62.6,2,0,0,7.006,5.591,4.53,575,900
889.439631405635,22.5,62.6,1,0,0,3.311,2.988,2.048,575,900
889.4780949160285,22.5,62.6,0,0,0,0.0,0.0,0.0,575,900
889.5773094593069,22.5,62.6,1,0,0,3.311,2.988,2.048,575,900
889.7273145836309,22.5,62.6,0,0,0,0.0,0.0,0.0,575,900
889.7375056207045,22.5,62.6,1,0,0,3.311,2.988,2.048,575,900
889.8296585172275,22.5,62.6,2,0,0,7.006,5.591,4.53,575,900
889.9825002298696,22.5,62.6,1,0,0,3.311,2.988,2.048,575,900
889.997794527269,22.5,62.6,0,0,0,0.0,0.0,0.0,575,900
890.0878559837844,22.5,62.6,1,0,0,3.311,2.988,2.048,575,900
890.2816136447448,22.5,62.6,0,0,0,0.0,0.0,0.0,575,900
890.390498774023,22.5,62.6,1,0,0,3.311,2.988,2.048,575,900
890.5874452353468,22.5,62.6,0,0,0,0.0,0.0,0.0,575,900
890.7309657522893,22.5,62.6,1,0,0,3.311,2.988,2.048,575,900
890.961819949084,22.5,62.6,0,0,0,0.0,0.0,0.0,575,900
891.0708529891748,22.5,36.5012532884111,0,0,1,0.528,0.57,0.438,575,900
891.0993852611748,22.5,23.93411169541691,0,0,0,0.0,0.0,0.0,575,900
891.1102957058465,22.5,19.12856718650604,1,0,0,3.311,2.988,2.048,575,900
891.1985286753452,22.5,18.4,2,0,0,7.006,5.591,4.53,575,900
891.3470978134612,17.1,18.4,1,0,0,3.311,2.988,2.048,575,900
891.4694519560989,17.1,18.4,2,1,0,13.279,10.07,9.16,576,900
891.4807184597663,17.1,18.4,2,0,0,7.006,5.591,4.53,576,900
891.5005869840435,17.1,18.4,3,0,0,10.385,7.547,7.321,576,900
891.5438992597661,17.1,18.4,2,0,0,7.006,5.591,4.53,576,900
891.5740820969345,17.1,18.4,1,0,0,3.311,2.988,2.048,576,900
891.6268675501183,17.1,18.4,2,0,0,7.006,5.591,4.53,576,900
891.7293248778103,17.1,18.4,1,0,0,3.311,2.988,2.048,576,900
891.742266474478,17.1,18.4,0,0,0,0.0,0.0,0.0,576,900
891.8145062072015,17.1,18.4,1,0,0,3.311,2.988,2.048,576,900
891.9009936368795,17.1,18.4,2,0,0,7.006,5.591,4.53,576,900
891.9505800949324,17.1,18.4,1,0,0,3.311,2.988,2.048,576,900
892.0385307337024,17.1,18.4,2,0,0,7.006,5.591,4.53,576,900
892.1474878221334,17.1,18.4,1,0,0,3.311,2.988,2.048,576,900
892.1771431788125,17.1,18.4,0,0,0,0.0,0.0,0.0,576,900
892.2555313912909,17.1,18.4,1,1,0,9.246,7.695,5.518,577,900
892.2675489839615,17.1,18.4,2,1,0,13.279,10.07,9.16,577,900
892.2689072984026,17.1,18.4,2,0,0,7.006,5.591,4.53,577,900
892.3320880984026,17.1,18.4,1,0,0,3.311,2.988,2.048,577,900
892.3966544793544,17.1,18.4,2,0,0,7.006,5.591,4.53,577,900
892.4086485944504,17.1,18.4,1,0,0,3.311,2.988,2.048,577,900
892.4225756160861,17.1,18.4,2,0,0,7.006,5.591,4.53,577,900
892.5019240269785,17.1,18.4,3,0,0,10.385,7.547,7.321,577,900
892.5635543216474,17.1,18.4,2,0,0,7.006,5.591,4.53,577,900
892.645632722846,17.1,18.4,1,0,0,3.311,2.988,2.048,577,900
892.6571184584775,17.1,18.4,2,0,0,7.006,5.591,4.53,577,900
892.6930870411328,17.1,18.4,1,0,0,3.311,2.988,2.048,577,900
892.7416048917529,17.1,18.4,2,0,0,7.006,5.591,4.53,577,900
892.8019768231858,17.1,18.4,1,0,0,3.311,2.988,2.048,577,900
892.888043409,17.1,18.4,0,0,0,0.0,0.0,0.0,577,900
892.8986333221626,17.1,18.4,1,0,0,3.311,2.988,2.048,577,900
892.9866948052861,17.1,18.4,2,0,0,7.006,5.591,4.53,577,900
893.0463860660174,17.1,16.481609915597513,1,0,0,3.311,2.988,2.048,577,900
893.1358343439123,17.1,12.8,0,0,0,0.0,0.0,0.0,577,900
893.1462556971411,17.1,12.8,1,0,0,3.311,2.988,2.048,577,900
893.2369889085774,17.1,12.8,2,0,0,7.006,5.591,4.53,577,900
893.2970545321426,17.1,12.8,1,0,0,3.311,2.988,2.048,577,900
893.3884106525824,17.1,12.8,0,0,0,0.0,0.0,0.0,577,900
893.4001238864126,17.1,12.8,1,0,0,3.311,2.988,2.048,577,900
893.4923835146265,17.1,12.8,2,0,0,7.006,5.591,4.53,577,900
893.5537610045607,17.1,12.8,1,0,0,3.311,2.988,2.048,577,900
893.6591137031321,17.1,12.8,2,0,0,7.006,5.591,4.53,577,900
893.6836676240102,17.1,12.8,1,0,0,3.311,2.988,2.048,577,900
893.7908337127728,17.1,12.8,2,0,0,7.006,5.591,4.53,577,900
893.8153037432747,17.1,12.8,1,0,0,3.311,2.988,2.048,577,900
893.9238206448463,17.1,12.8,2,0,0,7.006,5.591,4.53,577,900
893.9858051608757,17.1,12.8,1,0,0,3.311,2.988,2.048,577,900
894.0957561913574,17.1,12.8,2,0,0,7.006,5.591,4.53,577,900
894.1198922289892,17.1,12.8,1,0,0,3.311,2.988,2.048,577,900
894.2318363641319,17.1,12.8,2,0,0,7.006,5.591,4.53,577,900
894.294044642179,17.1,12.8,1,0,0,3.311,2.988,2.048,577,900
894.4073215713792,17.1,12.8,2,0,0,7.006,5.591,4.53,577,900
894.4309290088461,17.1,12.8,1,0,0,3.311,2.988,2.048,577,900
894.5464957095602,17.1,12.8,2,0,0,7.006,5.591,4.53,577,900
894.6080156329192,17.1,12.8,1,0,0,3.311,2.988,2.048,577,900
894.7242974358386,17.1,12.8,2,0,0,7.006,5.591,4.53,577,900
894.7499231748459,17.1,12.8,1,0,0,3.311,2.988,2.048,577,900
894.8690529821317,17.1,12.8,2,0,0,7.006,5.591,4.53,577,900
894.9283128520977,17.1,12.8,1,0,0,3.311,2.988,2.048,577,900
895.0199271060976,17.1,12.8,2,0,0,7.006,5.591,4.53,577,900
895.0758354279886,17.1,12.8,1,0,0,3.311,2.988,2.048,577,900
895.1984988088461,17.1,12.8,2,0,0,7.006,5.591,4.53,577,900
895.2216753864002,17.1,23.83387194655615,1,0,0,3.311,2.988,2.048,577,900
895.3405975743535,17.1,122.0,2,0,0,7.006,5.591,4.53,577,900
895.4084947632745,17.1,122.0,1,0,0,3.311,2.988,2.048,577,900
895.5437018554002,17.1,122.0,0,0,0,0.0,0.0,0.0,577,900
895.6654406530979,17.1,122.0,1,0,0,3.311,2.988,2.048,577,900
895.7055251607034,17.1,122.0,2,0,0,7.006,5.591,4.53,577,900
895.8739630148884,15.1,122.0,1,0,0,3.311,2.988,2.048,577,900
895.9646969459885,15.1,122.0,0,0,0,0.0,0.0,0.0,577,900
896.2775056991433,15.1,122.0,0,1,0,4.554,4.957,2.003,578,900
896.4486614771432,15.1,122.0,0,0,0,0.0,0.0,0.0,578,900
897.3256460420972,15.1,122.0,1,1,0,9.246,7.695,5.518,579,900
897.3963460420971,15.1,122.0,1,0,0,3.311,2.988,2.048,579,900
897.5285808580971,15.1,122.0,0,0,0,0.0,0.0,0.0,579,900
897.6461919517996,15.1,122.0,1,0,0,3.311,2.988,2.048,579,900
897.8516697996472,15.1,122.0,0,0,0,0.0,0.0,0.0,579,900
897.975080297513,15.1,122.0,1,0,0,3.311,2.988,2.048,579,900
898.1863359145243,15.1,122.0,0,0,0,0.0,0.0,0.0,579,900
899.4484565623491,15.1,122.0,1,1,0,9.246,7.695,5.518,580,900
899.4592103546478,15.1,122.0,1,0,0,3.311,2.988,2.048,580,900
899.522391154648,15.1,122.0,0,0,0,0.0,0.0,0.0,580,900
899.6035318224333,15.1,122.0,1,0,0,3.311,2.988,2.048,580,900
899.7041441423257,15.1,122.0,0,0,0,0.0,0.0,0.0,580,900
899.7737420990107,15.1,122.0,1,1,0,9.246,7.695,5.518,581,900
899.7866316095003,15.1,122.0,1,0,0,3.311,2.988,2.048,581,900
899.7877160605317,15.1,122.0,2,0,0,7.006,5.591,4.53,581,900
899.8812356735007,15.1,122.0,1,0,0,3.311,2.988,2.048,581,900
899.9477549085321,15.1,122.0,0,0,0,0.0,0.0,0.0,581,900
899.9704264016967,15.1,122.0,1,0,0,3.311,2.988,2.048,581,900
900.0573783315323,15.1,122.0,2,0,0,7.006,5.591,4.53,581,900
900.069695139677,15.1,122.0,3,1,0,17.589,12.354,12.134,582,900
900.1099544488297,15.1,122.0,2,1,0,13.279,10.07,9.16,582,900
900.1140951396771,15.1,122.0,2,0,0,7.006,5.591,4.53,582,900
900.1772759396772,15.1,122.0,1,0,0,3.311,2.988,2.048,582,900
900.2021258325851,15.1,122.0,2,0,0,7.006,5.591,4.53,582,900
900.2172815315326,16.85362954487103,117.78909018378931,1,0,0,3.311,2.988,2.048,582,900
900.2644833956774,31.833110836038244,81.81955203634703,2,0,0,7.006,5.591,4.53,582,900
900.3324305583899,47.0,45.4,3,0,0,10.385,7.547,7.321,582,900
900.3452941842777,47.0,45.4,2,0,0,7.006,5.591,4.53,582,900
900.3707978596775,47.0,45.4,1,0,0,3.311,2.988,2.048,582,900
900.4406967195923,47.0,45.4,2,0,0,7.006,5.591,4.53,582,900
900.4579261786773,47.0,45.4,3,0,0,10.385,7.547,7.321,582,900
900.4984711386122,47.0,45.4,2,0,0,7.006,5.591,4.53,582,900
900.5869091838438,47.0,45.4,1,0,0,3.311,2.988,2.048,582,900
900.5955650266771,47.0,45.4,0,0,0,0.0,0.0,0.0,582,900
900.6178740290278,47.0,45.4,1,0,0,3.311,2.988,2.048,582,900
900.682788449677,47.0,45.4,2,0,0,7.006,5.591,4.53,582,900
900.6852555767177,47.0,45.4,3,0,0,10.385,7.547,7.321,582,900
900.787907930809,47.0,45.4,2,0,0,7.006,5.591,4.53,582,900
900.8202916496771,47.0,45.4,1,0,0,3.311,2.988,2.048,582,900
900.8343857215291,47.0,45.4,0,0,0,0.0,0.0,0.0,582,900
900.9072960336771,47.0,45.4,1,0,0,3.311,2.988,2.048,582,900
900.9113917937829,47.0,45.4,2,0,0,7.006,5.591,4.53,582,900
900.9358137009626,47.0,45.4,3,0,0,10.385,7.547,7.321,582,900
901.0136390416772,47.0,45.4,2,0,0,7.006,5.591,4.53,582,900
901.0855397531225,47.0,45.4,1,0,0,3.311,2.988,2.048,582,900
901.0877326303333,47.0,45.4,0,0,0,0.0,0.0,0.0,582,900
901.1007770586772,47.0,45.4,1,0,0,3.311,2.988,2.048,582,900
901.1921246263266,47.0,45.4,2,0,0,7.006,5.591,4.53,582,900
901.2130870796553,47.0,45.4,3,0,0,10.385,7.547,7.321,582,900
901.2781887101343,47.0,45.4,3,0,1,11.271,8.091,7.803,582,900
901.30678411636,47.0,45.4,3,0,0,10.385,7.547,7.321,582,900
901.3913202965532,47.0,45.4,2,0,0,7.006,5.591,4.53,582,900
901.407125621935,47.0,45.4,3,1,0,17.589,12.354,12.134,583,900
901.4216161879729,47.0,45.4,3,0,0,10.385,7.547,7.321,583,900
901.4622264366774,47.0,45.4,2,0,0,7.006,5.591,4.53,583,900
901.4927784387462,47.0,45.4,3,0,0,10.385,7.547,7.321,583,900
901.5162202519728,47.0,45.4,2,0,0,7.006,5.591,4.53,583,900
901.5227550276442,47.0,45.4,3,0,0,10.385,7.547,7.321,583,900
901.6886996801727,47.0,45.4,2,0,0,7.006,5.591,4.53,583,900
901.7046546861004,47.0,45.4,1,0,0,3.311,2.988,2.048,583,900
901.7565162128908,47.0,45.4,0,0,0,0.0,0.0,0.0,583,900
901.772022664324,47.0,45.4,1,0,0,3.311,2.988,2.048,583,900
901.8002757551585,47.0,45.4,2,0,0,7.006,5.591,4.53,583,900
901.8402919507496,47.0,45.4,3,0,0,10.385,7.547,7.321,583,900
902.0414014716268,47.0,45.4,2,0,0,7.006,5.591,4.53,583,900
902.0634382107646,47.0,45.4,1,0,0,3.311,2.988,2.048,583,900
902.1057838640082,47.0,45.4,0,0,0,0.0,0.0,0.0,583,900
902.1138870715642,47.0,45.4,1,0,0,3.311,2.988,2.048,583,900
902.143697754004,47.0,45.4,2,0,0,7.006,5.591,4.53,583,900
902.1964755564802,47.0,45.4,3,0,0,10.385,7.547,7.321,583,900
902.3339832455823,47.0,1.44,2,0,0,7.006,5.591,4.53,583,900
902.3378777384613,47.0,1.44,1,0,0,3.311,2.988,2.048,583,900
902.4306033174985,47.0,1.44,2,0,0,7.006,5.591,4.53,583,900
902.4322662692762,47.0,1.44,1,0,0,3.311,2.988,2.048,583,900
902.4352068179624,47.0,1.44,2,0,0,7.006,5.591,4.53,583,900
902.4401412915695,47.0,1.44,3,0,0,10.385,7.547,7.321,583,900
902.4618009893078,47.0,1.44,3,1,0,17.589,12.354,12.134,584,900
902.4746187918113,47.0,1.44,3,0,0,10.385,7.547,7.321,584,900
902.5738806360449,47.0,1.44,2,0,0,7.006,5.591,4.53,584,900
902.5770456707734,47.0,1.44,3,0,0,10.385,7.547,7.321,584,900
902.6339012167584,47.0,1.44,2,0,0,7.006,5.591,4.53,584,900
902.6414856658786,47.0,1.44,1,0,0,3.311,2.988,2.048,584,900
902.6581555405904,47.0,1.44,2,0,0,7.006,5.591,4.53,584,900
902.6686003266473,47.0,1.44,3,0,0,10.385,7.547,7.321,584,900
902.813447693759,47.0,1.44,2,0,0,7.006,5.591,4.53,584,900
902.8893194326087,47.0,1.44,3,0,0,10.385,7.547,7.321,584,900
903.0322102888479,47.0,1.44,2,0,0,7.006,5.591,4.53,584,900
903.0555978443624,47.0,1.44,3,0,0,10.385,7.547,7.321,584,900
903.0576420506028,47.0,1.44,2,0,0,7.006,5.591,4.53,584,900
903.1273207396823,47.0,1.44,3,0,0,10.385,7.547,7.321,584,900
903.3197806132675,47.0,1.44,2,0,0,7.006,5.591,4.53,584,900
903.3516238321891,47.0,1.44,3,0,0,10.385,7.547,7.321,584,900
903.5516357616032,47.0,1.44,2,0,0,7.006,5.591,4.53,584,900
903.5810882666078,47.0,1.44,1,0,0,3.311,2.988,2.048,584,900
903.5938293359,47.0,1.44,0,0,0,0.0,0.0,0.0,584,900
903.6211964379968,47.0,1.44,1,0,0,3.311,2.988,2.048,584,900
903.6825535899,47.0,1.44,2,0,0,7.006,5.591,4.53,584,900
903.6901751365781,47.0,1.44,3,0,0,10.385,7.547,7.321,584,900
903.9125395286643,39.1,1.44,2,0,0,7.006,5.591,4.53,584,900
903.9139732288261,39.1,1.44,1,0,0,3.311,2.988,2.048,584,900
904.0505952864313,39.1,1.44,2,0,0,7.006,5.591,4.53,584,900
904.0562725359871,39.1,1.44,3,0,0,10.385,7.547,7.321,584,900
904.0692771565879,39.1,1.44,2,0,0,7.006,5.591,4.53,584,900
904.1767812969664,39.1,1.44,3,0,0,10.385,7.547,7.321,584,900
904.2779035294022,39.1,1.44,2,0,0,7.006,5.591,4.53,584,900
904.2866287024215,39.1,1.44,1,0,0,3.311,2.988,2.048,584,900
904.372337508777,39.1,46.467036052755525,0,0,0,0.0,0.0,0.0,584,900
904.4246526078036,39.1,75.9,1,0,0,3.311,2.988,2.048,584,900
904.4325495707687,39.1,75.9,2,0,0,7.006,5.591,4.53,584,900
904.4835315336159,39.1,75.9,3,0,0,10.385,7.547,7.321,584,900
904.5494786149901,39.1,75.9,3,0,1,11.271,8.091,7.803,584,900
904.60706088699,39.1,75.9,3,0,0,10.385,7.547,7.321,584,900
904.6583004386946,39.1,75.9,2,0,0,7.006,5.591,4.53,584,900
904.6656057633887,39.1,75.9,1,0,0,3.311,2.988,2.048,584,900
904.6741017946797,39.1,75.9,0,0,0,0.0,0.0,0.0,584,900
904.7207902142746,39.1,75.9,1,1,0,9.246,7.695,5.518,585,900
904.73817889352,39.1,75.9,1,0,0,3.311,2.988,2.048,585,900
904.7604927889266,39.1,75.9,2,0,0,7.006,5.591,4.53,585,900
904.809023857016,39.1,75.9,3,0,0,10.385,7.547,7.321,585,900
904.9348341475762,39.1,75.9,2,0,0,7.006,5.591,4.53,585,900
904.93816408435,39.1,75.9,3,0,0,10.385,7.547,7.321,585,900
905.0940350898214,39.1,75.9,2,0,0,7.006,5.591,4.53,585,900
905.1881468138505,39.1,75.9,3,0,0,10.385,7.547,7.321,585,900
905.199441513916,39.1,75.9,2,0,0,7.006,5.591,4.53,585,900
905.2060018474472,39.1,75.9,3,0,0,10.385,7.547,7.321,585,900
905.28874364202,39.1,75.9,2,0,0,7.006,5.591,4.53,585,900
905.2900681306061,39.1,75.9,3,0,0,10.385,7.547,7.321,585,900
905.3704809459954,39.1,75.9,2,0,0,7.006,5.591,4.53,585,900
905.4469140604394,39.1,75.9,1,0,0,3.311,2.988,2.048,585,900
905.4680857836989,39.1,75.9,0,0,0,0.0,0.0,0.0,585,900
905.4682789989547,39.1,75.9,1,0,0,3.311,2.988,2.048,585,900
905.6038968963448,39.1,75.9,2,0,0,7.006,5.591,4.53,585,900
905.6461440036109,39.1,75.9,3,0,0,10.385,7.547,7.321,585,900
905.6540291240302,39.1,75.9,2,0,0,7.006,5.591,4.53,585,900
905.75539184392,39.1,75.9,3,0,0,10.385,7.547,7.321,585,900
905.7670424869891,39.1,75.9,3,1,0,17.589,12.354,12.134,586,900
905.7806354073431,39.1,75.9,3,0,0,10.385,7.547,7.321,586,900
905.8703401687316,39.1,75.9,2,0,0,7.006,5.591,4.53,586,900
905.8752394713432,39.1,75.9,1,0,0,3.311,2.988,2.048,586,900
905.9443193059261,39.1,75.9,0,0,0,0.0,0.0,0.0,586,900
905.9669614418035,39.1,75.9,1,0,0,3.311,2.988,2.048,586,900
906.0090203806158,39.1,75.9,2,0,0,7.006,5.591,4.53,586,900
906.0491807697458,39.1,75.9,3,0,0,10.385,7.547,7.321,586,900
906.109044582718,39.1,75.9,2,0,0,7.006,5.591,4.53,586,900
906.2039141693581,39.1,75.9,3,0,0,10.385,7.547,7.321,586,900
906.2416715846819,39.1,75.9,2,0,0,7.006,5.591,4.53,586,900
906.2572029179805,39.1,75.9,1,0,0,3.311,2.988,2.048,586,900
906.3498045754525,39.1,75.9,0,0,0,0.0,0.0,0.0,586,900
906.4216149262583,39.1,70.87497534561214,1,0,0,3.311,2.988,2.048,586,900
906.4480722742724,39.1,57.83974975634976,2,0,0,7.006,5.591,4.53,586,900
906.5971737535467,39.1,26.2,1,0,0,3.311,2.988,2.048,586,900
906.673242769809,39.1,26.2,0,0,0,0.0,0.0,0.0,586,900
906.6985522705467,39.1,26.2,1,0,0,3.311,2.988,2.048,586,900
906.8473686153139,39.1,26.2,2,0,0,7.006,5.591,4.53,586,900
906.8507383910012,39.1,26.2,1,0,0,3.311,2.988,2.048,586,900
906.9564349513747,39.1,26.2,2,0,0,7.006,5.591,4.53,586,900
907.1083597429481,39.1,26.2,1,0,0,3.311,2.988,2.048,586,900
907.1140604177853,39.1,26.2,0,0,0,0.0,0.0,0.0,586,900
907.2244123400675,39.78323660919926,26.2,1,0,0,3.311,2.988,2.048,586,900
907.286314821493,43.13814787542327,26.2,2,0,0,7.006,5.591,4.53,586,900
907.4232015718283,44.5,26.2,1,0,0,3.311,2.988,2.048,586,900
907.5373660889387,44.5,26.2,2,0,0,7.006,5.591,4.53,586,900
907.551288014168,44.5,26.2,1,0,0,3.311,2.988,2.048,586,900
907.7331425327528,44.5,26.2,2,0,0,7.006,5.591,4.53,586,900
907.7396273405274,44.5,26.2,1,0,0,3.311,2.988,2.048,586,900
907.8578390464661,44.5,26.2,2,0,0,7.006,5.591,4.53,586,900
908.0022935984679,44.5,26.2,1,0,0,3.311,2.988,2.048,586,900
908.063223357883,44.5,26.2,0,0,0,0.0,0.0,0.0,586,900
908.1851017086499,44.5,26.2,1,0,0,3.311,2.988,2.048,586,900
908.3172365624314,44.5,26.2,2,0,0,7.006,5.591,4.53,586,900
908.3951453358957,44.5,26.2,1,0,0,3.311,2.988,2.048,586,900
908.5207485054908,44.5,9.73,2,0,0,7.006,5.591,4.53,586,900
908.5779043376467,44.5,9.73,1,0,0,3.311,2.988,2.048,586,900
908.7343809205644,44.5,9.73,0,0,0,0.0,0.0,0.0,586,900
909.2913054299879,44.5,9.73,1,0,0,3.311,2.988,2.048,586,900
909.5567915776751,44.5,9.73,0,0,0,0.0,0.0,0.0,586,900
910.4563522321434,44.5,32.13035897539516,1,1,0,9.246,7.695,5.518,587,900
910.4751220895771,44.5,41.57988167470586,1,0,0,3.311,2.988,2.048,587,900
910.6073569055769,44.5,60.2,0,0,0,0.0,0.0,0.0,587,900
910.7182567322674,62.9,60.2,1,0,0,3.311,2.988,2.048,587,900
910.9169606641698,62.9,60.2,0,0,0,0.0,0.0,0.0,587,900
911.0331587035547,62.9,60.2,1,0,0,3.311,2.988,2.048,587,900
911.2371392131516,62.9,60.2,0,0,0,0.0,0.0,0.0,587,900
911.3582096362312,62.9,60.2,1,0,0,3.311,2.988,2.048,587,900
911.5683564835218,62.9,60.2,0,0,0,0.0,0.0,0.0,587,900
911.6610498120417,62.9,60.2,1,1,0,9.246,7.695,5.518,588,900
911.6796304572031,62.9,60.2,1,0,0,3.311,2.988,2.048,588,900
911.811865273203,62.9,60.2,0,0,0,0.0,0.0,0.0,588,900
911.9220777977595,62.9,60.2,1,0,0,3.311,2.988,2.048,588,900
912.0255322990679,62.9,60.2,2,0,0,7.006,5.591,4.53,588,900
912.0486929240307,62.9,60.2,2,0,1,7.412,5.635,5.165,588,900
912.0769351960307,62.9,60.2,2,0,0,7.006,5.591,4.53,588,900
912.1200880116385,62.9,60.2,1,0,0,3.311,2.988,2.048,588,900
912.2355474217754,62.9,60.2,2,0,0,7.006,5.591,4.53,588,900
912.3141912557417,62.9,60.2,1,0,0,3.311,2.988,2.048,588,900
912.3504381470929,62.9,60.2,2,0,0,7.006,5.591,4.53,588,900
912.4387828862355,62.9,44.93565367472222,1,0,0,3.311,2.988,2.048,588,900
912.5590633529533,62.9,3.38,2,0,0,7.006,5.591,4.53,588,900
912.6816005903753,62.9,3.38,1,0,0,3.311,2.988,2.048,588,900
912.7684138279935,62.9,3.38,0,0,0,0.0,0.0,0.0,588,900
913.2326560263883,62.9,3.38,1,1,0,9.246,7.695,5.518,589,900
913.3111560263883,62.9,3.38,1,0,0,3.311,2.988,2.048,589,900
913.4433908423883,62.9,3.38,0,0,0,0.0,0.0,0.0,589,900
913.5149531117421,62.9,3.38,1,1,0,9.246,7.695,5.518,590,900
913.5267988700969,62.9,3.38,1,0,0,3.311,2.988,2.048,590,900
913.5646102973884,62.9,3.38,2,0,0,7.006,5.591,4.53,590,900
913.5899796700969,62.9,3.38,1,0,0,3.311,2.988,2.048,590,900
913.6750127848371,62.9,3.38,2,0,0,7.006,5.591,4.53,590,900
913.7729974013884,62.9,3.38,1,0,0,3.311,2.988,2.048,590,900
913.7879341214679,62.9,3.38,0,0,0,0.0,0.0,0.0,590,900
913.8742424463754,62.9,3.38,1,1,0,9.246,7.695,5.518,591,900
913.887696460974,62.9,3.38,1,0,0,3.311,2.988,2.048,591,900
913.8944234193882,62.9,3.38,2,0,0,7.006,5.591,4.53,591,900
913.9245180147919,62.9,3.38,3,0,0,10.385,7.547,7.321,591,900
913.9508772609739,62.9,3.38,2,0,0,7.006,5.591,4.53,591,900
914.0416432023756,58.998440886865254,3.38,3,0,0,10.385,7.547,7.321,591,900
914.1029954513886,50.91230097163793,3.38,2,0,0,7.006,5.591,4.53,591,900
914.1124570317113,49.8,3.38,1,0,0,3.311,2.988,2.048,591,900
914.1829029801569,49.8,3.38,0,0,0,0.0,0.0,0.0,591,900
914.2242022033887,49.8,3.38,1,0,0,3.311,2.988,2.048,591,900
914.2550481911978,49.8,3.38,2,0,0,7.006,5.591,4.53,591,900
914.2600273212964,49.8,3.38,3,0,0,10.385,7.547,7.321,591,900
914.4338489233885,49.8,3.38,2,0,0,7.006,5.591,4.53,591,900
914.4487637222787,49.8,3.38,1,0,0,3.311,2.988,2.048,591,900
914.455161837731,49.8,3.38,1,0,1,3.994,3.474,2.656,591,900
914.4835841097309,49.8,3.38,1,0,0,3.311,2.988,2.048,591,900
914.5188940583683,49.8,3.410899486319256,2,0,0,7.006,5.591,4.53,591,900
914.534545303189,49.8,3.486483437450228,3,0,0,10.385,7.547,7.321,591,900
914.7228143144766,49.8,3.86,2,0,0,7.006,5.591,4.53,591,900
914.7671686268359,49.8,3.86,3,0,0,10.385,7.547,7.321,591,900
914.7964886581708,49.8,3.86,2,0,0,7.006,5.591,4.53,591,900
914.8271310821696,49.8,3.86,3,0,0,10.385,7.547,7.321,591,900
914.9183041525878,49.8,3.86,2,0,0,7.006,5.591,4.53,591,900
914.9337545381301,49.8,3.86,1,0,0,3.311,2.988,2.048,591,900
914.950880524982,49.8,3.86,2,0,0,7.006,5.591,4.53,591,900
915.0192408653492,49.8,3.86,1,0,0,3.311,2.988,2.048,591,900
915.0217260886168,49.8,3.86,2,0,0,7.006,5.591,4.53,591,900
915.0979871670202,49.8,3.86,3,1,0,17.589,12.354,12.134,592,900
915.1440671670201,49.8,3.86,3,0,0,10.385,7.547,7.321,592,900
915.1757184370257,49.8,3.86,2,0,0,7.006,5.591,4.53,592,900
915.2763019830204,49.8,3.86,1,0,0,3.311,2.988,2.048,592,900
915.2824409707121,49.8,3.86,2,0,0,7.006,5.591,4.53,592,900
915.3164947803606,49.8,3.86,3,0,0,10.385,7.547,7.321,592,900
915.3225243210073,49.8,3.86,2,0,0,7.006,5.591,4.53,592,900
915.4337827904853,49.8,3.86,3,0,0,10.385,7.547,7.321,592,900
915.4400106217779,49.8,3.86,2,0,0,7.006,5.591,4.53,592,900
915.4498394574983,49.8,3.86,3,0,0,10.385,7.547,7.321,592,900
915.5277502539282,49.8,3.86,2,0,0,7.006,5.591,4.53,592,900
915.549965789121,49.8,3.86,3,0,0,10.385,7.547,7.321,592,900
915.63218534945,49.8,3.86,2,0,0,7.006,5.591,4.53,592,900
915.6492293592414,49.8,3.86,3,1,0,17.589,12.354,12.134,593,900
915.6668171455009,49.8,3.86,3,0,0,10.385,7.547,7.321,593,900
915.761421209501,49.8,3.86,2,0,0,7.006,5.591,4.53,593,900
915.8609460222231,49.8,3.86,3,0,0,10.385,7.547,7.321,593,900
915.9497330426778,49.8,3.86,2,0,0,7.006,5.591,4.53,593,900
916.0611859747683,49.8,3.86,1,0,0,3.311,2.988,2.048,593,900
916.0615649149822,49.8,3.86,0,0,0,0.0,0.0,0.0,593,900
916.0681064629408,49.8,3.86,1,0,0,3.311,2.988,2.048,593,900
916.0831733190902,49.8,3.86,2,0,0,7.006,5.591,4.53,593,900
916.1721230027453,49.8,3.86,3,0,0,10.385,7.547,7.321,593,900
916.3058879329819,49.8,3.86,2,0,0,7.006,5.591,4.53,593,900
916.3708060047682,49.8,3.86,1,0,0,3.311,2.988,2.048,593,900
916.3837582141939,49.8,3.86,0,0,0,0.0,0.0,0.0,593,900
916.3959997348461,49.8,3.86,1,0,0,3.311,2.988,2.048,593,900
916.4839290564416,49.8,3.86,2,0,0,7.006,5.591,4.53,593,900
916.4864795621118,49.8,3.86,3,0,0,10.385,7.547,7.321,593,900
916.6906191565012,49.8,40.8,2,0,0,7.006,5.591,4.53,593,900
916.7130260134786,49.8,40.8,1,0,0,3.311,2.988,2.048,593,900
916.7497439924957,49.8,40.8,0,0,0,0.0,0.0,0.0,593,900
916.8110253372113,49.8,40.8,1,0,0,3.311,2.988,2.048,593,900
916.881230864147,49.8,40.8,2,0,0,7.006,5.591,4.53,593,900
916.903260637337,49.8,40.8,3,0,0,10.385,7.547,7.321,593,900
917.1370225324608,49.8,40.8,2,0,0,7.006,5.591,4.53,593,900
917.162555126613,49.8,40.8,1,0,0,3.311,2.988,2.048,593,900
917.207881661523,49.8,40.8,0,0,0,0.0,0.0,0.0,593,900
917.3993019974963,49.8,40.8,1,0,0,3.311,2.988,2.048,593,900
917.4816283522953,49.8,40.8,2,0,0,7.006,5.591,4.53,593,900
917.6679573231922,29.6,40.8,1,0,0,3.311,2.988,2.048,593,900
917.7896467803583,29.6,40.8,0,0,0,0.0,0.0,0.0,593,900
917.8543820341074,29.6,40.8,1,0,0,3.311,2.988,2.048,593,900
918.1286211497684,29.6,40.8,0,0,0,0.0,0.0,0.0,593,900
918.1414732466764,29.6,40.8,0,0,1,0.528,0.57,0.438,593,900
918.1977555186763,29.6,40.8,0,0,0,0.0,0.0,0.0,593,900
918.3212289136486,29.6,40.8,1,0,0,3.311,2.988,2.048,593,900
918.381847862648,29.6,40.8,2,1,0,13.279,10.07,9.16,594,900
918.4213478626478,29.6,40.8,2,0,0,7.006,5.591,4.53,594,900
918.515951926648,29.6,39.526915176634176,1,0,0,3.311,2.988,2.048,594,900
918.6019675632746,29.6,9.979776751585462,0,0,0,0.0,0.0,0.0,594,900
918.6184069450724,29.6,6.5,1,0,0,3.311,2.988,2.048,594,900
918.7124318172744,29.6,6.5,2,0,0,7.006,5.591,4.53,594,900
918.7713242698566,29.6,6.5,1,0,0,3.311,2.988,2.048,594,900
918.8774469375005,29.6,6.5,2,0,0,7.006,5.591,4.53,594,900
918.9982498786112,29.6,6.5,1,0,0,3.311,2.988,2.048,594,900
919.0712902393052,29.6,6.5,0,0,0,0.0,0.0,0.0,594,900
919.1813033912784,29.6,6.5,1,0,0,3.311,2.988,2.048,594,900
919.2041533551671,29.6,6.5,2,0,0,7.006,5.591,4.53,594,900
919.3564371186758,29.6,6.5,3,1,0,17.589,12.354,12.134,595,900
919.3696595003114,29.6,6.5,3,0,0,10.385,7.547,7.321,595,900
919.3793694624185,29.6,6.5,2,0,0,7.006,5.591,4.53,595,900
919.4105837210435,29.6,6.5,3,0,0,10.385,7.547,7.321,595,900
919.4328403003113,29.6,6.5,2,0,0,7.006,5.591,4.53,595,900
919.4937540577275,29.6,6.5,3,0,0,10.385,7.547,7.321,595,900
919.4946548544686,29.6,6.5,2,0,0,7.006,5.591,4.53,595,900
919.5227805576026,29.6,6.5,3,0,0,10.385,7.547,7.321,595,900
919.6317112218924,29.6,6.5,2,0,0,7.006,5.591,4.53,595,900
919.6632067969656,29.6,6.5,1,0,0,3.311,2.988,2.048,595,900
919.6958042422036,29.6,6.5,0,0,0,0.0,0.0,0.0,595,900
919.7561872327591,29.6,6.5,1,0,0,3.311,2.988,2.048,595,900
919.8144943578485,29.6,6.5,2,0,0,7.006,5.591,4.53,595,900
919.9004566906243,29.6,6.5,1,0,0,3.311,2.988,2.048,595,900
919.9964930479199,29.6,6.5,2,0,0,7.006,5.591,4.53,595,900
920.0209146716603,29.6,6.5,1,0,0,3.311,2.988,2.048,595,900
920.1436204442871,29.6,6.5,0,0,0,0.0,0.0,0.0,595,900
920.1442829466407,29.6,6.5,1,0,0,3.311,2.988,2.048,595,900
920.2428334930848,29.6,6.5,2,0,0,7.006,5.591,4.53,595,900
920.3558908297883,29.6,6.5,1,0,0,3.311,2.988,2.048,595,900
920.3929705399545,29.6,6.5,0,0,0,0.0,0.0,0.0,595,900
920.4951236917063,29.6,6.5,1,0,0,3.311,2.988,2.048,595,900
920.6478048598491,29.6,17.5581419752179,0,0,0,0.0,0.0,0.0,595,900
920.7531575584205,29.6,37.2,1,0,0,3.311,2.988,2.048,595,900
920.9093475985635,29.6,37.2,0,0,0,0.0,0.0,0.0,595,900
921.0178645001351,53.3,37.2,1,0,0,3.311,2.988,2.048,595,900
921.2139360842782,53.3,37.2,0,0,0,0.0,0.0,0.0,595,900
921.3258802194209,53.3,37.2,1,0,0,3.311,2.988,2.048,595,900
921.5249728641355,53.3,37.2,0,0,0,0.0,0.0,0.0,595,900
921.64053956485,53.3,37.2,1,0,0,3.311,2.988,2.048,595,900
921.8439670301357,53.3,37.2,0,0,0,0.0,0.0,0.0,595,900
921.9630968374214,53.3,37.2,1,0,0,3.311,2.988,2.048,595,900
922.1084277961052,53.3,37.2,2,0,0,7.006,5.591,4.53,595,900
922.1698792832785,53.3,37.2,1,0,0,3.311,2.988,2.048,595,900
922.2925426641357,53.3,37.2,2,0,0,7.006,5.591,4.53,595,900
922.3890473755465,53.3,37.2,1,0,0,3.311,2.988,2.048,595,900
922.5025386185642,53.3,37.2,0,0,0,0.0,0.0,0.0,595,900
922.7995690159926,53.3,1.71,1,0,0,3.311,2.988,2.048,595,900
923.0587408012784,53.3,1.71,0,0,0,0.0,0.0,0.0,595,900
924.7139480631323,51.6,1.93,1,1,0,9.246,7.695,5.518,596,900
924.7832480631323,51.6,1.93,1,0,0,3.311,2.988,2.048,596,900
924.9154828791322,51.6,1.93,0,0,0,0.0,0.0,0.0,596,900
925.0275023341324,51.6,1.93,1,0,0,3.311,2.988,2.048,596,900
925.2266894381322,51.6,1.93,0,0,0,0.0,0.0,0.0,596,900
925.3389154561319,51.6,1.93,1,0,0,3.311,2.988,2.048,596,900
925.511215750564,51.6,1.93,2,1,0,13.279,10.07,9.16,597,900
925.5382874881319,51.6,1.93,1,1,0,9.246,7.695,5.518,597,900
925.5492983951922,51.6,1.93,1,0,0,3.311,2.988,2.048,597,900
925.6502942401318,51.6,1.93,2,0,0,7.006,5.591,4.53,597,900
925.681533211192,51.6,1.93,1,0,0,3.311,2.988,2.048,597,900
925.8507409601322,51.6,1.93,0,0,0,0.0,0.0,0.0,597,900
925.9658757306657,51.6,1.93,1,0,0,3.311,2.988,2.048,597,900
926.1686932443407,51.6,1.93,0,0,0,0.0,0.0,0.0,597,900
926.2883292960048,51.6,1.93,1,0,0,3.311,2.988,2.048,597,900
926.3759081545722,51.6,1.93,1,0,1,3.994,3.474,2.656,597,900
926.4345904265721,51.6,1.93,1,0,0,3.311,2.988,2.048,597,900
926.4958684748104,51.6,1.93,0,0,0,0.0,0.0,0.0,597,900
926.6199352486055,51.6,4.221236396725171,1,0,0,3.311,2.988,2.048,597,900
926.8316623965425,51.6,29.0,0,0,0,0.0,0.0,0.0,597,900
926.9383086516152,51.6,29.0,1,1,0,9.246,7.695,5.518,598,900
926.95125247184,51.6,29.0,1,0,0,3.311,2.988,2.048,598,900
927.0458565358399,51.6,29.0,0,0,0,0.0,0.0,0.0,598,900
927.135242699306,51.6,29.0,1,0,0,3.311,2.988,2.048,598,900
927.2168698109916,51.6,29.0,2,0,0,7.006,5.591,4.53,598,900
927.2749680232666,51.6,29.0,1,0,0,3.311,2.988,2.048,598,900
927.3633705156261,51.6,29.0,2,0,0,7.006,5.591,4.53,598,900
927.5027366597554,51.6,29.0,1,0,0,3.311,2.988,2.048,598,900
927.5941370905048,51.6,29.0,2,0,0,7.006,5.591,4.53,598,900
927.5956720265731,51.6,29.0,2,1,0,13.279,10.07,9.16,599,900
927.6658901716237,51.6,29.0,1,1,0,9.246,7.695,5.518,599,900
927.6971569184966,51.6,29.0,1,0,0,3.311,2.988,2.048,599,900
927.7363141340238,48.42462206980866,29.0,0,0,0,0.0,0.0,0.0,599,900
927.8304252091633,38.6,29.0,1,0,0,3.311,2.988,2.048,599,900
927.9752867200725,38.6,29.0,0,0,0,0.0,0.0,0.0,599,900
928.0722461686024,38.6,29.0,1,0,0,3.311,2.988,2.048,599,900
928.2196632509023,38.6,29.0,0,0,0,0.0,0.0,0.0,599,900
928.3193535028222,38.6,29.0,1,0,0,3.311,2.988,2.048,599,900
928.4995503184678,38.6,29.0,2,0,0,7.006,5.591,4.53,599,900
928.5074055165118,38.6,29.0,1,0,0,3.311,2.988,2.048,599,900
928.6103039815918,38.6,29.0,2,0,0,7.006,5.591,4.53,599,900
928.7957312833835,38.6,6.47,1,0,0,3.311,2.988,2.048,599,900
928.8012236334417,38.6,6.47,0,0,0,0.0,0.0,0.0,599,900
928.862592027623,38.6,6.47,1,1,0,9.246,7.695,5.518,600,900
928.8844308901822,38.6,6.47,1,0,0,3.311,2.988,2.048,600,900
928.907564905682,38.6,6.47,2,0,0,7.006,5.591,4.53,600,900
929.016665706182,38.6,6.47,1,0,0,3.311,2.988,2.048,600,900
929.1010032356921,38.6,6.47,0,0,0,0.0,0.0,0.0,600,900
929.1387135083385,38.6,6.47,1,0,0,3.311,2.988,2.048,600,900
929.1452283813045,38.6,6.47,2,1,0,13.279,10.07,9.16,601,900
929.1782606393689,38.6,6.47,2,0,0,7.006,5.591,4.53,601,900
929.2104067710926,38.6,6.47,3,0,0,10.385,7.547,7.321,601,900
929.3104954553688,38.6,6.47,2,0,0,7.006,5.591,4.53,601,900
929.3486694808217,38.6,6.47,1,0,0,3.311,2.988,2.048,601,900
929.4078947468931,38.6,6.47,2,1,0,13.279,10.07,9.16,602,900
929.4079000352631,38.6,6.47,1,1,0,9.246,7.695,5.518,602,900
929.4620947468932,38.6,6.47,1,0,0,3.311,2.988,2.048,602,900
929.5204240078237,38.6,6.47,2,0,0,7.006,5.591,4.53,602,900
929.5566988108932,38.6,6.47,1,0,0,3.311,2.988,2.048,602,900
929.6564891601511,38.6,6.47,2,0,0,7.006,5.591,4.53,602,900
929.7209016781544,38.6,6.47,1,0,0,3.311,2.988,2.048,602,900
929.8067167069892,38.6,6.47,0,0,0,0.0,0.0,0.0,602,900
929.8367706658752,38.6,6.47,1,0,0,3.311,2.988,2.048,602,900
929.910186862312,38.6,6.47,2,0,0,7.006,5.591,4.53,602,900
930.040170054366,38.6,6.47,1,0,0,3.311,2.988,2.048,602,900
930.1019621522157,38.6,6.47,0,0,0,0.0,0.0,0.0,602,900
930.2097804481848,38.6,6.47,1,0,0,3.311,2.988,2.048,602,900
930.2445855602471,38.6,6.47,2,0,0,7.006,5.591,4.53,602,900
930.4056335427349,38.6,6.47,1,0,0,3.311,2.988,2.048,602,900
930.4955571044385,38.6,6.47,0,0,0,0.0,0.0,0.0,602,900
930.5176783173498,38.6,6.47,1,0,0,3.311,2.988,2.048,602,900
930.7173705605456,38.6,10.750153547702961,0,0,0,0.0,0.0,0.0,602,900
930.8335758908066,38.6,85.8,1,0,0,3.311,2.988,2.048,602,900
931.0374932986483,38.6,85.8,0,0,0,0.0,0.0,0.0,602,900
931.1582318235558,33.61599753756819,85.8,1,0,0,3.311,2.988,2.048,602,900
931.3671918360436,27.8,85.8,0,0,0,0.0,0.0,0.0,602,900
931.4920673375966,27.8,85.8,1,0,0,3.311,2.988,2.048,602,900
931.6834824702767,27.8,85.8,1,0,1,3.994,3.474,2.656,602,900
931.7043913307305,27.8,85.8,0,0,1,0.528,0.57,0.438,602,900
931.7119247422769,27.8,85.8,0,0,0,0.0,0.0,0.0,602,900
932.2004909005454,27.8,85.8,1,1,0,9.246,7.695,5.518,603,900
932.2953909005454,27.8,85.8,1,0,0,3.311,2.988,2.048,603,900
932.4276257165454,27.8,85.8,0,0,0,0.0,0.0,0.0,603,900
932.7262575795935,27.8,74.72020098608718,1,0,0,3.311,2.988,2.048,603,900
932.8682289134451,27.8,10.9,2,1,0,13.279,10.07,9.16,604,900
932.8816829280436,27.8,10.9,2,0,0,7.006,5.591,4.53,604,900
932.9448637280435,27.8,10.9,1,0,0,3.311,2.988,2.048,604,900
933.0356296694447,27.8,10.9,2,0,0,7.006,5.591,4.53,604,900
933.0668990040053,27.8,10.9,1,0,0,3.311,2.988,2.048,604,900
933.11618626693,27.8,10.9,2,0,0,7.006,5.591,4.53,604,900
933.1768894472257,27.8,10.9,1,0,0,3.311,2.988,2.048,604,900
933.2707505472838,27.8,10.9,2,0,0,7.006,5.591,4.53,604,900
933.3896530670962,27.8,10.9,1,0,0,3.311,2.988,2.048,604,900
933.4159085237219,27.8,10.9,0,0,0,0.0,0.0,0.0,604,900
933.5128805254374,27.8,10.9,1,0,0,3.311,2.988,2.048,604,900
933.6609514205325,27.8,10.9,0,0,0,0.0,0.0,0.0,604,900
933.7611550939048,27.8,10.9,1,0,0,3.311,2.988,2.048,604,900
933.9122906196567,27.8,10.9,0,0,0,0.0,0.0,0.0,604,900
934.0146669509566,27.8,10.9,1,0,0,3.311,2.988,2.048,604,900
934.1676058403282,27.8,10.9,0,0,0,0.0,0.0,0.0,604,900
934.2732277891301,27.8,10.9,1,0,0,3.311,2.988,2.048,604,900
934.4296890010038,27.8,10.9,0,0,0,0.0,0.0,0.0,604,900
934.5384886033082,27.8,10.9,1,0,0,3.311,2.988,2.048,604,900
934.7348448096841,27.8,10.9,0,0,0,0.0,0.0,0.0,604,900
934.8470870175621,27.8,9.0767921486879,1,0,0,3.311,2.988,2.048,604,900
935.0464796565115,27.8,5.78,0,0,0,0.0,0.0,0.0,604,900
935.1623598019634,27.8,5.78,1,0,0,3.311,2.988,2.048,604,900
935.3661026334868,27.8,5.78,0,0,0,0.0,0.0,0.0,604,900
935.4855612575128,27.8,5.78,1,0,0,3.311,2.988,2.048,604,900
935.6926744416102,27.8,5.78,0,0,0,0.0,0.0,0.0,604,900
935.8156820112096,27.8,5.78,1,0,0,3.311,2.988,2.048,604,900
936.0260240758815,27.8,5.78,0,0,0,0.0,0.0,0.0,604,900
936.1569122705447,27.8,5.78,1,0,0,3.311,2.988,2.048,604,900
936.3234140340553,27.8,5.78,2,0,0,7.006,5.591,4.53,604,900
936.3903530290448,27.8,5.78,1,0,0,3.311,2.988,2.048,604,900
936.5829549875871,27.8,5.78,0,0,0,0.0,0.0,0.0,604,900
938.5721748083826,28.1,2.91,1,1,0,9.246,7.695,5.518,605,900
938.5907180679397,28.1,2.91,1,0,0,3.311,2.988,2.048,605,900
938.7229528839396,28.1,2.91,0,0,0,0.0,0.0,0.0,605,900
938.8330296075515,28.1,3.7387284220324983,1,0,0,3.311,2.988,2.048,605,900
939.030902752799,28.1,6.77,0,0,0,0.0,0.0,0.0,605,900
939.096298773438,28.1,6.77,0,0,1,0.528,0.57,0.438,605,900
939.1262510454379,28.1,6.77,0,0,0,0.0,0.0,0.0,605,900
939.1462162204971,28.1,6.77,1,0,0,3.311,2.988,2.048,605,900
939.3493044748315,28.1,6.77,0,0,0,0.0,0.0,0.0,605,900
939.4694288576163,28.1,6.77,1,0,0,3.311,2.988,2.048,605,900
939.5705007720837,28.1,6.77,2,1,0,13.279,10.07,9.16,606,900
939.6096007720839,28.1,6.77,2,0,0,7.006,5.591,4.53,606,900
939.678621981037,28.1,6.77,1,0,0,3.311,2.988,2.048,606,900
939.7418355880839,28.1,6.77,0,0,0,0.0,0.0,0.0,606,900
939.8540084922539,28.1,6.77,1,0,0,3.311,2.988,2.048,606,900
940.0539973856731,28.1,6.77,0,0,0,0.0,0.0,0.0,606,900
940.2152229439296,28.1,6.77,1,0,0,3.311,2.988,2.048,606,900
940.2951776481095,28.1,6.77,2,1,0,13.279,10.07,9.16,607,900
940.3311776481096,28.1,6.77,2,0,0,7.006,5.591,4.53,607,900
940.4634124641095,28.1,6.77,1,0,0,3.311,2.988,2.048,607,900
940.4827535460051,28.1,6.77,0,0,0,0.0,0.0,0.0,607,900
940.5776630355623,28.1,6.77,1,0,0,3.311,2.988,2.048,607,900
940.6712048529295,28.1,6.77,2,0,0,7.006,5.591,4.53,607,900
940.7797489910586,28.1,6.77,1,0,0,3.311,2.988,2.048,607,900
940.872993289513,28.1,34.11241770488725,2,0,0,7.006,5.591,4.53,607,900
940.9492798399752,28.1,51.6,1,0,0,3.311,2.988,2.048,607,900
941.0538192550795,28.1,51.6,0,0,0,0.0,0.0,0.0,607,900
941.704847673496,28.1,51.6,0,1,0,4.554,4.957,2.003,608,900
941.7986408141333,28.1,51.6,0,0,0,0.0,0.0,0.0,608,900
942.3692853099086,24.5,51.6,1,0,0,3.311,2.988,2.048,608,900
942.6532561817834,24.5,51.6,0,0,0,0.0,0.0,0.0,608,900
942.9061425290067,24.5,4.799900980332637,1,1,0,9.246,7.695,5.518,609,900
942.9407891455479,24.5,1.8,1,0,0,3.311,2.988,2.048,609,900
943.0730239615478,24.5,1.8,0,0,0,0.0,0.0,0.0,609,900
943.1811177925804,24.5,1.8,1,1,0,9.246,7.695,5.518,610,900
943.1929787964415,24.5,1.8,1,0,0,3.311,2.988,2.048,610,900
943.2028965920979,24.5,1.8,2,1,0,13.279,10.07,9.16,611,900
943.2561595964415,24.5,1.8,1,1,0,9.246,7.695,5.518,611,900
943.2647965920979,24.5,1.8,1,0,0,3.311,2.988,2.048,611,900
943.3412470556592,24.5,1.8,2,0,0,7.006,5.591,4.53,611,900
943.3594006560982,24.5,1.8,1,0,0,3.311,2.988,2.048,611,900
943.4458437107791,24.5,1.8,0,0,0,0.0,0.0,0.0,611,900
943.4641080800983,24.5,1.8,1,0,0,3.311,2.988,2.048,611,900
943.5332651604098,24.5,1.8,2,0,0,7.006,5.591,4.53,611,900
943.655788656098,24.5,1.8,1,0,0,3.311,2.988,2.048,611,900
943.6715993269423,24.5,1.8,0,0,0,0.0,0.0,0.0,611,900
943.7127096088695,24.5,1.8,1,0,0,3.311,2.988,2.048,611,900
943.760564496098,24.5,1.8,2,0,0,7.006,5.591,4.53,611,900
943.7619311958882,24.5,1.8,3,0,0,10.385,7.547,7.321,611,900
943.9029450297363,24.5,1.8,2,0,0,7.006,5.591,4.53,611,900
943.915323568098,24.5,1.8,1,0,0,3.311,2.988,2.048,611,900
943.9958731749974,24.5,1.8,2,0,0,7.006,5.591,4.53,611,900
944.0189410891613,24.5,1.8,1,0,0,3.311,2.988,2.048,611,900
944.0200048150978,24.5,1.8,2,0,0,7.006,5.591,4.53,611,900
944.0574725312056,24.5,1.8,3,0,0,10.385,7.547,7.321,611,900
944.1395152841608,24.5,1.8,2,0,0,7.006,5.591,4.53,611,900
944.2071603162658,24.5,1.8,1,0,0,3.311,2.988,2.048,611,900
944.2354541667371,24.5,1.8,2,0,0,7.006,5.591,4.53,611,900
944.310008966047,24.5,1.8,3,0,0,10.385,7.547,7.321,611,900
944.3148449439886,24.5,1.8,2,0,0,7.006,5.591,4.53,611,900
944.381846471216,24.5,1.8,1,0,0,3.311,2.988,2.048,611,900
944.4806232001077,24.5,1.8,2,0,0,7.006,5.591,4.53,611,900
944.5004338656295,24.5,1.8,1,0,0,3.311,2.988,2.048,611,900
944.6068733208249,24.5,1.8,2,0,0,7.006,5.591,4.53,611,900
944.629886435902,24.5,1.8,1,0,0,3.311,2.988,2.048,611,900
944.7237921645889,24.5,1.8,2,0,0,7.006,5.591,4.53,611,900
944.800953634822,24.5,1.8,1,0,0,3.311,2.988,2.048,611,900
944.8681535588482,24.5,1.8,0,0,0,0.0,0.0,0.0,611,900
944.9113565344313,24.5,1.8,1,0,0,3.311,2.988,2.048,611,900
944.9643351185439,24.5,1.8,2,0,0,7.006,5.591,4.53,611,900
945.1099097028429,24.5,100.30469764135431,1,0,0,3.311,2.988,2.048,611,900
945.1107513808125,24.5,101.15349948553306,0,0,0,0.0,0.0,0.0,611,900
945.1679866565887,24.5,102.0,0,0,1,0.528,0.57,0.438,611,900
945.2095239005172,24.5,102.0,1,0,1,3.994,3.474,2.656,611,900
945.2238798288668,24.5,102.0,2,0,1,7.412,5.635,5.165,611,900
945.2241689285888,24.5,102.0,2,0,0,7.006,5.591,4.53,611,900
945.3955751907946,24.5,102.0,1,0,0,3.311,2.988,2.048,611,900
945.4252272276923,24.5,102.0,0,0,0,0.0,0.0,0.0,611,900
945.4972811230812,24.5,102.0,1,0,0,3.311,2.988,2.048,611,900
945.5430719331307,24.5,102.0,2,0,0,7.006,5.591,4.53,611,900
945.6867599379402,24.5,102.0,1,0,0,3.311,2.988,2.048,611,900
945.7483937863705,24.5,102.0,0,0,0,0.0,0.0,0.0,611,900
945.7909909978081,24.5,102.0,1,0,0,3.311,2.988,2.048,611,900
945.9438887650064,25.205891691639675,102.0,2,0,0,7.006,5.591,4.53,611,900
945.9835270012491,26.077522250652763,102.0,1,0,0,3.311,2.988,2.048,611,900
946.090824145699,26.7,102.0,2,0,0,7.006,5.591,4.53,611,900
946.1661565540467,26.7,102.0,3,1,0,17.589,12.354,12.134,612,900
946.1750266214191,26.7,102.0,3,0,0,10.385,7.547,7.321,612,900
946.2276914688333,26.7,102.0,2,0,0,7.006,5.591,4.53,612,900
946.238207421419,26.7,102.0,1,0,0,3.311,2.988,2.048,612,900
946.2855059457213,26.7,102.0,0,0,0,0.0,0.0,0.0,612,900
946.3126333206335,26.7,102.0,1,0,0,3.311,2.988,2.048,612,900
946.3792581453954,26.7,102.0,2,1,0,13.279,10.07,9.16,613,900
946.3921117018808,26.7,102.0,2,0,0,7.006,5.591,4.53,613,900
946.3955481497527,26.7,102.0,3,0,0,10.385,7.547,7.321,613,900
946.4064669978195,26.7,102.0,2,0,0,7.006,5.591,4.53,613,900
946.4826183798609,26.7,102.0,3,0,0,10.385,7.547,7.321,613,900
946.4867157658808,26.7,102.0,2,0,0,7.006,5.591,4.53,613,900
946.575777112475,26.7,102.0,3,0,0,10.385,7.547,7.321,613,900
946.5785103728733,26.7,102.0,2,0,0,7.006,5.591,4.53,613,900
946.5932914903567,26.7,102.0,1,0,0,3.311,2.988,2.048,613,900
946.6564936087415,26.7,102.0,2,0,0,7.006,5.591,4.53,613,900
946.6811457443569,26.7,102.0,3,0,0,10.385,7.547,7.321,613,900
946.7151745588627,26.7,102.0,2,0,0,7.006,5.591,4.53,613,900
946.7539047815808,26.7,102.0,1,0,0,3.311,2.988,2.048,613,900
946.8072080270119,26.7,102.0,2,0,0,7.006,5.591,4.53,613,900
946.8336438362757,26.7,102.0,3,0,0,10.385,7.547,7.321,613,900
946.8801007541153,26.7,102.0,2,0,0,7.006,5.591,4.53,613,900
946.9502372439548,26.7,102.0,1,0,0,3.311,2.988,2.048,613,900
946.9647394689418,26.7,102.0,0,0,0,0.0,0.0,0.0,613,900
946.9961329348827,26.7,102.0,1,0,0,3.311,2.988,2.048,613,900
947.0288772339954,26.7,95.37282020488053,2,0,0,7.006,5.591,4.53,613,900
947.0454933296593,26.7,88.6785274430766,3,0,0,10.385,7.547,7.321,613,900
947.1915581251565,26.7,62.1,2,0,0,7.006,5.591,4.53,613,900
947.196333389222,26.7,62.1,1,0,0,3.311,2.988,2.048,613,900
947.2627256181885,26.7,62.1,2,0,0,7.006,5.591,4.53,613,900
947.2897495344158,26.7,62.1,3,0,0,10.385,7.547,7.321,613,900
947.375802232018,26.7,62.1,2,0,0,7.006,5.591,4.53,613,900
947.3969242864504,26.7,62.1,1,0,0,3.311,2.988,2.048,613,900
947.4387234764689,26.7,62.1,0,0,0,0.0,0.0,0.0,613,900
947.482960756539,26.7,62.1,1,0,0,3.311,2.988,2.048,613,900
947.5540303894691,26.7,62.1,2,0,0,7.006,5.591,4.53,613,900
947.6198968145987,26.7,62.1,1,0,0,3.311,2.988,2.048,613,900
947.7080553494852,26.7,62.1,2,0,0,7.006,5.591,4.53,613,900
947.7193911894691,26.7,62.1,1,0,0,3.311,2.988,2.048,613,900
947.8354829821296,26.7,62.1,2,0,0,7.006,5.591,4.53,613,900
947.8472242213428,26.7,62.1,1,0,0,3.311,2.988,2.048,613,900
947.9375491050271,26.7,62.1,2,0,0,7.006,5.591,4.53,613,900
948.0400527565125,26.7,62.1,1,0,0,3.311,2.988,2.048,613,900
948.0779198146826,26.7,62.1,0,0,0,0.0,0.0,0.0,613,900
948.16028252195,26.7,62.1,1,0,0,3.311,2.988,2.048,613,900
948.1703193061647,26.7,62.1,2,0,0,7.006,5.591,4.53,613,900
948.3134396296182,26.7,62.1,1,0,0,3.311,2.988,2.048,613,900
948.3686496941099,26.7,62.1,0,0,0,0.0,0.0,0.0,613,900
948.4079454048983,26.7,62.1,1,0,0,3.311,2.988,2.048,613,900
948.4932520263243,26.7,62.1,2,0,0,7.006,5.591,4.53,613,900
948.5530132621492,26.7,62.1,1,0,0,3.311,2.988,2.048,613,900
948.6495855462273,26.7,62.1,2,0,0,7.006,5.591,4.53,613,900
948.7050676362611,26.7,62.1,1,0,0,3.311,2.988,2.048,613,900
948.7962958492762,26.7,62.1,0,0,0,0.0,0.0,0.0,613,900
948.8336619912527,26.7,62.1,1,0,0,3.311,2.988,2.048,613,900
948.8950901011523,26.7,62.1,2,0,0,7.006,5.591,4.53,613,900
949.0443505299991,26.7,62.1,1,0,0,3.311,2.988,2.048,613,900
949.0504622949665,26.7,62.1,0,0,0,0.0,0.0,0.0,613,900
949.1450208256729,26.7,62.1,1,0,0,3.311,2.988,2.048,613,900
949.1831068467353,26.7,62.1,2,0,0,7.006,5.591,4.53,613,900
949.3003430109819,26.7,146.91126133434932,1,0,0,3.311,2.988,2.048,613,900
949.357328609982,26.7,158.0,2,0,0,7.006,5.591,4.53,613,900
949.4038213162261,26.7,158.0,1,0,0,3.311,2.988,2.048,613,900
949.5168062300236,26.7,158.0,0,0,0,0.0,0.0,0.0,613,900
949.540740642772,26.7,158.0,1,0,0,3.311,2.988,2.048,613,900
949.6269511445637,26.7,158.0,2,0,0,7.006,5.591,4.53,613,900
949.7653065900399,26.7,158.0,1,0,0,3.311,2.988,2.048,613,900
949.8222176878533,26.7,158.0,0,0,0,0.0,0.0,0.0,613,900
949.9350258263911,26.7,158.0,1,0,0,3.311,2.988,2.048,613,900
949.9917021943627,26.7,158.0,2,0,0,7.006,5.591,4.53,613,900
950.1357537356787,8.3,158.0,1,0,0,3.311,2.988,2.048,613,900
950.2510867272147,8.3,158.0,2,0,0,7.006,5.591,4.53,613,900
950.265002496852,8.3,158.0,1,0,0,3.311,2.988,2.048,613,900
950.4534179545005,8.3,158.0,0,0,0,0.0,0.0,0.0,613,900
950.5712276420344,8.3,158.0,1,0,0,3.311,2.988,2.048,613,900
950.7770438513177,8.3,158.0,0,0,0,0.0,0.0,0.0,613,900
950.8975264868492,8.3,158.0,1,0,0,3.311,2.988,2.048,613,900
951.1055203181306,8.3,158.0,0,0,0,0.0,0.0,0.0,613,900
951.2286251526604,8.3,158.0,1,0,0,3.311,2.988,2.048,613,900
951.43902406194,8.3,158.0,0,0,0,0.0,0.0,0.0,613,900
951.5647588374676,8.3,158.0,1,0,0,3.311,2.988,2.048,613,900
951.7778295767448,8.3,158.0,0,0,0,0.0,0.0,0.0,613,900
951.9061701672703,8.3,158.0,1,0,0,3.311,2.988,2.048,613,900
952.1215895045455,8.3,158.0,0,0,0,0.0,0.0,0.0,613,900
952.2525415730688,8.3,158.0,1,0,0,3.311,2.988,2.048,613,900
952.4293197067839,8.3,158.0,2,1,0,13.279,10.07,9.16,614,900
952.4386760519615,8.3,158.0,2,0,0,7.006,5.591,4.53,614,900
952.4701996843415,8.3,158.0,1,0,0,3.311,2.988,2.048,614,900
952.5018568519614,8.3,158.0,0,0,0,0.0,0.0,0.0,614,900
952.5780161480627,8.3,158.0,1,0,0,3.311,2.988,2.048,614,900
952.6020575283803,8.3,158.0,2,0,0,7.006,5.591,4.53,614,900
952.6735997110477,8.3,158.0,1,0,0,3.311,2.988,2.048,614,900
952.7515834234484,8.3,158.0,2,0,0,7.006,5.591,4.53,614,900
952.8154514058913,8.3,158.0,1,0,0,3.311,2.988,2.048,614,900
952.8493242357329,8.3,158.0,0,0,0,0.0,0.0,0.0,614,900
952.9292387354336,8.3,158.0,1,0,0,3.311,2.988,2.048,614,900
953.0285976610174,8.3,158.0,0,0,0,0.0,0.0,0.0,614,900
953.1103669130173,8.3,158.0,1,0,0,3.311,2.988,2.048,614,900
953.2435092319005,8.3,158.0,0,0,0,0.0,0.0,0.0,614,900
953.3275955520832,8.3,158.0,1,0,0,3.311,2.988,2.048,614,900
953.4619828111493,8.3,158.0,0,0,0,0.0,0.0,0.0,614,900
953.5480641515147,8.3,158.0,1,0,0,3.311,2.988,2.048,614,900
953.6845403507634,8.3,158.0,0,0,0,0.0,0.0,0.0,614,900
953.7729532853114,8.3,158.0,1,0,0,3.311,2.988,2.048,614,900
953.8601846141615,8.3,158.0,1,1,0,9.246,7.695,5.518,615,900
953.912282296743,8.3,158.0,0,1,0,4.554,4.957,2.003,615,900
953.9716070588286,8.3,158.0,0,0,0,0.0,0.0,0.0,615,900
954.0029327184741,8.3,158.0,1,0,0,3.311,2.988,2.048,615,900
954.144609966088,8.3,158.0,0,0,0,0.0,0.0,0.0,615,900
954.1803884689888,8.3,158.0,1,1,0,9.246,7.695,5.518,616,900
954.2346884689888,8.3,158.0,1,0,0,3.311,2.988,2.048,616,900
954.2375421590016,8.3,158.0,2,0,0,7.006,5.591,4.53,616,900
954.3669232849885,8.3,118.62349895177596,1,0,0,3.311,2.988,2.048,616,900
954.3805366667982,8.3,108.90500701117,0,0,0,0.0,0.0,0.0,616,900
954.4756588898945,8.3,86.7,1,0,0,3.311,2.988,2.048,616,900
954.6215184338741,8.3,86.7,0,0,0,0.0,0.0,0.0,616,900
954.7188623631536,8.3,86.7,1,0,0,3.311,2.988,2.048,616,900
954.8667848633155,8.3,86.7,0,0,0,0.0,0.0,0.0,616,900
954.9663107237776,8.3,86.7,1,0,0,3.311,2.988,2.048,616,900
955.1159910921227,8.3,86.7,0,0,0,0.0,0.0,0.0,616,900
955.1251849435704,8.3,86.7,0,0,1,0.528,0.57,0.438,616,900
955.1535472155705,8.3,86.7,0,0,0,0.0,0.0,0.0,616,900
955.2321883725409,8.3,86.7,1,0,0,3.311,2.988,2.048,616,900
955.4252983207119,8.3,86.7,0,0,0,0.0,0.0,0.0,616,900
955.5712241323217,8.3,86.7,1,0,0,3.311,2.988,2.048,616,900
955.7675713196712,8.3,86.7,0,0,0,0.0,0.0,0.0,616,900
955.8063315691326,8.3,86.7,1,1,0,9.246,7.695,5.518,617,900
955.8234298993738,8.3,86.7,1,0,0,3.311,2.988,2.048,617,900
955.8384569186712,8.3,86.7,2,0,0,7.006,5.591,4.53,617,900
955.918033963374,8.3,86.7,1,0,0,3.311,2.988,2.048,617,900
956.0223702602871,8.3,86.7,2,0,0,7.006,5.591,4.53,617,900
956.040290657199,8.3,86.7,1,0,0,3.311,2.988,2.048,617,900
956.1771865905655,8.3,86.7,0,0,0,0.0,0.0,0.0,617,900
956.1940552661647,8.3,86.7,1,0,0,3.311,2.988,2.048,617,900
956.2855025440368,8.3,86.7,2,0,0,7.006,5.591,4.53,617,900
956.3091166866649,8.3,86.7,3,1,0,17.589,12.354,12.134,618,900
956.3222075957557,8.3,86.7,3,0,0,10.385,7.547,7.321,618,900
956.4168116597559,8.3,86.7,2,0,0,7.006,5.591,4.53,618,900
956.4331520998707,8.3,86.7,1,0,0,3.311,2.988,2.048,618,900
956.4821664678736,8.3,86.7,0,0,0,0.0,0.0,0.0,618,900
956.5067271270797,8.3,86.7,1,0,0,3.311,2.988,2.048,618,900
956.5848226284558,8.3,139.62848603255986,2,0,0,7.006,5.591,4.53,618,900
956.591264700754,8.3,144.29674904232098,3,0,0,10.385,7.547,7.321,618,900
956.646986742449,8.3,159.0,2,0,0,7.006,5.591,4.53,618,900
956.7399306690911,8.3,159.0,3,0,0,10.385,7.547,7.321,618,900
956.7735459323029,8.3,159.0,2,0,0,7.006,5.591,4.53,618,900
956.8375076683776,8.3,159.0,1,0,0,3.311,2.988,2.048,618,900
956.8780522485802,8.3,159.0,2,0,0,7.006,5.591,4.53,618,900
956.8838783927788,8.3,159.0,1,0,0,3.311,2.988,2.048,618,900
956.9495103582702,8.3,159.0,1,1,0,9.246,7.695,5.518,619,900
956.9801012747391,8.3,159.0,2,1,0,13.279,10.07,9.16,619,900
956.9998298901792,8.3,159.0,3,1,0,17.589,12.354,12.134,619,900
957.0701476523475,8.3,159.0,2,1,0,13.279,10.07,9.16,619,900
957.0721144121324,8.3,159.0,2,0,0,7.006,5.591,4.53,619,900
957.1271409147449,8.3,159.0,1,0,0,3.311,2.988,2.048,619,900
957.1517257570185,8.3,159.0,1,1,0,9.246,7.695,5.518,620,900
957.1783474755451,8.3,159.0,2,1,0,13.279,10.07,9.16,620,900
957.2263554580234,8.3,159.0,3,1,0,17.589,12.354,12.134,620,900
957.2493609437204,8.3,159.0,2,1,0,13.279,10.07,9.16,620,900
957.2630815350186,8.3,159.0,2,0,0,7.006,5.591,4.53,620,900
957.3742009952329,8.3,159.0,1,0,0,3.311,2.988,2.048,620,900
957.3763605823474,8.3,159.0,0,0,0,0.0,0.0,0.0,620,900
957.4158446294398,8.3,159.0,1,0,0,3.311,2.988,2.048,620,900
957.4501552968392,8.3,159.0,2,0,0,7.006,5.591,4.53,620,900
957.4787045159442,8.3,159.0,3,0,0,10.385,7.547,7.321,620,900
957.6315462285866,8.3,159.0,2,0,0,7.006,5.591,4.53,620,900
957.6705454328992,8.3,159.0,1,0,0,3.311,2.988,2.048,620,900
957.7006457258495,8.3,159.0,0,0,0,0.0,0.0,0.0,620,900
957.7280627178496,8.3,159.0,0,0,1,0.528,0.57,0.438,620,900
957.7369019825015,8.3,159.0,1,0,1,3.994,3.474,2.656,620,900
957.7785419550854,8.3,159.0,1,0,0,3.311,2.988,2.048,620,900
957.8092400008477,8.3,159.0,1,0,1,3.994,3.474,2.656,620,900
957.8413868345363,8.3,159.0,2,0,1,7.412,5.635,5.165,620,900
957.8594576933642,8.3,159.0,2,0,0,7.006,5.591,4.53,620,900
957.9306596434618,8.3,159.0,1,0,0,3.311,2.988,2.048,620,900
958.0395447727402,8.3,159.0,2,0,0,7.006,5.591,4.53,620,900
958.0878125844682,8.3,159.0,3,0,0,10.385,7.547,7.321,620,900
958.0999500279129,8.3,159.0,2,0,0,7.006,5.591,4.53,620,900
958.2364912340637,8.3,159.0,1,0,0,3.311,2.988,2.048,620,900
958.2750983964675,8.3,159.0,2,0,0,7.006,5.591,4.53,620,900
958.3800117510061,8.3,159.0,3,0,0,10.385,7.547,7.321,620,900
958.4243639068263,8.3,159.0,2,0,0,7.006,5.591,4.53,620,900
958.5377514357615,8.3,159.0,1,0,0,3.311,2.988,2.048,620,900
958.610865947801,8.3,159.0,0,0,0,0.0,0.0,0.0,620,900
958.7172145132344,8.3,160.54888395204787,1,0,0,3.311,2.988,2.048,620,900
958.7593417045634,8.3,173.7045869600763,2,0,0,7.006,5.591,4.53,620,900
958.8497941658526,8.3,190.0,2,0,1,7.412,5.635,5.165,620,900
958.8881324984065,8.3,190.0,3,1,1,17.687,12.75,13.432,621,900
958.9012324984064,8.3,190.0,3,0,1,11.271,8.091,7.803,621,900
958.9288764378524,8.3,190.0,3,0,0,10.385,7.547,7.321,621,900
958.9644132984063,8.3,190.0,2,0,0,7.006,5.591,4.53,621,900
958.9961438121779,8.3,190.0,1,0,0,3.311,2.988,2.048,621,900
959.0392398211704,9.530727232148143,190.0,2,0,0,7.006,5.591,4.53,621,900
959.0664560639738,10.75123412539866,190.0,1,0,0,3.311,2.988,2.048,621,900
959.1334779328312,12.8,190.0,0,0,0,0.0,0.0,0.0,621,900
959.1496329827598,12.8,190.0,1,0,0,3.311,2.988,2.048,621,900
959.2100528039756,12.8,190.0,2,0,0,7.006,5.591,4.53,621,900
959.3064967161804,12.8,190.0,1,0,0,3.311,2.988,2.048,621,900
959.3346890693988,12.8,190.0,2,0,0,7.006,5.591,4.53,621,900
959.3851361539843,12.8,190.0,3,0,0,10.385,7.547,7.321,621,900
959.3913124731945,12.8,190.0,2,0,0,7.006,5.591,4.53,621,900
959.4532990953508,12.8,190.0,3,0,0,10.385,7.547,7.321,621,900
959.483209131337,12.8,190.0,2,0,0,7.006,5.591,4.53,621,900
959.550039635596,12.8,190.0,3,0,0,10.385,7.547,7.321,621,900
959.695429056082,12.8,190.0,2,0,0,7.006,5.591,4.53,621,900
959.7186442255006,12.8,190.0,1,0,0,3.311,2.988,2.048,621,900
959.778098792023,12.8,190.0,2,0,0,7.006,5.591,4.53,621,900
959.7965338208498,12.8,190.0,1,0,0,3.311,2.988,2.048,621,900
959.9110585805131,12.8,190.0,0,0,0,0.0,0.0,0.0,621,900
959.9956471322976,12.8,190.0,1,0,0,3.311,2.988,2.048,621,900
960.0457004780709,12.8,190.0,2,0,0,7.006,5.591,4.53,621,900
960.1103580378518,12.8,190.0,3,1,0,17.589,12.354,12.134,622,900
960.1244713609759,12.8,190.0,3,0,0,10.385,7.547,7.321,622,900
960.1306196566306,12.8,190.0,2,0,0,7.006,5.591,4.53,622,900
960.2174635982581,12.8,190.0,3,0,0,10.385,7.547,7.321,622,900
960.2190754249758,12.8,190.0,2,0,0,7.006,5.591,4.53,622,900
960.3126700809818,12.8,190.0,3,0,0,10.385,7.547,7.321,622,900
960.3421330398495,12.8,190.0,2,0,0,7.006,5.591,4.53,622,900
960.3552127304345,12.8,190.0,1,0,0,3.311,2.988,2.048,622,900
960.4442179549051,12.8,190.0,2,0,0,7.006,5.591,4.53,622,900
960.456643553478,12.8,190.0,1,0,0,3.311,2.988,2.048,622,900
960.5535093479145,12.8,190.0,2,0,0,7.006,5.591,4.53,622,900
960.5842391189248,12.8,190.0,1,0,0,3.311,2.988,2.048,622,900
960.6754499102386,12.8,190.0,2,0,0,7.006,5.591,4.53,622,900
960.7014136078411,12.8,190.0,1,0,0,3.311,2.988,2.048,622,900
960.8018010367081,12.8,190.0,2,0,0,7.006,5.591,4.53,622,900
960.8167121301015,12.8,187.72686756895217,1,0,0,3.311,2.988,2.048,622,900
960.9100367472585,12.8,143.826994737644,2,0,0,7.006,5.591,4.53,622,900
960.9903562760651,12.8,143.0,1,0,0,3.311,2.988,2.048,622,900
961.0540877989644,12.8,143.0,0,0,0,0.0,0.0,0.0,622,900
961.0943731208521,12.8,143.0,1,0,0,3.311,2.988,2.048,622,900
961.1495579179643,12.8,143.0,2,0,0,7.006,5.591,4.53,622,900
961.2824426640866,12.8,143.0,1,0,0,3.311,2.988,2.048,622,900
961.2955957215131,12.8,143.0,0,0,0,0.0,0.0,0.0,622,900
961.3863644926016,12.8,143.0,1,0,0,3.311,2.988,2.048,622,900
961.3931715673561,12.8,143.0,2,0,0,7.006,5.591,4.53,622,900
961.5408910347484,12.8,143.0,1,0,0,3.311,2.988,2.048,622,900
961.5777135201885,12.8,143.0,0,0,0,0.0,0.0,0.0,622,900
961.6407280664347,12.8,143.0,1,0,0,3.311,2.988,2.048,622,900
961.6850199722776,12.8,143.0,2,0,0,7.006,5.591,4.53,622,900
961.7910368776704,12.8,143.0,1,0,0,3.311,2.988,2.048,622,900
961.8805822324387,12.8,143.0,0,0,0,0.0,0.0,0.0,622,900
961.8927891712,12.8,143.0,1,0,0,3.311,2.988,2.048,622,900
961.9914541441017,12.8,143.0,2,0,0,7.006,5.591,4.53,622,900
962.0447341102786,12.8,143.0,1,0,0,3.311,2.988,2.048,622,900
962.0897997092785,12.8,143.0,2,0,0,7.006,5.591,4.53,622,900
962.1899058608365,12.8,143.0,1,0,0,3.311,2.988,2.048,622,900
962.2456300882002,12.8,143.0,0,0,0,0.0,0.0,0.0,622,900
962.304498330073,12.8,143.0,1,0,0,3.311,2.988,2.048,622,900
962.3520189564157,12.8,143.0,2,0,0,7.006,5.591,4.53,622,900
962.5064683673812,12.8,143.0,1,0,0,3.311,2.988,2.048,622,900
962.5435113191803,12.8,143.0,0,0,0,0.0,0.0,0.0,622,900
962.6247846291919,12.8,143.0,1,0,0,3.311,2.988,2.048,622,900
962.6524183377882,12.8,143.0,2,0,0,7.006,5.591,4.53,622,900
962.8309725710744,12.8,143.0,1,0,0,3.311,2.988,2.048,622,900
962.8493570808963,12.8,143.0,0,0,0,0.0,0.0,0.0,622,900
962.9607781802223,12.8,143.0,1,0,0,3.311,2.988,2.048,622,900
963.1591799830081,12.8,206.84991128810958,0,0,0,0.0,0.0,0.0,622,900
963.2729375200122,12.8,278.0,1,0,0,3.311,2.988,2.048,622,900
963.4746840464761,12.8,278.0,0,0,0,0.0,0.0,0.0,622,900
963.5909742731576,12.8,278.0,1,0,0,3.311,2.988,2.048,622,900
963.5938144914588,12.8,278.0,2,0,0,7.006,5.591,4.53,622,900
963.7947581632992,12.8,278.0,1,0,0,3.311,2.988,2.048,622,900
963.8533554449913,12.8,278.0,0,0,0,0.0,0.0,0.0,622,900
963.9135303306587,12.8,278.0,1,0,0,3.311,2.988,2.048,622,900
964.119579040478,12.8,278.0,0,0,0,0.0,0.0,0.0,622,900
964.2408408905152,12.8,278.0,1,0,0,3.311,2.988,2.048,622,900
964.4494211720122,12.8,278.0,0,0,0,0.0,0.0,0.0,622,900
964.5731485787272,12.8,278.0,1,0,0,3.311,2.988,2.048,622,900
964.7839371999022,12.8,278.0,0,0,0,0.0,0.0,0.0,622,900
964.9101358262951,12.8,278.0,1,0,0,3.311,2.988,2.048,622,900
965.1230229631481,12.8,278.0,0,0,0,0.0,0.0,0.0,622,900
965.1576515347003,12.8,278.0,1,0,0,3.311,2.988,2.048,622,900
965.8295999092729,12.8,332.0,0,0,0,0.0,0.0,0.0,622,900
965.8574669012729,12.8,332.0,0,0,1,0.528,0.57,0.438,622,900
965.9701095114408,12.8,332.0,0,0,0,0.0,0.0,0.0,622,900
966.0665891700488,12.8,332.0,0,0,1,0.528,0.57,0.438,622,900
966.1831915153972,12.8,332.0,0,0,0,0.0,0.0,0.0,622,900
967.2653784046859,12.8,332.0,1,1,0,9.246,7.695,5.518,623,900
967.3843784046859,12.8,332.0,1,0,0,3.311,2.988,2.048,623,900
967.5166132206857,12.8,317.85276881123536,0,0,0,0.0,0.0,0.0,623,900
967.9792978138308,39.9,43.7,0,1,0,4.554,4.957,2.003,624,900
968.2004974318286,39.9,43.7,1,2,0,15.716,13.138,11.485,625,900
968.2217814964937,39.9,43.7,1,1,0,9.246,7.695,5.518,625,900
968.222801417918,39.9,43.7,1,0,0,3.311,2.988,2.048,625,900
968.3540163124936,39.9,43.7,0,0,0,0.0,0.0,0.0,625,900
968.4740488448608,39.9,43.7,1,0,0,3.311,2.988,2.048,625,900
968.681970735235,39.9,43.7,0,0,0,0.0,0.0,0.0,625,900
968.9272347088526,39.9,43.7,0,0,1,0.528,0.57,0.438,625,900
968.9558362238836,39.9,43.7,0,0,0,0.0,0.0,0.0,625,900
969.4956377505034,39.9,43.7,1,1,0,9.246,7.695,5.518,626,900
969.5205458586116,39.9,39.9506852562863,1,0,0,3.311,2.988,2.048,626,900
969.6527806746118,39.9,1.67,0,0,0,0.0,0.0,0.0,626,900
970.1007880372208,39.9,1.67,1,0,0,3.311,2.988,2.048,626,900
970.1108530968324,39.9,1.67,2,1,0,13.279,10.07,9.16,627,900
970.1236708993359,39.9,1.67,2,0,0,7.006,5.591,4.53,627,900
970.218274963336,39.9,1.67,1,0,0,3.311,2.988,2.048,627,900
970.3072076481146,39.9,1.67,2,0,0,7.006,5.591,4.53,627,900
970.3966631690968,39.9,1.67,1,0,0,3.311,2.988,2.048,627,900
970.4464752203259,39.9,1.67,0,0,0,0.0,0.0,0.0,627,900
970.4781601610969,39.9,1.67,0,0,1,0.528,0.57,0.438,627,900
970.5383715401327,39.9,1.67,1,0,1,3.994,3.474,2.656,627,900
970.550322175268,39.9,1.67,1,0,0,3.311,2.988,2.048,627,900
970.5881039146336,39.9,1.67,1,0,1,3.994,3.474,2.656,627,900
970.6454702391205,39.9,1.67,1,0,0,3.311,2.988,2.048,627,900
970.6812623963726,39.9,1.67,0,0,0,0.0,0.0,0.0,627,900
970.7763728472072,39.9,1.67,1,0,0,3.311,2.988,2.048,627,900
970.922290795474,39.9,1.67,0,0,0,0.0,0.0,0.0,627,900
971.0203280833364,39.9,1.67,1,0,0,3.311,2.988,2.048,627,900
971.0798051671355,39.9,1.67,1,1,0,9.246,7.695,5.518,628,900
971.1691466916311,64.3664709898904,1.67,0,1,0,4.554,4.957,2.003,628,900
971.2702485455213,82.8,1.67,1,1,0,9.246,7.695,5.518,628,900
971.2707722900217,82.8,1.67,2,2,0,21.094,15.238,15.196,629,900
971.3001917143664,82.8,1.67,2,1,0,13.279,10.07,9.16,629,900
971.3425722900218,82.8,1.67,2,0,0,7.006,5.591,4.53,629,900
971.4218389178442,82.8,1.67,1,0,0,3.311,2.988,2.048,629,900
971.4748071060219,82.8,1.67,0,0,0,0.0,0.0,0.0,629,900
971.5258877677624,82.8,1.6444934584431392,1,0,0,3.311,2.988,2.048,629,900
971.589326561022,82.8,1.5304302495097393,2,0,0,7.006,5.591,4.53,629,900
971.6816833063332,82.8,1.49,3,1,0,17.589,12.354,12.134,630,900
971.6940704031073,82.8,1.49,3,0,0,10.385,7.547,7.321,630,900
971.7183292641125,82.8,1.49,2,0,0,7.006,5.591,4.53,630,900
971.7572512031073,82.8,1.49,1,0,0,3.311,2.988,2.048,630,900
971.7910136650219,82.8,1.49,0,0,0,0.0,0.0,0.0,630,900
971.8258334044908,82.8,1.49,1,0,0,3.311,2.988,2.048,630,900
971.844213985048,82.8,1.49,2,0,0,7.006,5.591,4.53,630,900
971.9014379241096,82.8,1.49,3,0,0,10.385,7.547,7.321,630,900
971.9507038018703,82.8,1.49,2,0,0,7.006,5.591,4.53,630,900
972.0213896163013,82.8,1.49,1,0,0,3.311,2.988,2.048,630,900
972.0401076081015,82.8,1.49,2,0,0,7.006,5.591,4.53,630,900
972.0642477224854,82.8,1.49,3,0,0,10.385,7.547,7.321,630,900
972.0995945011376,82.8,1.49,2,0,0,7.006,5.591,4.53,630,900
972.13258364114,82.8,1.49,3,0,0,10.385,7.547,7.321,630,900
972.1804419702142,82.8,1.49,2,0,0,7.006,5.591,4.53,630,900
972.2144899257455,82.8,1.49,3,0,0,10.385,7.547,7.321,630,900
972.3287557348739,82.8,1.49,2,0,0,7.006,5.591,4.53,630,900
972.4072514871842,82.8,1.49,3,0,0,10.385,7.547,7.321,630,900
972.4160199709025,82.8,1.49,2,0,0,7.006,5.591,4.53,630,900
972.4184116222934,82.8,1.49,1,0,0,3.311,2.988,2.048,630,900
972.4545971139936,82.8,1.49,1,0,1,3.994,3.474,2.656,630,900
972.4831693859935,82.8,1.49,1,0,0,3.311,2.988,2.048,630,900
972.5111802184778,82.8,1.49,2,0,0,7.006,5.591,4.53,630,900
972.5380287434209,82.8,1.49,3,0,0,10.385,7.547,7.321,630,900
972.581592845834,82.8,1.49,2,0,0,7.006,5.591,4.53,630,900
972.6570722689353,82.8,1.49,1,0,0,3.311,2.988,2.048,630,900
972.6699893623031,82.8,1.49,2,0,0,7.006,5.591,4.53,630,900
972.7453627914889,82.8,1.49,1,0,0,3.311,2.988,2.048,630,900
972.7553681266825,82.8,1.49,2,0,0,7.006,5.591,4.53,630,900
972.8462002121745,82.8,1.49,1,0,0,3.311,2.988,2.048,630,900
972.8697546641363,82.8,1.49,2,0,0,7.006,5.591,4.53,630,900
972.903614443184,82.8,1.49,1,0,0,3.311,2.988,2.048,630,900
972.9368268288648,82.8,1.49,2,0,0,7.006,5.591,4.53,630,900
972.9985669510473,82.8,1.49,3,0,0,10.385,7.547,7.321,630,900
973.0820838477234,82.8,1.49,2,0,0,7.006,5.591,4.53,630,900
973.114844481958,82.8,1.49,1,0,0,3.311,2.988,2.048,630,900
973.1439784781504,82.8,1.49,0,0,0,0.0,0.0,0.0,630,900
973.2415589096925,82.8,1.49,1,0,0,3.311,2.988,2.048,630,900
973.2929027018699,82.8,1.49,2,0,0,7.006,5.591,4.53,630,900
973.3776444245581,82.8,1.49,3,0,0,10.385,7.547,7.321,630,900
973.3896201544742,82.8,1.49,2,0,0,7.006,5.591,4.53,630,900
973.4896524506947,82.8,1.49,3,0,0,10.385,7.547,7.321,630,900
973.5170988669901,82.8,2.8219719555747282,2,0,0,7.006,5.591,4.53,630,900
973.6385520596897,82.8,28.8,3,1,0,17.589,12.354,12.134,631,900
973.6399445971555,82.8,28.8,2,1,0,13.279,10.07,9.16,631,900
973.6515506492524,82.8,28.8,2,0,0,7.006,5.591,4.53,631,900
973.7007694684385,82.8,28.8,1,0,0,3.311,2.988,2.048,631,900
973.7427438870546,82.8,28.8,2,0,0,7.006,5.591,4.53,631,900
973.7461547132524,82.8,28.8,1,0,0,3.311,2.988,2.048,631,900
973.8357379658843,82.8,28.8,2,0,0,7.006,5.591,4.53,631,900
973.9328470951939,82.8,28.8,1,0,0,3.311,2.988,2.048,631,900
973.9756622361524,82.8,28.8,0,0,0,0.0,0.0,0.0,631,900
974.0387809790117,82.8,28.8,1,0,0,3.311,2.988,2.048,631,900
974.0682520352369,82.8,28.8,2,0,0,7.006,5.591,4.53,631,900
974.2118425009576,82.8,28.8,1,0,0,3.311,2.988,2.048,631,900
974.232512893069,82.8,28.8,0,0,0,0.0,0.0,0.0,631,900
974.307689342495,82.8,28.8,1,0,0,3.311,2.988,2.048,631,900
974.3411730858052,82.8,28.8,2,0,0,7.006,5.591,4.53,631,900
974.4543498116683,82.8,28.8,1,0,0,3.311,2.988,2.048,631,900
974.538163369781,78.72787599354899,28.8,0,0,0,0.0,0.0,0.0,631,900
974.5531664016584,76.43123814525197,28.8,1,0,0,3.311,2.988,2.048,631,900
974.6500908284359,67.5,28.8,2,0,0,7.006,5.591,4.53,631,900
974.7027704422848,67.5,28.8,1,0,0,3.311,2.988,2.048,631,900
974.8060892900885,67.5,28.8,2,0,0,7.006,5.591,4.53,631,900
974.8494280903305,67.5,28.8,1,0,0,3.311,2.988,2.048,631,900
974.9599711341637,67.5,28.8,0,0,0,0.0,0.0,0.0,631,900
974.9643017899035,67.5,28.8,1,0,0,3.311,2.988,2.048,631,900
975.0664132048112,67.5,28.8,2,0,0,7.006,5.591,4.53,631,900
975.0923485868908,67.5,28.8,3,0,0,10.385,7.547,7.321,631,900
975.1669017737169,67.5,28.8,2,0,0,7.006,5.591,4.53,631,900
975.2612648800539,67.5,28.8,1,0,0,3.311,2.988,2.048,631,900
975.3405714197166,67.5,28.8,2,0,0,7.006,5.591,4.53,631,900
975.3712979064643,67.5,28.8,3,0,0,10.385,7.547,7.321,631,900
975.4275806400336,67.5,28.8,2,0,0,7.006,5.591,4.53,631,900
975.5431545781677,67.5,28.8,1,0,0,3.311,2.988,2.048,631,900
975.5693999624704,67.5,28.8,0,0,0,0.0,0.0,0.0,631,900
975.6832585386436,67.5,9.580738047812435,1,0,0,3.311,2.988,2.048,631,900
975.8842620154122,67.5,1.82,0,0,0,0.0,0.0,0.0,631,900
976.0015655973485,67.5,1.82,1,0,0,3.311,2.988,2.048,631,900
976.2070067508805,67.5,1.82,0,0,0,0.0,0.0,0.0,631,900
976.3278135125798,67.5,1.82,1,0,0,3.311,2.988,2.048,631,900
976.5366218148748,67.5,1.82,0,0,0,0.0,0.0,0.0,631,900
976.6611563343373,67.5,1.82,1,0,0,3.311,2.988,2.048,631,900
976.873269097395,67.5,1.82,0,0,0,0.0,0.0,0.0,631,900
977.0867328776203,67.5,1.82,1,0,0,3.311,2.988,2.048,631,900
977.3468962246317,67.5,1.82,0,0,0,0.0,0.0,0.0,631,900
981.3876671682542,67.7,1.62,1,1,0,9.246,7.695,5.518,632,900
981.4500671682542,67.7,1.62,1,0,0,3.311,2.988,2.048,632,900
981.5823019842544,67.7,1.62,0,0,0,0.0,0.0,0.0,632,900
982.1019205359892,67.7,1.79,0,0,1,0.528,0.57,0.438,632,900
982.1303428079893,67.7,1.79,0,0,0,0.0,0.0,0.0,632,900
982.1515992598736,67.7,1.79,1,1,0,9.246,7.695,5.518,633,900
982.1763070346725,67.7,1.79,1,0,0,3.311,2.988,2.048,633,900
982.230492172918,67.7,1.79,1,1,0,9.246,7.695,5.518,634,900
982.3085418506721,67.7,1.79,0,1,0,4.554,4.957,2.003,634,900
982.4739957770045,67.7,1.79,0,0,0,0.0,0.0,0.0,634,900
983.2959880574981,67.7,1.79,1,1,0,9.246,7.695,5.518,635,900
983.3135758437575,67.7,1.79,1,0,0,3.311,2.988,2.048,635,900
983.4081799077577,67.7,1.79,0,0,0,0.0,0.0,0.0,635,900
983.4823029934366,67.7,1.79,1,1,0,9.246,7.695,5.518,636,900
983.5142775273683,67.7,1.79,2,1,0,13.279,10.07,9.16,636,900
983.5184029934366,67.7,1.79,2,0,0,7.006,5.591,4.53,636,900
983.6506378094364,67.7,5.917689441914739,1,0,0,3.311,2.988,2.048,636,900
983.7079446730246,67.7,11.959406783358428,0,0,0,0.0,0.0,0.0,636,900
983.7327207442947,67.7,12.4,0,0,1,0.528,0.57,0.438,636,900
983.7726856115927,67.7,12.4,1,0,1,3.994,3.474,2.656,636,900
983.8018030162946,67.7,12.4,1,0,0,3.311,2.988,2.048,636,900
983.8188817010015,67.7,12.4,2,0,0,7.006,5.591,4.53,636,900
983.9922732671229,67.7,12.4,1,0,0,3.311,2.988,2.048,636,900
984.017564703024,67.7,12.4,0,0,0,0.0,0.0,0.0,636,900
984.1332382603675,67.7,12.4,1,0,0,3.311,2.988,2.048,636,900
984.3373778547566,67.7,12.4,0,0,0,0.0,0.0,0.0,636,900
984.4577840354666,67.7,12.4,1,0,0,3.311,2.988,2.048,636,900
984.665892926222,66.03521546978601,12.4,0,0,0,0.0,0.0,0.0,636,900
984.973284616294,64.6,12.4,1,1,0,9.246,7.695,5.518,637,900
984.992605371011,64.6,12.4,1,0,0,3.311,2.988,2.048,637,900
985.1248401870109,64.6,12.4,0,0,0,0.0,0.0,0.0,637,900
985.2061341650306,64.6,12.4,1,1,0,9.246,7.695,5.518,638,900
985.2377411147572,64.6,12.4,2,1,0,13.279,10.07,9.16,638,900
985.2407807815719,64.6,12.4,2,0,0,7.006,5.591,4.53,638,900
985.3078824693636,64.6,12.4,3,1,0,17.589,12.354,12.134,639,900
985.3244282503331,64.6,12.4,3,0,0,10.385,7.547,7.321,639,900
985.3730155975719,64.6,12.4,2,0,0,7.006,5.591,4.53,639,900
985.4190323143332,64.6,12.4,1,0,0,3.311,2.988,2.048,639,900
985.4384648277719,64.6,12.4,0,0,0,0.0,0.0,0.0,639,900
985.5213802455143,64.6,12.4,1,0,0,3.311,2.988,2.048,639,900
985.5568134086647,64.6,12.4,2,0,0,7.006,5.591,4.53,639,900
985.6741894739879,64.6,5.692580249887831,1,0,0,3.311,2.988,2.048,639,900
985.762963139826,64.6,1.61,0,0,0,0.0,0.0,0.0,639,900
985.7803859092178,64.6,1.61,1,0,0,3.311,2.988,2.048,639,900
985.8863335448657,64.6,1.61,2,0,0,7.006,5.591,4.53,639,900
985.9316078936284,64.6,1.61,2,0,1,7.412,5.635,5.165,639,900
985.9600801656285,64.6,1.61,2,0,0,7.006,5.591,4.53,639,900
985.9749115787404,64.6,1.61,1,0,0,3.311,2.988,2.048,639,900
986.0342551838896,64.6,1.61,2,0,0,7.006,5.591,4.53,639,900
986.0856489523112,64.6,1.61,3,0,0,10.385,7.547,7.321,639,900
986.098799054174,64.6,1.61,2,0,0,7.006,5.591,4.53,639,900
986.2844452241751,64.6,1.61,1,0,0,3.311,2.988,2.048,639,900
986.3217995842625,64.6,1.61,0,0,0,0.0,0.0,0.0,639,900
986.399601874087,64.6,1.61,1,0,0,3.311,2.988,2.048,639,900
986.6024300922917,64.6,1.61,0,0,0,0.0,0.0,0.0,639,900
986.721940095545,64.6,1.61,1,0,0,3.311,2.988,2.048,639,900
986.9291862760907,64.6,1.61,0,0,0,0.0,0.0,0.0,639,900
987.053422271685,64.6,1.61,1,0,0,3.311,2.988,2.048,639,900
987.0573424192985,64.6,1.61,2,0,0,7.006,5.591,4.53,639,900
987.1174583684361,64.6,1.61,3,1,0,17.589,12.354,12.134,640,900
987.1314431939293,64.6,1.61,3,0,0,10.385,7.547,7.321,640,900
987.2260472579294,64.6,1.61,2,0,0,7.006,5.591,4.53,640,900
987.2659038545718,64.6,1.61,1,0,0,3.311,2.988,2.048,640,900
987.2784699201474,64.6,1.61,0,0,0,0.0,0.0,0.0,640,900
987.3191795112161,64.6,1.61,1,0,0,3.311,2.988,2.048,640,900
987.3848221141392,64.6,1.61,2,0,0,7.006,5.591,4.53,640,900
987.4626862238413,64.6,1.61,1,0,0,3.311,2.988,2.048,640,900
987.5590591154967,64.6,1.61,2,0,0,7.006,5.591,4.53,640,900
987.7064661154909,64.6,1.61,1,0,0,3.311,2.988,2.048,640,900
987.7158066513466,64.6,3.448264617884087,0,0,0,0.0,0.0,0.0,640,900
987.8063301415151,64.6,49.59711027509358,1,0,0,3.311,2.988,2.048,640,900
987.994357620878,64.6,52.2,0,0,0,0.0,0.0,0.0,640,900
988.1085589028781,61.41420994320751,52.2,1,0,0,3.311,2.988,2.048,640,900
988.309801462878,61.3,52.2,0,0,0,0.0,0.0,0.0,640,900
988.4241916378778,61.3,52.2,1,0,0,3.311,2.988,2.048,640,900
988.6255606618778,61.3,52.2,0,0,0,0.0,0.0,0.0,640,900
988.7397486598778,61.3,52.2,1,0,0,3.311,2.988,2.048,640,900
988.7929193143613,61.3,52.2,2,0,0,7.006,5.591,4.53,640,900
988.9417441158779,61.3,52.2,1,0,0,3.311,2.988,2.048,640,900
989.0193563745073,61.3,52.2,2,0,0,7.006,5.591,4.53,640,900
989.0559107728778,61.3,52.2,3,0,0,10.385,7.547,7.321,640,900
989.0599856944484,61.3,52.2,2,0,0,7.006,5.591,4.53,640,900
989.2572088848781,61.3,52.2,1,0,0,3.311,2.988,2.048,640,900
989.2700284212154,61.3,52.2,0,0,0,0.0,0.0,0.0,640,900
989.3720079499569,61.3,52.2,1,0,0,3.311,2.988,2.048,640,900
989.5741858733237,61.3,52.2,0,0,0,0.0,0.0,0.0,640,900
989.692719052705,61.3,52.2,1,0,0,3.311,2.988,2.048,640,900
989.8991252023739,61.3,1.64,0,0,0,0.0,0.0,0.0,640,900
990.6621943620572,61.3,1.64,1,0,0,3.311,2.988,2.048,640,900
990.921983198345,61.3,1.64,0,0,0,0.0,0.0,0.0,640,900
995.4416267802391,44.6,12.8,1,1,0,9.246,7.695,5.518,641,900
995.4735160535954,44.6,12.8,1,0,0,3.311,2.988,2.048,641,900
995.6057508695956,44.6,12.8,0,0,0,0.0,0.0,0.0,641,900
996.1060431092619,44.6,1.93,1,1,0,9.246,7.695,5.518,642,900
996.2230431092618,44.6,1.93,1,0,0,3.311,2.988,2.048,642,900
996.3552779252617,44.6,1.93,0,0,0,0.0,0.0,0.0,642,900
996.4816865320016,44.6,1.93,0,1,0,4.554,4.957,2.003,643,900
996.7391678913968,44.6,1.93,0,0,0,0.0,0.0,0.0,643,900
997.0546534451463,44.6,1.93,1,1,0,9.246,7.695,5.518,644,900
997.1088534451462,44.6,1.93,1,0,0,3.311,2.988,2.048,644,900
997.2034575091463,44.6,1.93,0,0,0,0.0,0.0,0.0,644,900
997.3032478584038,44.6,1.93,1,0,0,3.311,2.988,2.048,644,900
997.4534754052422,44.6,1.93,0,0,0,0.0,0.0,0.0,644,900
997.5355501763449,44.6,1.93,1,1,0,9.246,7.695,5.518,645,900
997.5569455605652,44.6,1.93,2,1,0,13.279,10.07,9.16,645,900
997.5718501763449,44.6,1.93,2,0,0,7.006,5.591,4.53,645,900
997.6664542403447,44.6,1.93,1,0,0,3.311,2.988,2.048,645,900
997.7487208504687,44.6,1.93,0,0,0,0.0,0.0,0.0,645,900
997.7707905372574,44.6,1.93,1,0,0,3.311,2.988,2.048,645,900
997.8565391464373,44.6,25.993473877471857,2,0,0,7.006,5.591,4.53,645,900
997.9006700902128,44.6,49.51940192802412,2,0,1,7.412,5.635,5.165,645,900
997.9256068675353,44.6,55.5,1,0,1,3.994,3.474,2.656,645,900
997.9844523622133,44.6,55.5,1,0,0,3.311,2.988,2.048,645,900
998.0339228210071,44.6,55.5,2,0,0,7.006,5.591,4.53,645,900
998.0523922409876,44.6,55.5,1,0,0,3.311,2.988,2.048,645,900
998.1644370156026,61.29401976627954,55.5,2,0,0,7.006,5.591,4.53,645,900
998.2305867448437,76.3,55.5,1,0,0,3.311,2.988,2.048,645,900
998.3435935252386,76.3,55.5,2,0,0,7.006,5.591,4.53,645,900
998.3641292587982,76.3,55.5,1,0,0,3.311,2.988,2.048,645,900
998.4803345890595,76.3,55.5,2,0,0,7.006,5.591,4.53,645,900
998.5446779399995,76.3,55.5,1,0,0,3.311,2.988,2.048,645,900
998.6622538853184,76.3,55.5,2,0,0,7.006,5.591,4.53,645,900
998.6842519969013,76.3,55.5,1,0,0,3.311,2.988,2.048,645,900
998.8049905218083,76.3,55.5,2,0,0,7.006,5.591,4.53,645,900
998.8361092194463,76.3,55.5,3,1,0,17.589,12.354,12.134,646,900
998.867520135003,76.3,55.5,2,1,0,13.279,10.07,9.16,646,900
998.9252092194462,76.3,55.5,2,0,0,7.006,5.591,4.53,646,900
998.9895993222461,76.3,55.5,3,0,0,10.385,7.547,7.321,646,900
999.0139505342967,76.3,55.5,2,0,0,7.006,5.591,4.53,646,900
999.0574440354462,76.3,55.5,1,0,0,3.311,2.988,2.048,646,900
999.1388260358499,76.3,55.5,2,0,0,7.006,5.591,4.53,646,900
999.1706339622131,76.3,55.5,3,1,0,17.589,12.354,12.134,647,900
999.1994334228547,76.3,55.5,2,1,0,13.279,10.07,9.16,647,900
999.2277339622133,76.3,55.5,2,0,0,7.006,5.591,4.53,647,900
999.2495019942918,76.3,55.5,3,1,0,17.589,12.354,12.134,648,900
999.3223380262134,76.3,55.5,2,1,0,13.279,10.07,9.16,648,900
999.3402019942918,76.3,55.5,2,0,0,7.006,5.591,4.53,648,900
999.3511500289841,76.3,55.5,1,0,0,3.311,2.988,2.048,648,900
999.4222454502132,76.3,55.5,2,0,0,7.006,5.591,4.53,648,900
999.4724368102916,76.3,55.5,1,0,0,3.311,2.988,2.048,648,900
999.5068548673433,76.3,55.5,1,0,1,3.994,3.474,2.656,648,900
999.5720531302131,76.3,55.5,0,0,1,0.528,0.57,0.438,648,900
999.5953371393434,76.3,55.5,0,0,0,0.0,0.0,0.0,648,900
999.6564612856208,76.3,55.5,1,0,0,3.311,2.988,2.048,648,900
999.7845440369382,76.3,55.5,0,0,0,0.0,0.0,0.0,648,900
999.8640678625479,76.3,29.33145181708416,1,0,0,3.311,2.988,2.048,648,900
999.9942694322065,76.3,5.27,0,0,0,0.0,0.0,0.0,648,900
1000.0758118211578,76.3,5.27,1,0,0,3.311,2.988,2.048,648,900
1000.106664479261,76.3,5.27,2,0,0,7.006,5.591,4.53,648,900
1000.2080057771578,76.3,5.27,1,0,0,3.311,2.988,2.048,648,900
1000.2917044584505,76.3,5.27,2,0,0,7.006,5.591,4.53,648,900
1000.4257619047918,76.3,5.27,1,0,0,3.311,2.988,2.048,648,900
1000.511499308426,76.3,5.27,2,0,0,7.006,5.591,4.53,648,900
1000.5593176287493,76.3,5.27,1,0,0,3.311,2.988,2.048,648,900
1000.6481056851087,76.3,5.27,0,0,0,0.0,0.0,0.0,648,900
1000.7360637930846,76.3,5.27,1,0,0,3.311,2.988,2.048,648,900
1000.7629449651837,76.3,5.27,2,0,0,7.006,5.591,4.53,648,900
1000.7862187393439,76.3,5.27,3,1,0,17.589,12.354,12.134,649,900
1000.7984740584928,76.3,5.27,3,0,0,10.385,7.547,7.321,649,900
1000.8616548584929,76.3,5.27,2,0,0,7.006,5.591,4.53,649,900
1000.874504636109,76.3,5.27,1,0,0,3.311,2.988,2.048,649,900
1000.9481479029237,76.3,5.27,2,0,0,7.006,5.591,4.53,649,900
1000.9644907464261,76.3,5.27,3,0,0,10.385,7.547,7.321,649,900
1001.0364117653506,76.3,5.27,2,0,0,7.006,5.591,4.53,649,900
1001.0541635138653,76.3,5.27,1,0,0,3.311,2.988,2.048,649,900
1001.1044954637922,76.3,5.27,0,0,0,0.0,0.0,0.0,649,900
1001.14307077236,76.3,5.27,1,0,0,3.311,2.988,2.048,649,900
1001.1966453224506,76.3,5.27,2,0,0,7.006,5.591,4.53,649,900
1001.2829041183653,76.3,5.27,1,0,0,3.311,2.988,2.048,649,900
1001.2932206220224,76.3,5.27,2,0,0,7.006,5.591,4.53,649,900
1001.339312666158,76.3,5.27,1,0,0,3.311,2.988,2.048,649,900
1001.3748153904345,76.3,5.27,2,0,0,7.006,5.591,4.53,649,900
1001.433619964158,76.3,5.27,3,0,0,10.385,7.547,7.321,649,900
1001.5174219980142,75.74468517182427,5.27,2,0,0,7.006,5.591,4.53,649,900
1001.5610233596889,71.19872637619366,5.27,1,0,0,3.311,2.988,2.048,649,900
1001.5784706702066,69.37963743811001,5.27,0,0,0,0.0,0.0,0.0,649,900
1001.6129720294355,65.9,5.27,1,0,0,3.311,2.988,2.048,649,900
1001.6814389843988,65.9,5.27,2,0,0,7.006,5.591,4.53,649,900
1001.7682522123783,65.9,5.27,1,0,0,3.311,2.988,2.048,649,900
1001.8534203229499,65.9,5.27,0,0,0,0.0,0.0,0.0,649,900
1001.8763828134734,65.9,5.27,1,0,0,3.311,2.988,2.048,649,900
1001.9773790637739,65.9,19.249255515005707,2,0,0,7.006,5.591,4.53,649,900
1002.0350591105937,65.9,26.7,1,0,0,3.311,2.988,2.048,649,900
1002.1466734768658,65.9,26.7,2,0,0,7.006,5.591,4.53,649,900
1002.151814014643,65.9,26.7,1,0,0,3.311,2.988,2.048,649,900
1002.2788737597849,65.9,26.7,2,0,0,7.006,5.591,4.53,649,900
1002.3088666241631,65.9,26.7,1,0,0,3.311,2.988,2.048,649,900
1002.4239472466126,65.9,26.7,2,0,0,7.006,5.591,4.53,649,900
1002.4571979709725,65.9,26.7,1,0,0,3.311,2.988,2.048,649,900
1002.5874765444325,65.9,26.7,2,0,0,7.006,5.591,4.53,649,900
1002.589628444087,65.9,26.7,1,0,0,3.311,2.988,2.048,649,900
1002.7079992637139,65.9,26.7,2,0,0,7.006,5.591,4.53,649,900
1002.7710258239385,65.9,26.7,1,0,0,3.311,2.988,2.048,649,900
1002.8249865114158,65.9,26.7,2,0,0,7.006,5.591,4.53,649,900
1002.8767496953659,65.9,26.7,1,0,0,3.311,2.988,2.048,649,900
1002.904539063717,65.9,26.7,2,0,0,7.006,5.591,4.53,649,900
1002.9987258411697,65.9,26.7,3,0,0,10.385,7.547,7.321,649,900
1003.0860546915409,65.9,26.7,2,0,0,7.006,5.591,4.53,649,900
1003.2081256669987,65.9,26.7,1,0,0,3.311,2.988,2.048,649,900
1003.2226279446375,65.9,26.7,2,0,0,7.006,5.591,4.53,649,900
1003.2318997328032,65.9,26.7,1,0,0,3.311,2.988,2.048,649,900
1003.3341945010052,65.9,26.7,2,0,0,7.006,5.591,4.53,649,900
1003.4445384327795,65.9,26.7,1,0,0,3.311,2.988,2.048,649,900
1003.5481811270367,65.9,26.7,0,0,0,0.0,0.0,0.0,649,900
1003.5846706612399,65.9,26.7,1,0,0,3.311,2.988,2.048,649,900
1003.6779343642457,65.9,26.7,2,0,0,7.006,5.591,4.53,649,900
1003.8112271977456,65.9,26.7,1,0,0,3.311,2.988,2.048,649,900
1003.8961374544799,65.9,26.7,0,0,0,0.0,0.0,0.0,649,900
1003.9549945965693,65.9,28.992174777308925,1,0,0,3.311,2.988,2.048,649,900
1004.0301160518912,65.9,32.0,2,0,0,7.006,5.591,4.53,649,900
1004.1866912934386,65.9,32.0,1,0,0,3.311,2.988,2.048,649,900
1004.2516242143279,65.9,32.0,0,0,0,0.0,0.0,0.0,649,900
1004.3339933486261,65.9,32.0,1,0,0,3.311,2.988,2.048,649,900
1004.3895071469418,65.9,32.0,2,0,0,7.006,5.591,4.53,649,900
1004.569768445859,65.9,32.0,1,0,0,3.311,2.988,2.048,649,900
1004.615236125581,65.9,32.0,0,0,0,0.0,0.0,0.0,649,900
1004.7205816054101,65.9,32.0,1,0,0,3.311,2.988,2.048,649,900
1004.835015771581,65.9,32.0,2,0,0,7.006,5.591,4.53,649,900
1004.9597402870068,65.9,32.0,1,0,0,3.311,2.988,2.048,649,900
1005.0620453044987,65.9,32.0,0,0,0,0.0,0.0,0.0,649,900
1005.1196790553296,65.9,32.0,1,0,0,3.311,2.988,2.048,649,900
1005.4109202442559,16.464367302104712,32.0,0,0,0,0.0,0.0,0.0,649,900
1005.6197398871493,15.8,32.0,1,0,0,3.311,2.988,2.048,649,900
1005.916288090895,15.8,32.0,0,0,0,0.0,0.0,0.0,649,900
1006.1303295966084,15.8,120.0,1,0,0,3.311,2.988,2.048,649,900
1006.4312202711744,15.8,120.0,0,0,0,0.0,0.0,0.0,649,900
1006.6502488887074,15.8,120.0,1,0,0,3.311,2.988,2.048,649,900
1006.9563581620926,15.8,120.0,0,0,0,0.0,0.0,0.0,649,900
1009.4722213839952,15.8,189.0,0,1,0,4.554,4.957,2.003,650,900
1009.7533771619951,15.8,189.0,0,0,0,0.0,0.0,0.0,650,900
1010.6064611537497,1.0,60.5,1,1,0,9.246,7.695,5.518,651,900
1010.6228597302622,1.0,60.5,1,0,0,3.311,2.988,2.048,651,900
1010.7174637942626,1.0,60.5,0,0,0,0.0,0.0,0.0,651,900
1010.7468586463973,1.0,60.5,1,1,0,9.246,7.695,5.518,652,900
1010.7801586463975,1.0,60.5,1,0,0,3.311,2.988,2.048,652,900
1010.8192820056291,1.0,60.5,2,0,0,7.006,5.591,4.53,652,900
1010.8496552903509,1.0,60.5,3,1,0,17.589,12.354,12.134,653,900
1010.9115552903509,1.0,60.5,3,0,0,10.385,7.547,7.321,653,900
1010.9123934623972,1.0,60.5,2,0,0,7.006,5.591,4.53,653,900
1010.9715565228174,1.0,60.5,1,0,0,3.311,2.988,2.048,653,900
1011.0061593543509,1.0,60.5,0,0,0,0.0,0.0,0.0,653,900
1011.0286877800346,1.0,60.5,1,0,0,3.311,2.988,2.048,653,900
1011.0771882979386,1.0,60.5,2,0,0,7.006,5.591,4.53,653,900
1011.1108667783508,1.0,60.5,3,0,0,10.385,7.547,7.321,653,900
1011.2328365598586,1.0,60.5,2,0,0,7.006,5.591,4.53,653,900
1011.2711443158814,1.0,60.5,1,0,0,3.311,2.988,2.048,653,900
1011.3025473543507,1.0,60.5,0,0,0,0.0,0.0,0.0,653,900
1011.3379168846891,1.0,60.5,0,1,0,4.554,4.957,2.003,654,900
1011.3548319459904,1.0,60.5,1,1,0,9.246,7.695,5.518,654,900
1011.3812770975791,1.0,60.5,2,1,0,13.279,10.07,9.16,654,900
1011.4073231943509,1.0,60.5,3,1,0,17.589,12.354,12.134,654,900
1011.4605209385513,1.0,60.5,3,0,0,10.385,7.547,7.321,654,900
1011.5620822663508,1.0,60.5,2,0,0,7.006,5.591,4.53,654,900
1011.5646601593091,1.0,60.5,1,0,0,3.311,2.988,2.048,654,900
1011.5794637860986,1.0,60.5,0,0,0,0.0,0.0,0.0,654,900
1011.666763513351,1.0,60.5,1,0,0,3.311,2.988,2.048,654,900
1011.693975912373,1.0,60.5,2,0,0,7.006,5.591,4.53,654,900
1011.8539190145196,1.0,60.5,1,0,0,3.311,2.988,2.048,654,900
1011.8961546154693,1.0,60.5,0,0,0,0.0,0.0,0.0,654,900
1011.9567676643005,1.0,60.5,1,0,0,3.311,2.988,2.048,654,900
1012.0133783227549,1.0,60.5,2,0,0,7.006,5.591,4.53,654,900
1012.1471925638831,1.0,60.5,1,0,0,3.311,2.988,2.048,654,900
1012.2113203469509,1.0,60.5,0,0,0,0.0,0.0,0.0,654,900
1012.2536320190784,1.0,60.5,1,0,0,3.311,2.988,2.048,654,900
1012.3257806633395,1.0,60.5,2,0,0,7.006,5.591,4.53,654,900
1012.4477123330756,1.0,59.67339036290499,1,0,0,3.311,2.988,2.048,654,900
1012.5284192066131,1.0,58.2,0,0,0,0.0,0.0,0.0,654,900
1012.5581152326854,1.0,58.2,1,0,0,3.311,2.988,2.048,654,900
1012.7566684010966,1.0,58.2,0,0,0,0.0,0.0,0.0,654,900
1012.8706385271204,1.0,58.2,1,0,0,3.311,2.988,2.048,654,900
1013.0719859259464,1.0,58.2,0,0,0,0.0,0.0,0.0,654,900
1013.1331870964739,1.0,58.2,1,1,0,9.246,7.695,5.518,655,900
1013.1462267577872,1.0,58.2,1,0,0,3.311,2.988,2.048,655,900
1013.1898306313848,1.0,58.2,2,0,0,7.006,5.591,4.53,655,900
1013.2094075577872,1.0,58.2,1,0,0,3.311,2.988,2.048,655,900
1013.2692427102128,1.0,58.2,1,0,1,3.994,3.474,2.656,655,900
1013.2847091408889,1.0,58.2,2,0,1,7.412,5.635,5.165,655,900
1013.2975449822126,1.0,58.2,2,0,0,7.006,5.591,4.53,655,900
1013.3489996764456,1.0,58.2,3,1,0,17.589,12.354,12.134,657,900
1013.3794268318918,1.0,58.2,2,1,0,13.279,10.07,9.16,657,900
1013.3951524846245,1.0,58.2,1,1,0,9.246,7.695,5.518,657,900
1013.4351996764454,1.0,58.2,1,0,0,3.311,2.988,2.048,657,900
1013.4565038774001,1.0,58.2,2,0,0,7.006,5.591,4.53,657,900
1013.5533298638097,1.0,58.2,1,0,0,3.311,2.988,2.048,657,900
1013.5674344924455,1.0,58.2,0,0,0,0.0,0.0,0.0,657,900
1013.5906474632603,1.0,58.2,1,0,0,3.311,2.988,2.048,657,900
1013.6322887427247,1.0,58.2,2,0,0,7.006,5.591,4.53,657,900
1013.730683888541,1.0,58.2,1,0,0,3.311,2.988,2.048,657,900
1013.8114485658626,1.0,58.2,2,0,0,7.006,5.591,4.53,657,900
1013.874450167087,1.0,58.2,1,0,0,3.311,2.988,2.048,657,900
1013.9492402533654,7.894944507610594,58.2,0,0,0,0.0,0.0,0.0,657,900
1014.0424324342279,20.1,58.2,1,0,0,3.311,2.988,2.048,657,900
1014.1859955317697,20.1,58.2,0,0,0,0.0,0.0,0.0,657,900
1014.2715571640798,20.1,58.2,1,0,0,3.311,2.988,2.048,657,900
1014.2816725773855,20.1,58.2,2,0,0,7.006,5.591,4.53,657,900
1014.4278144596808,20.1,49.704894612288435,1,0,0,3.311,2.988,2.048,657,900
1014.454089706293,20.1,35.81987755718577,2,1,0,13.279,10.07,9.16,658,900
1014.4676626076183,20.1,28.647348630067405,2,0,0,7.006,5.591,4.53,658,900
1014.5263129440499,20.1,5.41,3,0,0,10.385,7.547,7.321,658,900
1014.5398073000484,20.1,5.41,2,0,0,7.006,5.591,4.53,658,900
1014.5622666716184,20.1,5.41,1,0,0,3.311,2.988,2.048,658,900
1014.5990639349375,20.1,5.41,2,0,0,7.006,5.591,4.53,658,900
1014.6539166029823,20.1,5.41,3,0,0,10.385,7.547,7.321,658,900
1015.0225609302729,20.1,5.41,2,0,0,7.006,5.591,4.53,658,900
1015.0333433508989,20.1,5.41,3,0,0,10.385,7.547,7.321,658,900
1015.0365327583239,20.1,5.41,2,0,0,7.006,5.591,4.53,658,900
1015.1344042117677,20.1,5.41,3,0,0,10.385,7.547,7.321,658,900
1015.1874730754539,20.1,5.41,2,0,0,7.006,5.591,4.53,658,900
1015.2823762175074,20.1,5.41,1,0,0,3.311,2.988,2.048,658,900
1015.2941503820832,20.1,5.41,2,0,0,7.006,5.591,4.53,658,900
1015.3825693118193,20.1,5.41,3,0,0,10.385,7.547,7.321,658,900
1015.4516349873917,20.1,5.41,2,0,0,7.006,5.591,4.53,658,900
1015.5335606847268,20.1,5.41,1,0,0,3.311,2.988,2.048,658,900
1015.5610238447747,20.1,5.41,2,0,0,7.006,5.591,4.53,658,900
1015.6180862295289,20.1,5.41,1,0,0,3.311,2.988,2.048,658,900
1015.636937052207,20.1,5.41,2,0,0,7.006,5.591,4.53,658,900
1015.721061250837,20.1,5.41,1,0,0,3.311,2.988,2.048,658,900
1015.7908188962823,20.1,5.41,0,0,0,0.0,0.0,0.0,658,900
1015.8331218839735,20.1,5.41,1,0,0,3.311,2.988,2.048,658,900
1015.8972609669298,20.1,5.41,2,0,0,7.006,5.591,4.53,658,900
1015.9954070027889,20.1,5.41,1,0,0,3.311,2.988,2.048,658,900
1016.0921126421727,20.1,5.41,0,0,0,0.0,0.0,0.0,658,900
1016.1102948706787,20.1,5.41,1,0,0,3.311,2.988,2.048,658,900
1016.2021456685832,20.1,5.41,2,0,0,7.006,5.591,4.53,658,900
1016.2757353822476,20.1,5.41,1,0,0,3.311,2.988,2.048,658,900
1016.3931045608907,20.1,5.41,2,0,0,7.006,5.591,4.53,658,900
1016.400247724589,20.1,5.41,1,0,0,3.311,2.988,2.048,658,900
1016.5141063007621,20.1,7.936888384950091,2,0,0,7.006,5.591,4.53,658,900
1016.5607472492126,20.1,51.20970876500412,1,0,0,3.311,2.988,2.048,658,900
1016.6055228482128,20.1,92.75188398511828,2,0,0,7.006,5.591,4.53,658,900
1016.7151097775312,20.1,98.3,1,0,0,3.311,2.988,2.048,658,900
1016.7776170252885,20.1,98.3,0,0,0,0.0,0.0,0.0,658,900
1016.8324133594676,20.1,98.3,1,0,0,3.311,2.988,2.048,658,900
1016.9007548764386,20.1,98.3,2,0,0,7.006,5.591,4.53,658,900
1017.0378545129998,20.1,98.3,1,0,0,3.311,2.988,2.048,658,900
1017.1090770862677,20.1,98.3,0,0,0,0.0,0.0,0.0,658,900
1017.1586612746992,20.1,98.3,1,0,0,3.311,2.988,2.048,658,900
1017.2353800008505,20.1,98.3,2,0,0,7.006,5.591,4.53,658,900
1017.2880210464477,20.1,98.3,3,0,0,10.385,7.547,7.321,658,900
1017.3674695769945,20.1,98.3,2,0,0,7.006,5.591,4.53,658,900
1017.4758902946461,20.1,98.3,1,0,0,3.311,2.988,2.048,658,900
1017.5449263064255,20.1,98.3,0,0,0,0.0,0.0,0.0,658,900
1017.6374003069317,19.612483582844625,98.3,1,0,0,3.311,2.988,2.048,658,900
1017.8861155108025,18.2,98.3,0,0,0,0.0,0.0,0.0,658,900
1017.9193760394569,18.2,98.3,1,0,0,3.311,2.988,2.048,658,900
1018.0517578657685,18.2,98.3,2,0,0,7.006,5.591,4.53,658,900
1018.1795393864684,18.2,98.3,1,0,0,3.311,2.988,2.048,658,900
1018.3056136983191,18.2,98.3,0,0,0,0.0,0.0,0.0,658,900
1018.4755846479657,18.2,98.3,1,0,0,3.311,2.988,2.048,658,900
1018.7332737491967,18.2,2.39,0,0,0,0.0,0.0,0.0,658,900
1018.9075225445227,18.2,2.39,1,0,0,3.311,2.988,2.048,658,900
1019.1692723704339,18.2,2.39,0,0,0,0.0,0.0,0.0,658,900
1019.3478067534406,18.2,2.39,1,0,0,3.311,2.988,2.048,658,900
1019.613884056033,18.2,2.39,0,0,0,0.0,0.0,0.0,658,900
1019.7966799007203,18.2,2.39,1,0,0,3.311,2.988,2.048,658,900
1020.0667614479926,18.2,2.39,0,0,0,0.0,0.0,0.0,658,900
1020.2538244173596,18.2,2.39,1,0,0,3.311,2.988,2.048,658,900
1020.5278003853119,18.2,4.560949570246741,0,0,0,0.0,0.0,0.0,658,900
1023.7610679169984,31.9,24.8,0,1,0,4.554,4.957,2.003,659,900
1023.9482236949982,31.9,24.8,0,0,0,0.0,0.0,0.0,659,900
1024.3320355600201,31.9,24.8,1,1,0,9.246,7.695,5.518,660,900
1024.3476824191034,31.9,24.8,1,0,0,3.311,2.988,2.048,660,900
1024.442286483104,39.190946329281566,24.8,0,0,0,0.0,0.0,0.0,660,900
1024.5413996159327,55.9,24.8,1,0,0,3.311,2.988,2.048,660,900
1024.6909435650332,55.9,6.7099427617670315,0,0,0,0.0,0.0,0.0,660,900
1024.793691834763,55.9,1.93,1,0,0,3.311,2.988,2.048,660,900
1024.7984844552745,55.9,1.93,1,1,0,9.246,7.695,5.518,661,900
1024.9098402332745,55.9,1.93,1,0,0,3.311,2.988,2.048,661,900
1024.9847388577646,55.9,1.93,0,0,0,0.0,0.0,0.0,661,900
1025.0917842176677,55.9,1.93,1,0,0,3.311,2.988,2.048,661,900
1025.2868579948422,55.9,1.93,0,0,0,0.0,0.0,0.0,661,900
1025.3980787829184,55.9,1.93,1,0,0,3.311,2.988,2.048,661,900
1025.56822570736,55.9,1.93,2,0,0,7.006,5.591,4.53,662,900
1025.5969406582665,55.9,1.93,1,0,0,3.311,2.988,2.048,662,900
1025.6462297545295,55.9,1.93,1,1,0,9.246,7.695,5.518,663,900
1025.7121476412153,55.9,1.93,2,1,0,13.279,10.07,9.16,663,900
1025.8921406054794,55.9,1.93,1,1,0,9.246,7.695,5.518,663,900
1025.9150594211817,55.9,1.93,0,1,0,4.554,4.957,2.003,663,900
1025.9203675974793,55.9,1.93,0,1,1,5.364,5.595,3.203,663,900
1025.9233855325297,55.9,1.93,0,0,1,0.528,0.57,0.438,663,900
1025.9816766522654,55.9,1.93,0,0,0,0.0,0.0,0.0,663,900
1026.0238348687308,55.9,1.93,0,0,1,0.528,0.57,0.438,663,900
1026.0347413542663,55.9,1.93,1,0,1,3.994,3.474,2.656,663,900
1026.0856177908097,55.9,1.93,1,0,0,3.311,2.988,2.048,663,900
1026.2426374943675,55.9,1.93,0,0,0,0.0,0.0,0.0,663,900
1026.3663981595878,55.9,1.93,1,0,0,3.311,2.988,2.048,663,900
1026.5776000358248,55.9,1.93,0,0,0,0.0,0.0,0.0,663,900
1026.7644910554673,55.9,2.14,0,0,1,0.528,0.57,0.438,663,900
1026.792923327467,55.9,2.14,0,0,0,0.0,0.0,0.0,663,900
1027.1264881785664,55.9,2.14,1,1,0,9.246,7.695,5.518,664,900
1027.1409787446044,55.9,2.14,1,0,0,3.311,2.988,2.048,664,900
1027.235582808604,55.9,2.14,0,0,0,0.0,0.0,0.0,664,900
1027.3210598314233,55.9,2.14,1,1,0,9.246,7.695,5.518,665,900
1027.3305349849622,55.9,2.14,2,1,0,13.279,10.07,9.16,665,900
1027.3391304196587,55.9,2.14,2,0,0,7.006,5.591,4.53,665,900
1027.4337344836583,55.9,2.14,1,0,0,3.311,2.988,2.048,665,900
1027.4861835545448,55.9,2.14,0,0,0,0.0,0.0,0.0,665,900
1027.541569481188,55.9,2.14,1,0,0,3.311,2.988,2.048,665,900
1027.6042121935448,55.9,2.14,2,0,0,7.006,5.591,4.53,665,900
1027.7369903758156,55.9,2.14,1,0,0,3.311,2.988,2.048,665,900
1027.8100090255452,55.9,2.14,0,0,0,0.0,0.0,0.0,665,900
1027.8497957501295,67.32485674552905,2.14,1,0,0,3.311,2.988,2.048,665,900
1027.9113621300814,85.60275871999563,2.14,2,1,0,13.279,10.07,9.16,666,900
1027.9280902725448,85.7,2.14,3,1,0,17.589,12.354,12.134,666,900
1027.939062130081,85.7,2.14,3,0,0,10.385,7.547,7.321,666,900
1027.9496307959846,85.7,2.14,3,1,0,17.589,12.354,12.134,667,900
1027.9632841293178,85.7,2.14,3,0,0,10.385,7.547,7.321,667,900
1028.0578881933177,85.7,2.14,2,0,0,7.006,5.591,4.53,667,900
1028.1336693765445,85.7,2.14,1,0,0,3.311,2.988,2.048,667,900
1028.138812081427,85.7,2.14,2,0,0,7.006,5.591,4.53,667,900
1028.1498275617623,85.7,2.14,3,0,0,10.385,7.547,7.321,667,900
1028.2944456307873,85.7,2.14,2,0,0,7.006,5.591,4.53,667,900
1028.3741916218346,85.7,2.14,1,0,0,3.311,2.988,2.048,667,900
1028.3872314733546,85.7,2.14,2,0,0,7.006,5.591,4.53,667,900
1028.4036245752386,85.7,2.14,3,0,0,10.385,7.547,7.321,667,900
1028.4568042895442,85.7,2.14,2,0,0,7.006,5.591,4.53,667,900
1028.4967280857163,85.7,2.14,3,0,0,10.385,7.547,7.321,667,900
1028.5333556655023,85.7,2.14,2,0,0,7.006,5.591,4.53,667,900
1028.5746815055436,85.7,2.14,3,0,0,10.385,7.547,7.321,667,900
1028.5922196733536,85.7,2.14,2,0,0,7.006,5.591,4.53,667,900
1028.631445214522,85.7,2.1065499869174626,3,0,0,10.385,7.547,7.321,667,900
1028.7792595868625,85.7,1.97,2,0,0,7.006,5.591,4.53,667,900
1028.7797338575442,85.7,1.97,1,0,0,3.311,2.988,2.048,667,900
1028.8687026434015,85.7,1.97,0,0,0,0.0,0.0,0.0,667,900
1028.879287239309,85.7,1.97,1,0,0,3.311,2.988,2.048,667,900
1028.8978487355441,85.7,1.97,2,0,0,7.006,5.591,4.53,667,900
1028.9663149214357,85.7,1.97,3,0,0,10.385,7.547,7.321,667,900
1029.0301118689401,85.7,1.97,2,0,0,7.006,5.591,4.53,667,900
1029.1036481595438,85.7,1.97,1,0,0,3.311,2.988,2.048,667,900
1029.1333136846777,85.7,1.97,2,0,0,7.006,5.591,4.53,667,900
1029.1514628965372,85.7,1.97,1,0,0,3.311,2.988,2.048,667,900
1029.2216044815432,85.7,1.97,2,0,0,7.006,5.591,4.53,667,900
1029.2523415581152,85.7,1.97,3,0,0,10.385,7.547,7.321,667,900
1029.2870196755996,85.7,1.97,2,0,0,7.006,5.591,4.53,667,900
1029.3932780846283,85.7,1.97,3,0,0,10.385,7.547,7.321,667,900
1029.4264723535432,85.7,1.97,2,0,0,7.006,5.591,4.53,667,900
1029.4408205257614,85.7,1.97,1,0,0,3.311,2.988,2.048,667,900
1029.546032903184,85.7,1.97,2,0,0,7.006,5.591,4.53,667,900
1029.5879447968418,85.7,1.97,1,0,0,3.311,2.988,2.048,667,900
1029.6977837503464,85.7,1.97,2,0,0,7.006,5.591,4.53,667,900
1029.753081249776,85.7,1.97,1,0,0,3.311,2.988,2.048,667,900
1029.8956904320357,85.7,1.97,0,0,0,0.0,0.0,0.0,667,900
1030.0093445240152,85.7,1.97,1,0,0,3.311,2.988,2.048,667,900
1030.210142215179,85.7,1.97,0,0,0,0.0,0.0,0.0,667,900
1030.3272309016343,85.7,1.97,1,0,0,3.311,2.988,2.048,667,900
1030.5324558582738,85.7,1.97,0,0,0,0.0,0.0,0.0,667,900
1030.6530373132048,85.7,1.97,1,0,0,3.311,2.988,2.048,667,900
1030.8165868920248,85.7,66.8,2,0,0,7.006,5.591,4.53,667,900
1030.8616190073194,85.7,66.8,1,0,0,3.311,2.988,2.048,667,900
1031.0815115491532,85.7,66.8,0,0,0,0.0,0.0,0.0,667,900
1031.1006943753632,85.7,66.8,1,0,0,3.311,2.988,2.048,667,900
1031.3886744349124,53.9,66.8,0,0,0,0.0,0.0,0.0,667,900
1031.413289751726,53.9,66.8,1,0,0,3.311,2.988,2.048,667,900
1031.5121703408836,53.9,66.8,2,0,0,7.006,5.591,4.53,667,900
1031.6732030651613,53.9,66.8,1,0,0,3.311,2.988,2.048,667,900
1031.7965720368838,53.9,66.8,0,0,0,0.0,0.0,0.0,667,900
1036.8494763790563,65.3,2.85,0,0,1,0.528,0.57,0.438,667,900
1036.8934568245031,65.3,2.85,0,0,0,0.0,0.0,0.0,667,900
1037.9559144499929,62.31991540877809,2.85,1,1,0,9.246,7.695,5.518,668,900
1038.0931727474212,58.6,2.85,2,2,0,21.094,15.238,15.196,669,900
1038.1069144499934,58.6,2.85,2,1,0,13.279,10.07,9.16,669,900
1038.1280818383304,58.6,2.85,2,0,0,7.006,5.591,4.53,669,900
1038.2391492659929,58.6,2.85,1,0,0,3.311,2.988,2.048,669,900
1038.26031665433,58.6,2.85,0,0,0,0.0,0.0,0.0,669,900
1038.9175309882687,58.6,17.1,1,1,0,9.246,7.695,5.518,670,900
1038.989330988269,58.6,17.1,1,0,0,3.311,2.988,2.048,670,900
1039.121565804269,58.6,17.1,0,0,0,0.0,0.0,0.0,670,900
1039.2360852592692,58.6,17.1,1,0,0,3.311,2.988,2.048,670,900
1039.4377723632695,58.6,17.1,0,0,0,0.0,0.0,0.0,670,900
1039.5481966223576,58.6,17.1,1,0,0,3.311,2.988,2.048,670,900
1039.666573218152,58.6,17.1,1,0,1,3.994,3.474,2.656,670,900
1039.695005490152,58.6,17.1,1,0,0,3.311,2.988,2.048,670,900
1039.7463531993853,58.6,17.1,0,0,0,0.0,0.0,0.0,670,900
1039.8612486239933,58.6,17.1,1,0,0,3.311,2.988,2.048,670,900
1039.931076287525,58.6,17.1,1,1,0,9.246,7.695,5.518,671,900
1040.0550582265494,58.6,17.1,2,2,0,21.094,15.238,15.196,672,900
1040.0575855916998,58.6,17.1,2,1,0,13.279,10.07,9.16,672,900
1040.0651703205413,58.6,17.1,1,1,0,9.246,7.695,5.518,672,900
1040.071604007519,58.6,17.1,1,0,0,3.311,2.988,2.048,672,900
1040.166208071519,58.6,17.1,0,0,0,0.0,0.0,0.0,672,900
1040.184787441669,58.6,17.1,1,0,0,3.311,2.988,2.048,672,900
1040.25829473416,58.6,17.1,1,0,1,3.994,3.474,2.656,672,900
1040.2685560027003,58.6,17.1,2,0,1,7.412,5.635,5.165,672,900
1040.3466770061598,58.6,17.1,2,0,0,7.006,5.591,4.53,672,900
1040.392121489736,58.6,17.1,1,0,0,3.311,2.988,2.048,672,900
1040.421365231174,58.6,17.1,0,0,0,0.0,0.0,0.0,672,900
1040.5165133623834,58.6,17.1,1,0,0,3.311,2.988,2.048,672,900
1040.527561666404,58.6,17.1,2,0,0,7.006,5.591,4.53,672,900
1040.7220873359274,58.6,17.1,1,0,0,3.311,2.988,2.048,672,900
1040.7288425459717,58.6,17.1,0,0,0,0.0,0.0,0.0,672,900
1040.832824709498,58.6,20.616584755485437,1,0,0,3.311,2.988,2.048,672,900
1040.8568019344507,58.6,24.600426718544576,2,1,0,13.279,10.07,9.16,673,900
1040.8729703555032,58.6,27.286827433886558,2,0,0,7.006,5.591,4.53,673,900
1040.9675744195029,58.6,33.7,1,0,0,3.311,2.988,2.048,673,900
1041.0316209813614,58.6,33.7,0,0,0,0.0,0.0,0.0,673,900
1041.068381845797,58.6,33.7,1,0,0,3.311,2.988,2.048,673,900
1041.1262656872314,58.6,33.7,2,0,0,7.006,5.591,4.53,673,900
1041.1645379599115,58.6,33.7,3,1,0,17.589,12.354,12.134,674,900
1041.1764757837457,58.6,33.7,3,0,0,10.385,7.547,7.321,674,900
1041.2189074230334,58.6,33.7,2,0,0,7.006,5.591,4.53,674,900
1041.2396565837457,58.6,33.7,1,0,0,3.311,2.988,2.048,674,900
1041.3084231080031,58.6,33.7,0,0,0,0.0,0.0,0.0,674,900
1041.3226923012387,60.740366512006844,33.7,1,0,0,3.311,2.988,2.048,674,900
1041.3250178771807,61.18528847371769,33.7,2,0,0,7.006,5.591,4.53,674,900
1041.4061503400903,76.70729913417195,33.7,3,0,0,10.385,7.547,7.321,674,900
1041.4298909713618,77.8,33.7,2,0,0,7.006,5.591,4.53,674,900
1041.5147850961055,77.8,33.7,1,0,0,3.311,2.988,2.048,674,900
1041.5176018842735,77.8,33.7,2,0,0,7.006,5.591,4.53,674,900
1041.5374586061594,77.8,33.7,3,1,0,17.589,12.354,12.134,675,900
1041.5518361412605,77.8,33.7,3,0,0,10.385,7.547,7.321,675,900
1041.5914548960795,77.8,33.7,2,0,0,7.006,5.591,4.53,675,900
1041.6229403716025,77.8,33.7,3,0,0,10.385,7.547,7.321,675,900
1041.6464402052607,77.8,33.7,2,0,0,7.006,5.591,4.53,676,900
1041.6562281189313,77.8,33.7,1,0,0,3.311,2.988,2.048,676,900
1041.692637293385,77.8,33.7,2,0,0,7.006,5.591,4.53,676,900
1041.7409856362808,77.8,33.7,3,0,0,10.385,7.547,7.321,676,900
1041.8819064245913,77.8,33.7,2,0,0,7.006,5.591,4.53,676,900
1041.8859188428014,77.8,33.7,1,0,0,3.311,2.988,2.048,676,900
1041.8881918209463,77.8,33.7,0,0,0,0.0,0.0,0.0,676,900
1041.9315372385502,77.8,33.7,1,0,0,3.311,2.988,2.048,676,900
1041.9814458973035,77.8,33.7,2,0,0,7.006,5.591,4.53,676,900
1041.983798125327,77.8,33.7,3,0,0,10.385,7.547,7.321,676,900
1042.1254165424066,77.8,33.7,2,0,0,7.006,5.591,4.53,676,900
1042.1315915,77.8,33.7,1,0,0,3.311,2.988,2.048,676,900
1042.1327248323528,77.8,33.7,0,0,0,0.0,0.0,0.0,676,900
1042.2216995899869,77.8,33.7,1,0,0,3.311,2.988,2.048,676,900
1042.2329367281543,77.8,33.7,2,0,0,7.006,5.591,4.53,676,900
1042.248178323081,77.8,33.7,3,0,0,10.385,7.547,7.321,676,900
1042.3687506299857,77.8,33.7,2,0,0,7.006,5.591,4.53,676,900
1042.4213149731913,77.8,33.7,1,0,0,3.311,2.988,2.048,676,900
1042.452480005823,77.8,33.7,0,0,0,0.0,0.0,0.0,676,900
1042.467889757789,77.8,33.7,1,0,0,3.311,2.988,2.048,676,900
1042.525144594886,77.8,33.7,2,0,0,7.006,5.591,4.53,676,900
1042.5736222801959,77.8,33.7,3,0,0,10.385,7.547,7.321,676,900
1042.6175179973382,77.8,33.7,2,0,0,7.006,5.591,4.53,676,900
1042.7164925938175,77.8,33.7,1,0,0,3.311,2.988,2.048,676,900
1042.7194956963642,77.8,33.7,2,0,0,7.006,5.591,4.53,676,900
1042.7391072851347,77.8,33.7,3,0,0,10.385,7.547,7.321,676,900
1042.7829888242306,77.8,33.7,2,0,0,7.006,5.591,4.53,676,900
1042.8243279024052,77.8,30.800591671513217,3,0,0,10.385,7.547,7.321,676,900
1042.871984301136,77.8,19.390605199995722,2,0,0,7.006,5.591,4.53,676,900
1042.9968598026894,77.8,9.76,3,0,0,10.385,7.547,7.321,676,900
1043.0196191592297,77.8,9.76,2,0,0,7.006,5.591,4.53,676,900
1043.0743393382777,77.8,9.76,1,0,0,3.311,2.988,2.048,676,900
1043.131069084711,77.8,9.76,2,0,0,7.006,5.591,4.53,676,900
1043.172157395824,77.8,9.76,1,0,0,3.311,2.988,2.048,676,900
1043.3009355804425,77.8,9.76,2,0,0,7.006,5.591,4.53,676,900
1043.3308035674286,77.8,9.76,1,0,0,3.311,2.988,2.048,676,900
1043.4460489458022,77.8,9.76,2,0,0,7.006,5.591,4.53,676,900
1043.5171799246414,77.8,9.76,1,0,0,3.311,2.988,2.048,676,900
1043.6110345191119,77.8,9.76,2,0,0,7.006,5.591,4.53,676,900
1043.6489028784129,77.8,9.76,1,0,0,3.311,2.988,2.048,676,900
1043.6503906339058,77.8,9.76,2,0,0,7.006,5.591,4.53,676,900
1043.7680988076797,77.8,9.76,3,0,0,10.385,7.547,7.321,676,900
1043.861706565819,77.8,9.76,2,0,0,7.006,5.591,4.53,676,900
1043.8715616147506,77.8,9.76,1,0,0,3.311,2.988,2.048,676,900
1043.974701054183,77.8,9.76,0,0,0,0.0,0.0,0.0,676,900
1044.008796563661,77.8,9.76,1,0,0,3.311,2.988,2.048,676,900
1044.0978507693437,77.8,9.76,2,0,0,7.006,5.591,4.53,676,900
1044.234523845153,77.8,9.76,1,0,0,3.311,2.988,2.048,676,900
1044.308900913741,77.8,9.76,0,0,0,0.0,0.0,0.0,676,900
1044.3763239907094,77.8,9.76,1,0,0,3.311,2.988,2.048,676,900
1044.533177081895,77.8,9.76,2,0,0,7.006,5.591,4.53,676,900
1044.6056961808472,77.8,9.76,1,0,0,3.311,2.988,2.048,676,900
1044.7517404980497,61.43271023875389,9.76,2,0,0,7.006,5.591,4.53,676,900
1044.7955255371546,43.6193616949802,9.76,1,0,0,3.311,2.988,2.048,676,900
1044.9856733408346,37.0,48.261562718917965,0,0,0,0.0,0.0,0.0,676,900
1045.0768062807952,37.0,62.1,1,0,0,3.311,2.988,2.048,676,900
1045.0904375948344,37.0,62.1,2,0,0,7.006,5.591,4.53,676,900
1045.3272686078453,37.0,62.1,1,0,0,3.311,2.988,2.048,676,900
1045.3418706676355,37.0,62.1,0,0,0,0.0,0.0,0.0,676,900
1045.4824885149208,37.0,62.1,1,0,0,3.311,2.988,2.048,676,900
1045.7220640845774,37.0,62.1,0,0,0,0.0,0.0,0.0,676,900
1052.1377564733132,51.0,7.39,0,1,0,4.554,4.957,2.003,677,900
1052.1407839239912,51.0,7.39,1,2,0,15.716,13.138,11.485,678,900
1052.151500203061,51.0,7.39,1,1,0,9.246,7.695,5.518,678,900
1052.214681003061,51.0,7.39,0,1,0,4.554,4.957,2.003,678,900
1052.29568795034,51.0,7.39,1,1,0,9.246,7.695,5.518,678,900
1052.3484758876768,51.0,7.39,1,0,0,3.311,2.988,2.048,678,900
1052.3961652777123,51.0,7.39,0,0,0,0.0,0.0,0.0,678,900
1052.47927332055,51.0,7.39,1,0,0,3.311,2.988,2.048,678,900
1052.61325526448,51.0,7.39,0,0,0,0.0,0.0,0.0,678,900
1052.6990020159685,51.0,7.39,1,0,0,3.311,2.988,2.048,678,900
1052.8353919165504,51.0,7.39,0,0,0,0.0,0.0,0.0,678,900
1052.8528928632786,51.0,7.39,1,1,0,9.246,7.695,5.518,679,900
1052.88753947982,51.0,7.39,1,0,0,3.311,2.988,2.048,679,900
1052.9234632336897,51.0,6.703567402962983,2,0,0,7.006,5.591,4.53,679,900
1053.0197742958196,51.0,1.59,1,0,0,3.311,2.988,2.048,679,900
1053.0622096989218,51.0,1.59,0,0,0,0.0,0.0,0.0,679,900
1053.1735672775164,51.0,1.59,1,0,0,3.311,2.988,2.048,679,900
1053.339218317516,51.0,1.59,0,0,0,0.0,0.0,0.0,679,900
1053.4072672061552,51.0,1.59,0,0,1,0.528,0.57,0.438,679,900
1053.4357294781553,51.0,1.59,0,0,0,0.0,0.0,0.0,679,900
1053.4548406545164,51.0,1.59,1,0,0,3.311,2.988,2.048,679,900
1053.6205473105165,51.0,1.59,0,0,0,0.0,0.0,0.0,679,900
1053.6374200908206,51.0,1.59,1,1,0,9.246,7.695,5.518,680,900
1053.6464113103327,51.0,1.59,1,0,0,3.311,2.988,2.048,680,900
1053.6916024772984,51.0,1.59,1,0,1,3.994,3.474,2.656,680,900
1053.7095921103328,51.0,1.59,0,0,1,0.528,0.57,0.438,680,900
1053.7354847492984,51.0,1.59,0,0,0,0.0,0.0,0.0,680,900
1053.7439109349486,51.0,1.59,1,0,0,3.311,2.988,2.048,680,900
1053.7844498712107,51.0,1.59,2,0,0,7.006,5.591,4.53,680,900
1053.8787195181374,51.0,1.59,1,0,0,3.311,2.988,2.048,680,900
1053.917931818765,51.0,1.59,0,0,0,0.0,0.0,0.0,680,900
1053.951512336635,51.0,1.59,0,0,1,0.528,0.57,0.438,680,900
1053.9553274103084,51.0,1.59,1,0,1,3.994,3.474,2.656,680,900
1053.9798446086354,51.0,1.59,1,0,0,3.311,2.988,2.048,680,900
1054.0449824308887,51.0,1.59,2,0,0,7.006,5.591,4.53,680,900
1054.051680021528,51.0,1.59,1,0,0,3.311,2.988,2.048,680,900
1054.1301444159915,51.0,1.59,2,0,0,7.006,5.591,4.53,681,900
1054.2224693393966,51.0,1.59,1,0,0,3.311,2.988,2.048,681,900
1054.2280408555034,51.0,1.59,0,0,0,0.0,0.0,0.0,681,900
1054.3082857172594,51.0,1.59,1,0,0,3.311,2.988,2.048,681,900
1054.353522068211,51.0,1.59,2,0,0,7.006,5.591,4.53,681,900
1054.4398912650645,51.0,1.59,1,0,0,3.311,2.988,2.048,681,900
1054.5223665291621,51.0,1.59,2,0,0,7.006,5.591,4.53,681,900
1054.572055161411,51.0,1.59,1,0,0,3.311,2.988,2.048,681,900
1054.5945044877894,51.0,1.59,2,1,0,13.279,10.07,9.16,682,900
1054.6097251519911,51.0,1.59,2,0,0,7.006,5.591,4.53,682,900
1054.6581139239433,51.0,1.59,1,0,0,3.311,2.988,2.048,682,900
1054.7043292159908,51.0,1.59,0,0,0,0.0,0.0,0.0,682,900
1054.7076540533012,51.0,1.59,1,0,0,3.311,2.988,2.048,682,900
1054.7615598366765,51.0,1.59,2,0,0,7.006,5.591,4.53,682,900
1054.8043160580944,51.0,1.59,3,0,0,10.385,7.547,7.321,682,900
1054.9012739501834,51.0,1.59,3,1,0,17.589,12.354,12.134,683,900
1054.9312274215758,51.0,1.59,2,1,0,13.279,10.07,9.16,683,900
1054.9547419493006,51.0,1.59,1,1,0,9.246,7.695,5.518,683,900
1054.9833739501835,51.0,1.59,1,0,0,3.311,2.988,2.048,683,900
1055.0221911805052,51.0,4.725240041051738,2,0,0,7.006,5.591,4.53,683,900
1055.0584215581284,51.0,15.951343715156158,3,0,0,10.385,7.547,7.321,683,900
1055.135718538017,48.00044436498651,32.4,3,1,0,17.589,12.354,12.134,684,900
1055.151018538017,46.104946303064516,32.4,3,0,0,10.385,7.547,7.321,684,900
1055.214199338017,38.6,32.4,2,0,0,7.006,5.591,4.53,684,900
1055.240428221184,38.6,32.4,3,0,0,10.385,7.547,7.321,684,900
1055.2504081530599,38.6,32.4,2,0,0,7.006,5.591,4.53,684,900
1055.289685687972,38.6,32.4,3,0,0,10.385,7.547,7.321,684,900
1055.299207498894,38.6,32.4,2,0,0,7.006,5.591,4.53,684,900
1055.3042073148506,38.6,32.4,3,0,0,10.385,7.547,7.321,684,900
1055.452415325184,38.6,32.4,2,0,0,7.006,5.591,4.53,684,900
1055.5387561248517,38.6,32.4,3,0,0,10.385,7.547,7.321,684,900
1055.554529926473,38.6,32.4,2,0,0,7.006,5.591,4.53,684,900
1055.5635830670735,38.6,32.4,3,0,0,10.385,7.547,7.321,684,900
1055.7267280768062,38.6,32.4,2,0,0,7.006,5.591,4.53,684,900
1055.7847331275304,38.6,32.4,3,0,0,10.385,7.547,7.321,684,900
1055.789613375183,38.6,32.4,2,0,0,7.006,5.591,4.53,684,900
1055.8243983734803,38.6,32.4,3,0,0,10.385,7.547,7.321,684,900
1056.127666847183,38.6,32.4,2,0,0,7.006,5.591,4.53,684,900
1056.1287977411866,38.6,32.4,3,0,0,10.385,7.547,7.321,684,900
1056.1903278623624,38.6,32.4,2,0,0,7.006,5.591,4.53,684,900
1056.232621300233,38.6,32.4,3,1,0,17.589,12.354,12.134,685,900
1056.360621300233,38.6,32.4,3,0,0,10.385,7.547,7.321,685,900
1056.4928561162337,38.6,32.4,2,0,0,7.006,5.591,4.53,685,900
1056.5176171146456,38.6,32.4,1,0,0,3.311,2.988,2.048,685,900
1056.5468814186008,38.6,32.4,2,0,0,7.006,5.591,4.53,685,900
1056.5612125023013,38.6,32.4,3,0,0,10.385,7.547,7.321,685,900
1056.5933427998864,38.6,32.4,2,0,0,7.006,5.591,4.53,685,900
1056.642776130611,38.6,32.4,3,0,0,10.385,7.547,7.321,685,900
1056.78944177264,38.6,32.4,2,0,0,7.006,5.591,4.53,685,900
1056.8335119378023,38.6,32.4,3,0,0,10.385,7.547,7.321,685,900
1056.8553854896807,38.6,32.4,2,0,0,7.006,5.591,4.53,685,900
1056.8948177948528,38.6,32.4,1,0,0,3.311,2.988,2.048,685,900
1056.9536427956584,38.6,32.4,2,0,0,7.006,5.591,4.53,685,900
1057.0231285411314,38.6,29.341073386219342,3,0,0,10.385,7.547,7.321,685,900
1057.0334851286832,38.6,26.566209424114636,2,0,0,7.006,5.591,4.53,685,900
1057.1495152502914,38.6,5.7,3,0,0,10.385,7.547,7.321,685,900
1057.2017694524548,38.6,5.7,2,0,0,7.006,5.591,4.53,685,900
1057.2115160583373,38.6,5.7,1,0,0,3.311,2.988,2.048,685,900
1057.2467150514547,38.6,5.7,2,0,0,7.006,5.591,4.53,685,900
1057.3527202214316,38.6,5.7,1,0,0,3.311,2.988,2.048,685,900
1057.3872423435068,38.6,5.7,2,0,0,7.006,5.591,4.53,685,900
1057.4302040390962,38.6,5.7,1,0,0,3.311,2.988,2.048,685,900
1057.4725836282992,38.6,5.7,2,0,0,7.006,5.591,4.53,685,900
1057.565076633011,38.6,5.7,3,0,0,10.385,7.547,7.321,685,900
1057.650962347318,38.6,5.7,2,0,0,7.006,5.591,4.53,685,900
1057.6803341397006,38.6,5.7,1,0,0,3.311,2.988,2.048,685,900
1057.785190240971,38.6,5.7,0,0,0,0.0,0.0,0.0,685,900
1057.8039713728285,38.6,5.7,1,0,0,3.311,2.988,2.048,685,900
1057.9236811412488,38.6,5.7,2,0,0,7.006,5.591,4.53,685,900
1058.015287584489,38.6,5.7,1,0,0,3.311,2.988,2.048,685,900
1058.142669110878,38.6,5.7,2,0,0,7.006,5.591,4.53,685,900
1058.1574582096725,38.6,5.7,1,0,0,3.311,2.988,2.048,685,900
1058.2674787524722,38.6,5.7,2,0,0,7.006,5.591,4.53,685,900
1058.3432679328776,38.6,5.7,3,0,0,10.385,7.547,7.321,685,900
1058.3574095507993,38.6,5.7,2,0,0,7.006,5.591,4.53,685,900
1058.5383464590238,42.2,5.7,1,0,0,3.311,2.988,2.048,685,900
1058.616391753934,42.2,5.7,0,0,0,0.0,0.0,0.0,685,900
1058.6593688134476,42.2,5.7,1,0,0,3.311,2.988,2.048,685,900
1058.8072050699589,42.2,5.7,2,0,0,7.006,5.591,4.53,685,900
1058.8164319746309,42.2,5.7,3,0,0,10.385,7.547,7.321,685,900
1058.9236011637595,42.2,5.7,2,0,0,7.006,5.591,4.53,685,900
1059.0793106639242,42.2,3.0592520650281916,1,0,0,3.311,2.988,2.048,685,900
1059.0863407698355,42.2,2.7823644988185294,0,0,0,0.0,0.0,0.0,685,900
1059.2823539306792,42.2,1.79,1,0,0,3.311,2.988,2.048,685,900
1059.5661941493756,42.2,1.79,0,0,0,0.0,0.0,0.0,685,900
1059.7673564060403,42.2,1.79,1,0,0,3.311,2.988,2.048,685,900
1060.0561285995566,42.2,1.79,0,0,0,0.0,0.0,0.0,685,900
1060.2624476940402,42.2,1.79,1,0,0,3.311,2.988,2.048,685,900
1060.556418614376,42.2,1.79,0,0,0,0.0,0.0,0.0,685,900
1060.7678704206785,42.2,1.79,1,0,0,3.311,2.988,2.048,685,900
1061.0667168358345,42.2,20.547513222442767,0,0,0,0.0,0.0,0.0,685,900
1061.2833070169565,42.2,36.1,1,0,0,3.311,2.988,2.048,685,900
1061.5869191029326,42.2,36.1,0,0,0,0.0,0.0,0.0,685,900
1064.6547560786155,35.9,65.1,1,0,0,3.311,2.988,2.048,685,900
1064.9108668798606,35.9,65.1,0,0,0,0.0,0.0,0.0,685,900
1066.1316687358603,38.1,45.6,1,1,0,9.246,7.695,5.518,686,900
1066.141072817493,38.1,45.6,1,0,0,3.311,2.988,2.048,686,900
1066.2042536174938,38.1,45.6,0,0,0,0.0,0.0,0.0,686,900
1066.280583076045,38.1,45.6,1,0,0,3.311,2.988,2.048,686,900
1066.3561666426745,38.1,45.6,1,1,0,9.246,7.695,5.518,687,900
1066.3763384201482,38.1,45.6,0,1,0,4.554,4.957,2.003,687,900
1066.4545020070057,38.1,45.6,1,1,0,9.246,7.695,5.518,687,900
1066.5524243124141,38.1,45.6,0,1,0,4.554,4.957,2.003,687,900
1066.5996702467617,38.1,45.6,0,0,0,0.0,0.0,0.0,687,900
1066.6201432359496,38.1,45.6,1,0,0,3.311,2.988,2.048,687,900
1066.6325283985766,38.1,45.6,2,0,0,7.006,5.591,4.53,687,900
1066.7320785292911,38.1,45.6,1,0,0,3.311,2.988,2.048,687,900
1066.8140470797605,38.1,45.6,2,0,0,7.006,5.591,4.53,687,900
1066.8962606925393,38.1,45.6,3,1,0,17.589,12.354,12.134,688,900
1066.9473903157816,38.1,45.6,2,1,0,13.279,10.07,9.16,688,900
1066.9869606925395,38.1,45.6,2,0,0,7.006,5.591,4.53,688,900
1067.0011021482194,38.1,45.6,1,0,0,3.311,2.988,2.048,688,900
1067.0287991402195,38.1,45.6,1,0,1,3.994,3.474,2.656,688,900
1067.0316872651083,38.1,45.6,2,0,1,7.412,5.635,5.165,688,900
1067.0985219605122,38.1,45.6,2,0,0,7.006,5.591,4.53,688,900
1067.1191955085385,38.1,45.6,1,0,0,3.311,2.988,2.048,688,900
1067.14958366852,38.1,45.6,1,0,1,3.994,3.474,2.656,688,900
1067.166286771985,38.1,45.6,0,0,1,0.528,0.57,0.438,688,900
1067.1692881280228,38.1,45.6,0,0,2,1.262,1.188,0.808,688,900
1067.1977504000229,38.1,45.6,0,0,1,0.528,0.57,0.438,688,900
1067.2203517031473,38.1,42.51876768853096,0,0,0,0.0,0.0,0.0,688,900
1067.2525900721687,38.1,31.561967300964255,1,0,0,3.311,2.988,2.048,688,900
1067.4004792952767,38.1,11.5,0,0,0,0.0,0.0,0.0,688,900
1067.503541371695,38.1,11.5,1,0,0,3.311,2.988,2.048,688,900
1067.6576211669176,38.1,11.5,0,0,0,0.0,0.0,0.0,688,900
1067.7636322239657,38.1,11.5,1,0,0,3.311,2.988,2.048,688,900
1067.9207717488187,38.1,11.5,0,0,0,0.0,0.0,0.0,688,900
1068.0297760704968,38.1,11.5,1,0,0,3.311,2.988,2.048,688,900
1068.1889443489788,38.1,11.5,0,0,0,0.0,0.0,0.0,688,900
1068.2706969294888,38.1,11.5,1,1,0,9.246,7.695,5.518,689,900
1068.2894667869227,38.1,11.5,1,0,0,3.311,2.988,2.048,689,900
1068.3008501942872,38.1,11.5,2,0,0,7.006,5.591,4.53,689,900
1068.353207475623,38.1,11.5,3,1,0,17.589,12.354,12.134,690,900
1068.3891074756234,38.1,11.5,3,0,0,10.385,7.547,7.321,690,900
1068.4217016029227,38.1,11.5,2,0,0,7.006,5.591,4.53,690,900
1068.4635950023996,38.1,11.5,1,0,0,3.311,2.988,2.048,690,900
1068.483711539623,38.1,11.5,0,0,0,0.0,0.0,0.0,690,900
1068.532601429613,38.1,11.5,1,0,0,3.311,2.988,2.048,690,900
1068.5756509080675,38.1,11.5,2,0,0,7.006,5.591,4.53,690,900
1068.5784340473379,38.1,11.5,3,0,0,10.385,7.547,7.321,690,900
1068.6521228796944,34.69439599008824,11.5,3,1,0,17.589,12.354,12.134,691,900
1068.6717313903328,33.05020780589433,11.5,3,0,0,10.385,7.547,7.321,691,900
1068.7223036462483,29.7,11.5,2,0,0,7.006,5.591,4.53,691,900
1068.7439533050813,29.7,11.5,1,0,0,3.311,2.988,2.048,691,900
1068.7726446887584,29.7,11.5,2,1,0,13.279,10.07,9.16,692,900
1068.7869330608514,29.7,11.5,2,0,0,7.006,5.591,4.53,692,900
1068.8039662063327,29.7,11.5,1,0,0,3.311,2.988,2.048,692,900
1068.813054819661,29.7,11.5,2,0,0,7.006,5.591,4.53,692,900
1068.81526660792,29.7,11.5,3,0,0,10.385,7.547,7.321,692,900
1068.9014541889235,29.7,11.5,3,1,0,17.589,12.354,12.134,693,900
1069.0232843787328,29.7,11.5,3,0,0,10.385,7.547,7.321,693,900
1069.2070423926236,29.7,11.5,2,0,0,7.006,5.591,4.53,693,900
1069.226599666301,29.7,18.322095348167387,3,0,0,10.385,7.547,7.321,693,900
1069.3833882103006,29.7,58.9,2,0,0,7.006,5.591,4.53,693,900
1069.4453057210512,29.7,58.9,3,0,0,10.385,7.547,7.321,693,900
1069.4611299119194,29.7,58.9,2,0,0,7.006,5.591,4.53,693,900
1069.4697090735453,29.7,58.9,1,0,0,3.311,2.988,2.048,693,900
1069.4897885603002,29.7,58.9,2,0,0,7.006,5.591,4.53,693,900
1069.5660317323268,29.7,58.9,3,0,0,10.385,7.547,7.321,693,900
1069.6190952076834,29.7,58.9,2,0,0,7.006,5.591,4.53,693,900
1069.6639508066837,29.7,58.9,3,0,0,10.385,7.547,7.321,693,900
1069.6838781603,29.7,58.9,2,0,0,7.006,5.591,4.53,693,900
1069.7214504026967,29.7,58.9,1,0,0,3.311,2.988,2.048,693,900
1069.7900794422999,29.7,58.9,2,0,0,7.006,5.591,4.53,693,900
1069.8294975398446,29.7,58.9,3,0,0,10.385,7.547,7.321,693,900
1069.8792349669457,29.7,58.9,2,0,0,7.006,5.591,4.53,693,900
1069.9833220022992,29.7,58.9,1,0,0,3.311,2.988,2.048,693,900
1070.009403689838,29.7,58.9,2,0,0,7.006,5.591,4.53,693,900
1070.0259656549551,29.7,58.9,1,0,0,3.311,2.988,2.048,693,900
1070.0897121772994,29.7,58.9,2,0,0,7.006,5.591,4.53,693,900
1070.1376947348074,29.7,58.9,3,0,0,10.385,7.547,7.321,693,900
1070.2243926885353,29.7,58.9,2,0,0,7.006,5.591,4.53,693,900
1070.2830812012994,29.7,58.9,1,0,0,3.311,2.988,2.048,693,900
1070.3375042176222,29.7,58.9,0,0,0,0.0,0.0,0.0,693,900
1070.3579515278625,29.7,58.9,1,0,0,3.311,2.988,2.048,693,900
1070.3732448924468,29.7,58.9,2,1,0,13.279,10.07,9.16,694,900
1070.3892691992996,29.7,58.9,3,1,0,17.589,12.354,12.134,694,900
1070.3975448924468,29.7,58.9,3,0,0,10.385,7.547,7.321,694,900
1070.5792668049937,29.7,58.9,2,0,0,7.006,5.591,4.53,694,900
1070.5832646552994,29.7,58.9,1,0,0,3.311,2.988,2.048,694,900
1070.5956556499216,29.7,58.9,2,0,0,7.006,5.591,4.53,694,900
1070.6559517246965,29.7,58.9,1,0,0,3.311,2.988,2.048,694,900
1070.6894313122998,29.7,58.9,2,0,0,7.006,5.591,4.53,694,900
1070.7187730971707,29.7,58.9,3,0,0,10.385,7.547,7.321,694,900
1070.747404886359,29.7,58.9,2,0,0,7.006,5.591,4.53,694,900
1070.7751333339556,29.7,58.9,3,0,0,10.385,7.547,7.321,694,900
1070.9755537724016,29.7,58.9,2,0,0,7.006,5.591,4.53,694,900
1070.9824638881787,29.7,58.9,1,0,0,3.311,2.988,2.048,694,900
1070.9906848675973,29.7,58.9,2,0,0,7.006,5.591,4.53,694,900
1071.0458783732327,29.7,58.9,1,0,0,3.311,2.988,2.048,694,900
1071.1052396641417,29.7,58.9,2,0,0,7.006,5.591,4.53,694,900
1071.1488672981495,29.7,58.9,3,0,0,10.385,7.547,7.321,694,900
1071.3530050822571,29.7,68.84323198358946,2,0,0,7.006,5.591,4.53,694,900
1071.4106791922575,29.7,82.57882902077955,1,0,0,3.311,2.988,2.048,694,900
1071.4668840521533,29.7,82.9,2,0,0,7.006,5.591,4.53,694,900
1071.4965019482381,29.7,82.9,1,0,0,3.311,2.988,2.048,694,900
1071.588592094884,29.7,82.9,2,0,0,7.006,5.591,4.53,694,900
1071.6684246954346,29.7,82.9,1,0,0,3.311,2.988,2.048,694,900
1071.7865778594064,29.7,82.9,2,0,0,7.006,5.591,4.53,694,900
1071.8543769358698,29.7,82.9,1,0,0,3.311,2.988,2.048,694,900
1071.8699948177346,29.7,82.9,2,0,0,7.006,5.591,4.53,694,900
1071.9423328723128,28.760694577434514,82.9,3,0,0,10.385,7.547,7.321,694,900
1071.992457305762,27.20395548904274,82.9,2,0,0,7.006,5.591,4.53,694,900
1072.0368309793728,26.6,82.9,3,0,0,10.385,7.547,7.321,694,900
1072.1405471003038,26.6,82.9,2,0,0,7.006,5.591,4.53,694,900
1072.1815531709767,26.6,82.9,1,0,0,3.311,2.988,2.048,694,900
1072.2520436582008,26.6,82.9,2,0,0,7.006,5.591,4.53,694,900
1072.3067874552355,26.6,82.9,1,0,0,3.311,2.988,2.048,694,900
1072.4937064096173,26.6,82.9,2,0,0,7.006,5.591,4.53,694,900
1072.5036212168316,26.6,82.9,1,0,0,3.311,2.988,2.048,694,900
1072.544472879766,26.6,82.9,2,0,0,7.006,5.591,4.53,694,900
1072.7680953203578,26.6,82.9,1,0,0,3.311,2.988,2.048,694,900
1072.9128065968698,26.6,82.9,0,0,0,0.0,0.0,0.0,694,900
1074.0820894338094,26.6,12.2,1,0,0,3.311,2.988,2.048,694,900
1074.3613801289273,26.6,12.2,0,0,0,0.0,0.0,0.0,694,900
1078.4521775886171,53.9,7.76,1,0,0,3.311,2.988,2.048,694,900
1078.8030937431186,53.9,7.76,0,0,0,0.0,0.0,0.0,694,900
1078.8661907351188,53.9,7.76,0,0,1,0.528,0.57,0.438,694,900
1078.9363090391187,56.25970196650856,7.76,0,0,0,0.0,0.0,0.0,694,900
1078.9856181911186,61.08043906995512,7.76,0,0,1,0.528,0.57,0.438,694,900
1079.0542756631182,63.6,7.76,0,0,0,0.0,0.0,0.0,694,900
1080.1003622871174,63.6,2.75,1,1,0,9.246,7.695,5.518,695,900
1080.1168784161498,63.6,2.75,1,0,0,3.311,2.988,2.048,695,900
1080.2114824801502,63.6,2.75,0,0,0,0.0,0.0,0.0,695,900
1080.3137237079143,63.6,2.75,1,0,0,3.311,2.988,2.048,695,900
1080.46642522752,63.6,2.75,0,0,0,0.0,0.0,0.0,695,900
1080.5725079211797,63.6,2.75,1,0,0,3.311,2.988,2.048,695,900
1080.6073610017604,63.6,2.75,1,1,0,9.246,7.695,5.518,696,900
1080.7669188436817,63.6,2.75,0,1,0,4.554,4.957,2.003,696,900
1080.8508646058476,63.6,2.75,0,0,0,0.0,0.0,0.0,696,900
1080.8775344320802,63.6,2.75,1,0,0,3.311,2.988,2.048,696,900
1081.075973403231,63.6,2.75,0,0,0,0.0,0.0,0.0,697,900
1081.088432885831,63.6,2.75,0,0,1,0.528,0.57,0.438,697,900
1081.128418834049,63.6,2.75,0,0,0,0.0,0.0,0.0,697,900
1081.1884979881002,63.6,2.75,1,0,0,3.311,2.988,2.048,697,900
1081.3886737574078,63.6,2.75,0,0,0,0.0,0.0,0.0,697,900
1081.5053886247917,63.6,2.75,1,0,0,3.311,2.988,2.048,697,900
1081.7098192856154,63.6,35.1,0,0,0,0.0,0.0,0.0,697,900
1081.8310970745151,63.6,35.1,1,0,0,3.311,2.988,2.048,697,900
1081.9164606253034,63.6,35.1,2,1,0,13.279,10.07,9.16,698,900
1081.9286996691283,63.6,35.1,2,0,0,7.006,5.591,4.53,698,900
1081.9918804691276,63.6,35.1,1,0,0,3.311,2.988,2.048,698,900
1081.9922966959764,63.6,35.1,2,1,0,13.279,10.07,9.16,699,900
1082.010367284212,63.6,35.1,2,0,0,7.006,5.591,4.53,699,900
1082.0406000668536,63.6,35.1,1,0,0,3.311,2.988,2.048,699,900
1082.0783154981689,63.6,35.1,2,0,0,7.006,5.591,4.53,699,900
1082.1049713482118,63.6,35.1,1,0,0,3.311,2.988,2.048,699,900
1082.1842725418508,63.6,35.1,0,0,0,0.0,0.0,0.0,699,900
1082.212806345742,63.6,35.1,1,0,0,3.311,2.988,2.048,699,900
1082.273118473733,63.6,35.1,2,0,0,7.006,5.591,4.53,699,900
1082.2854996251158,63.6,35.1,3,1,0,17.589,12.354,12.134,700,900
1082.2993374629536,63.6,35.1,3,0,0,10.385,7.547,7.321,700,900
1082.393941526954,63.6,35.1,2,0,0,7.006,5.591,4.53,700,900
1082.40822724037,63.6,35.1,1,0,0,3.311,2.988,2.048,700,900
1082.4128899412553,63.42773727549211,35.1,0,0,0,0.0,0.0,0.0,700,900
1082.486544840593,48.947984460138464,35.1,1,0,0,3.311,2.988,2.048,700,900
1082.5047360236172,45.37179555788956,35.1,2,0,0,7.006,5.591,4.53,700,900
1082.5191642683465,43.9,35.1,3,0,0,10.385,7.547,7.321,700,900
1082.6295176294514,43.9,35.1,2,0,0,7.006,5.591,4.53,700,900
1082.6472768896192,43.9,35.1,1,0,0,3.311,2.988,2.048,700,900
1082.7178472703688,43.9,35.1,0,0,0,0.0,0.0,0.0,700,900
1082.7269817078354,43.9,35.1,1,0,0,3.311,2.988,2.048,700,900
1082.7418089794628,43.9,35.1,2,0,0,7.006,5.591,4.53,700,900
1082.7691501218696,43.9,35.1,3,1,0,17.589,12.354,12.134,701,900
1082.7978501218697,43.9,35.1,3,0,0,10.385,7.547,7.321,701,900
1082.8870678519465,43.9,35.1,2,0,0,7.006,5.591,4.53,701,900
1082.93008493787,43.9,35.1,1,0,0,3.311,2.988,2.048,701,900
1082.984700410271,43.9,35.1,2,0,0,7.006,5.591,4.53,701,900
1082.989382886319,43.9,35.1,3,0,0,10.385,7.547,7.321,701,900
1083.0192503476649,43.9,35.1,3,1,0,17.589,12.354,12.134,702,900
1083.1327992092351,43.9,35.1,2,1,0,13.279,10.07,9.16,702,900
1083.137250347665,43.9,35.1,2,0,0,7.006,5.591,4.53,702,900
1083.1479174169742,43.9,35.1,1,0,0,3.311,2.988,2.048,702,900
1083.1580666028126,43.9,35.1,2,0,0,7.006,5.591,4.53,702,900
1083.2333593450405,43.9,35.1,3,0,0,10.385,7.547,7.321,702,900
1083.3661754935679,43.9,35.1,2,0,0,7.006,5.591,4.53,702,900
1083.3844188064843,43.9,35.1,1,0,0,3.311,2.988,2.048,702,900
1083.4213605796285,43.9,35.1,0,0,0,0.0,0.0,0.0,702,900
1083.4878890107698,43.9,35.1,1,0,0,3.311,2.988,2.048,702,900
1083.5364331176286,43.9,34.2552544327404,2,0,0,7.006,5.591,4.53,702,900
1083.641880334695,43.9,31.7,1,0,0,3.311,2.988,2.048,702,900
1083.702098335732,43.9,31.7,0,0,0,0.0,0.0,0.0,702,900
1083.748084548461,43.9,31.7,1,0,0,3.311,2.988,2.048,702,900
1083.7909313092687,43.9,31.7,2,0,0,7.006,5.591,4.53,702,900
1083.8208470014554,43.9,31.7,3,0,0,10.385,7.547,7.321,702,900
1083.9045889188676,43.9,31.7,2,0,0,7.006,5.591,4.53,702,900
1084.0138422711148,43.9,31.7,3,0,0,10.385,7.547,7.321,702,900
1084.0280924752835,43.9,31.7,2,0,0,7.006,5.591,4.53,702,900
1084.0682068158224,43.9,31.7,1,0,0,3.311,2.988,2.048,702,900
1084.1511297248348,43.9,31.7,2,0,0,7.006,5.591,4.53,702,900
1084.1852236539269,43.9,31.7,3,1,0,17.589,12.354,12.134,703,900
1084.2104398480017,43.9,31.7,2,1,0,13.279,10.07,9.16,703,900
1084.309223653927,43.9,31.7,2,0,0,7.006,5.591,4.53,703,900
1084.3231502453693,43.9,31.7,3,0,0,10.385,7.547,7.321,703,900
1084.3623232074904,43.9,31.7,2,0,0,7.006,5.591,4.53,703,900
1084.4414584699273,43.9,31.7,1,0,0,3.311,2.988,2.048,703,900
1084.4898836348696,43.9,31.7,2,0,0,7.006,5.591,4.53,703,900
1084.5236989793775,43.9,31.7,1,0,0,3.311,2.988,2.048,703,900
1084.6394581368666,43.9,31.7,2,0,0,7.006,5.591,4.53,703,900
1084.7046761663532,43.9,31.7,1,0,0,3.311,2.988,2.048,703,900
1084.8363792275602,43.9,31.7,2,0,0,7.006,5.591,4.53,703,900
1084.8435876919962,43.9,31.7,1,0,0,3.311,2.988,2.048,703,900
1084.9629365666046,43.9,31.7,2,0,0,7.006,5.591,4.53,703,900
1085.056307063869,43.9,31.7,1,0,0,3.311,2.988,2.048,703,900
1085.1697355508536,43.9,31.7,0,0,0,0.0,0.0,0.0,703,900
1085.1922109329034,43.9,31.7,1,0,0,3.311,2.988,2.048,703,900
1085.2920367161921,43.9,31.7,2,0,0,7.006,5.591,4.53,703,900
1085.4162035460415,43.9,31.7,1,0,0,3.311,2.988,2.048,703,900
1085.5021028253195,43.9,31.7,0,0,0,0.0,0.0,0.0,703,900
1085.6758024713197,43.9,86.00418614133882,1,0,0,3.311,2.988,2.048,703,900
1085.7576249866436,43.9,117.0,2,0,0,7.006,5.591,4.53,703,900
1085.8862770101184,43.9,117.0,1,0,0,3.311,2.988,2.048,703,900
1085.978752487492,43.9,117.0,0,0,0,0.0,0.0,0.0,703,900
1085.9839047439036,43.9,117.0,1,0,0,3.311,2.988,2.048,703,900
1086.2608220649036,28.030608960687765,117.0,0,0,0,0.0,0.0,0.0,703,900
1088.1998450239255,11.6,10.6,1,0,0,3.311,2.988,2.048,703,900
1088.5600637772434,11.6,10.6,0,0,0,0.0,0.0,0.0,703,900
1093.8502103408223,28.3,4.09,1,1,0,9.246,7.695,5.518,704,900
1093.891010340822,28.3,4.09,1,0,0,3.311,2.988,2.048,704,900
1093.954191140822,28.3,4.09,0,0,0,0.0,0.0,0.0,704,900
1094.0377985968216,28.3,4.09,1,0,0,3.311,2.988,2.048,704,900
1094.0840051734356,28.3,4.09,1,0,1,3.994,3.474,2.656,704,900
1094.1123774454359,28.3,4.09,1,0,0,3.311,2.988,2.048,704,900
1094.1405130608223,28.3,4.09,0,0,0,0.0,0.0,0.0,704,900
1094.2240413798222,28.3,4.09,1,0,0,3.311,2.988,2.048,704,900
1094.3270095398223,28.3,4.09,0,0,0,0.0,0.0,0.0,704,900
1094.410565092822,28.3,4.09,1,0,0,3.311,2.988,2.048,704,900
1094.5442324208218,28.3,4.09,0,0,0,0.0,0.0,0.0,704,900
1094.6280132062186,28.3,4.09,1,0,0,3.311,2.988,2.048,704,900
1094.7318142777985,28.3,4.09,0,0,0,0.0,0.0,0.0,704,900
1094.8177393032959,28.3,4.09,1,0,0,3.311,2.988,2.048,704,900
1094.8585553608464,28.3,4.09,1,1,0,9.246,7.695,5.518,705,900
1094.8647637339038,28.3,4.09,1,1,1,9.384,7.485,6.716,705,900
1094.893296005904,28.3,4.09,1,1,0,9.246,7.695,5.518,705,900
1094.953979397978,28.3,4.09,0,1,0,4.554,4.957,2.003,705,900
1095.0419983557597,28.3,4.09,1,1,0,9.246,7.695,5.518,705,900
1095.1077111388472,28.3,4.09,1,0,0,3.311,2.988,2.048,705,900
1095.1804263027238,28.3,4.09,0,0,0,0.0,0.0,0.0,705,900
1095.27087576679,28.3,4.09,1,0,0,3.311,2.988,2.048,705,900
1095.2716818351446,28.3,4.09,2,1,0,13.279,10.07,9.16,706,900
1095.2865557479179,28.3,4.09,2,0,0,7.006,5.591,4.53,706,900
1095.3811598119175,28.3,4.09,1,0,0,3.311,2.988,2.048,706,900
1095.4122554380385,28.3,4.09,0,0,0,0.0,0.0,0.0,706,900
1095.4767762526367,28.3,4.09,1,0,0,3.311,2.988,2.048,706,900
1095.5050413013882,28.3,4.09,2,0,0,7.006,5.591,4.53,706,900
1095.558120828324,28.3,4.09,3,1,0,17.589,12.354,12.134,707,900
1095.5858208283244,28.3,4.09,3,0,0,10.385,7.547,7.321,707,900
1095.6227905608216,28.3,4.09,2,0,0,7.006,5.591,4.53,707,900
1095.6488681209219,28.3,4.09,1,0,0,3.311,2.988,2.048,707,900
1095.6804248923245,28.3,4.09,0,0,0,0.0,0.0,0.0,707,900
1095.7218114967964,28.3,4.09,1,0,0,3.311,2.988,2.048,707,900
1095.7440346675562,28.3,4.09,2,0,0,7.006,5.591,4.53,707,900
1095.7667960124923,28.3,4.09,3,1,0,17.589,12.354,12.134,708,900
1095.8209960124925,28.3,8.175708047566495,3,0,0,10.385,7.547,7.321,708,900
1095.889277659375,28.3,39.91625583055611,2,0,0,7.006,5.591,4.53,708,900
1095.9156000764938,28.3,50.5,1,0,0,3.311,2.988,2.048,708,900
1095.9412043290329,28.3,50.5,0,0,0,0.0,0.0,0.0,708,900
1095.9745658764668,28.3,50.5,1,0,0,3.311,2.988,2.048,708,900
1095.9867331482938,28.3,50.5,2,0,0,7.006,5.591,4.53,708,900
1096.0153904257518,28.3,50.5,3,0,0,10.385,7.547,7.321,708,900
1096.0496001770737,28.3,50.5,3,1,0,17.589,12.354,12.134,709,900
1096.0630541916723,28.3,50.5,3,0,0,10.385,7.547,7.321,709,900
1096.1654286651617,28.3,50.5,2,0,0,7.006,5.591,4.53,709,900
1096.1656179725906,28.3,50.5,1,0,0,3.311,2.988,2.048,709,900
1096.217143388263,28.3,50.5,2,0,0,7.006,5.591,4.53,709,900
1096.234716195598,28.3,50.5,3,0,0,10.385,7.547,7.321,709,900
1096.2381269096675,28.3,50.5,2,0,0,7.006,5.591,4.53,709,900
1096.269088127913,28.3,50.5,3,0,0,10.385,7.547,7.321,709,900
1096.4236551298168,28.3,50.5,2,0,0,7.006,5.591,4.53,709,900
1096.4537393269295,28.3,50.5,3,0,0,10.385,7.547,7.321,709,900
1096.465883056524,28.3,50.5,2,0,0,7.006,5.591,4.53,709,900
1096.4871419544706,28.3,50.5,3,0,0,10.385,7.547,7.321,709,900
1096.5146098797147,28.3,50.5,2,0,0,7.006,5.591,4.53,709,900
1096.5310555872047,28.3,50.5,3,0,0,10.385,7.547,7.321,709,900
1096.7815526154482,27.673343679274875,50.5,3,1,0,17.589,12.354,12.134,710,900
1096.7961811868768,27.54095697885714,50.5,3,0,0,10.385,7.547,7.321,710,900
1097.0993725663732,27.4,50.5,2,0,0,7.006,5.591,4.53,710,900
1097.132079124718,27.4,50.5,1,0,0,3.311,2.988,2.048,710,900
1097.1532356475032,27.4,50.5,2,0,0,7.006,5.591,4.53,710,900
1097.1567588522767,27.4,50.5,2,1,0,13.279,10.07,9.16,711,900
1097.1622357691592,27.4,50.5,1,1,0,9.246,7.695,5.518,711,900
1097.2036942388177,27.4,50.5,2,1,0,13.279,10.07,9.16,711,900
1097.2074013681593,27.4,50.5,3,1,0,17.589,12.354,12.134,711,900
1097.249730846493,27.4,50.5,3,0,0,10.385,7.547,7.321,711,900
1097.368263217682,27.4,50.5,2,0,0,7.006,5.591,4.53,711,900
1097.4160928272493,27.4,50.5,1,0,0,3.311,2.988,2.048,711,900
1097.4258191736692,27.4,50.5,0,0,0,0.0,0.0,0.0,711,900
1097.46626266241,27.4,50.5,1,0,0,3.311,2.988,2.048,711,900
1097.4768074890906,27.4,50.5,2,0,0,7.006,5.591,4.53,711,900
1097.4798336563053,27.4,50.5,3,0,0,10.385,7.547,7.321,711,900
1097.6852265919986,27.4,50.5,2,0,0,7.006,5.591,4.53,711,900
1097.735735642485,27.4,50.5,3,0,0,10.385,7.547,7.321,711,900
1097.748480556371,27.4,50.5,2,0,0,7.006,5.591,4.53,711,900
1097.7506073190814,27.4,50.5,1,0,0,3.311,2.988,2.048,711,900
1097.7905042069585,27.4,50.5,2,0,0,7.006,5.591,4.53,711,900
1097.8095754869714,27.4,50.5,3,0,0,10.385,7.547,7.321,711,900
1097.9890448379165,27.4,8.41,2,0,0,7.006,5.591,4.53,711,900
1098.0215927785246,27.4,8.41,1,0,0,3.311,2.988,2.048,711,900
1098.0487654160038,27.4,8.41,2,0,0,7.006,5.591,4.53,711,900
1098.084850066413,27.4,8.41,1,0,0,3.311,2.988,2.048,711,900
1098.1021197080997,27.4,8.41,2,0,0,7.006,5.591,4.53,711,900
1098.1503709631434,27.4,8.41,3,0,0,10.385,7.547,7.321,711,900
1098.302182693601,27.4,8.41,2,0,0,7.006,5.591,4.53,711,900
1098.3357973022473,27.4,8.41,3,1,0,17.589,12.354,12.134,712,900
1098.3662131438316,27.4,8.41,3,0,0,10.385,7.547,7.321,712,900
1098.3666153073432,27.4,8.41,2,0,0,7.006,5.591,4.53,712,900
1098.3687033659303,27.4,8.41,3,0,0,10.385,7.547,7.321,712,900
1098.4984479598313,27.4,8.41,2,0,0,7.006,5.591,4.53,712,900
1098.4998260166076,27.4,8.41,3,0,0,10.385,7.547,7.321,712,900
1098.6211203003722,27.4,8.41,2,0,0,7.006,5.591,4.53,712,900
1098.696803793264,27.4,8.41,3,0,0,10.385,7.547,7.321,712,900
1098.7209969974535,27.4,8.41,2,0,0,7.006,5.591,4.53,712,900
1098.7391828876418,27.4,8.41,3,0,0,10.385,7.547,7.321,712,900
1098.783849724837,27.4,8.41,2,0,0,7.006,5.591,4.53,712,900
1098.85801812592,27.4,8.41,3,0,0,10.385,7.547,7.321,712,900
1098.9064322212637,27.4,8.41,2,0,0,7.006,5.591,4.53,712,900
1098.9220181476353,27.4,8.41,3,0,0,10.385,7.547,7.321,712,900
1098.9447465502292,27.4,8.41,2,0,0,7.006,5.591,4.53,712,900
1099.0320573250042,27.4,8.41,3,0,0,10.385,7.547,7.321,712,900
1099.1477218729285,27.4,8.41,2,0,0,7.006,5.591,4.53,712,900
1099.1580775771988,27.4,8.41,3,0,0,10.385,7.547,7.321,712,900
1099.2450315367082,27.4,8.41,2,0,0,7.006,5.591,4.53,712,900
1099.2732381501726,27.4,8.41,1,0,0,3.311,2.988,2.048,712,900
1099.291029112687,27.4,8.41,2,0,0,7.006,5.591,4.53,712,900
1099.396390950529,27.4,8.41,3,0,0,10.385,7.547,7.321,712,900
1099.442479273199,27.4,8.41,2,0,0,7.006,5.591,4.53,712,900
1099.4994420973644,27.4,8.41,3,0,0,10.385,7.547,7.321,712,900
1099.521971529941,27.4,8.41,2,0,0,7.006,5.591,4.53,712,900
1099.545155932153,27.4,8.41,3,0,0,10.385,7.547,7.321,712,900
1099.6068695942033,27.4,8.41,2,0,0,7.006,5.591,4.53,712,900
1099.732547246102,27.4,8.41,3,0,0,10.385,7.547,7.321,712,900
1099.7729088975304,27.4,8.41,2,0,0,7.006,5.591,4.53,712,900
1099.8171576281525,27.4,10.000137720017896,1,0,0,3.311,2.988,2.048,712,900
1099.9452935243198,27.4,39.6,0,0,0,0.0,0.0,0.0,712,900
1100.6104029066596,27.4,39.6,1,0,0,3.311,2.988,2.048,712,900
1100.9141495784422,27.4,39.6,0,0,0,0.0,0.0,0.0,712,900
1105.2655230017597,5.2,31.8,1,0,0,3.311,2.988,2.048,712,900
1105.523846781752,7.854586865739625,31.8,0,0,0,0.0,0.0,0.0,712,900
1106.7286486377511,27.9,1.57,1,1,0,9.246,7.695,5.518,713,900
1106.7382187312091,27.9,1.57,1,0,0,3.311,2.988,2.048,713,900
1106.8013995312087,27.9,1.57,0,0,0,0.0,0.0,0.0,713,900
1106.878320759275,27.9,1.57,1,0,0,3.311,2.988,2.048,713,900
1106.974673502091,27.9,1.57,0,0,0,0.0,0.0,0.0,713,900
1107.053462633656,27.9,1.57,1,0,0,3.311,2.988,2.048,713,900
1107.1520161129706,27.9,1.57,0,0,0,0.0,0.0,0.0,713,900
1107.2327795190338,27.9,1.57,1,0,0,3.311,2.988,2.048,713,900
1107.3329945988467,27.9,1.57,0,0,0,0.0,0.0,0.0,713,900
1107.4156562444084,27.9,1.57,1,0,0,3.311,2.988,2.048,713,900
1107.5496982047205,27.9,1.57,0,0,0,0.0,0.0,0.0,713,900
1107.6347276535305,27.9,1.57,1,0,0,3.311,2.988,2.048,713,900
1107.7421261750037,27.9,1.57,1,0,1,3.994,3.474,2.656,713,900
1107.7700652890899,27.9,1.57,0,0,1,0.528,0.57,0.438,713,900
1107.7707784470035,27.9,1.57,0,0,0,0.0,0.0,0.0,713,900
1107.8734425050898,27.9,1.57,1,0,0,3.311,2.988,2.048,713,900
1108.0268973210905,27.9,1.57,0,0,0,0.0,0.0,0.0,713,900
1108.1303853190902,27.9,1.57,1,0,0,3.311,2.988,2.048,713,900
1108.2844721350905,27.9,1.57,0,0,0,0.0,0.0,0.0,713,900
1108.3879768080901,27.9,1.57,1,0,0,3.311,2.988,2.048,713,900
1108.4988992971482,27.9,53.622819224776926,1,0,1,3.994,3.474,2.656,713,900
1108.5273615691478,27.9,61.1,1,0,0,3.311,2.988,2.048,713,900
1108.5421910480889,27.9,61.1,0,0,0,0.0,0.0,0.0,713,900
1108.645756680089,27.9,61.1,1,0,0,3.311,2.988,2.048,713,900
1108.7990673680888,27.9,61.1,0,0,0,0.0,0.0,0.0,713,900
1108.902602218089,27.9,61.1,1,0,0,3.311,2.988,2.048,713,900
1108.927323171082,30.687123601441538,61.1,2,1,0,13.279,10.07,9.16,714,900
1108.957523171082,36.177912772417336,61.1,2,0,0,7.006,5.591,4.53,714,900
1109.0521272350818,46.1,61.1,1,0,0,3.311,2.988,2.048,714,900
1109.0565571300888,46.1,61.1,0,0,0,0.0,0.0,0.0,714,900
1109.1154018938441,46.1,61.1,0,1,0,4.554,4.957,2.003,715,900
1109.1440666035264,46.1,61.1,1,1,0,9.246,7.695,5.518,715,900
1109.160092874089,46.1,61.1,2,1,0,13.279,10.07,9.16,715,900
1109.2863691909347,46.1,61.1,1,1,0,9.246,7.695,5.518,715,900
1109.2883604887463,46.1,61.1,1,0,0,3.311,2.988,2.048,716,900
1109.3138899300898,46.1,61.1,0,0,0,0.0,0.0,0.0,716,900
1109.3814705151194,46.1,61.1,1,0,0,3.311,2.988,2.048,716,900
1109.4173867930895,46.1,61.1,2,0,0,7.006,5.591,4.53,716,900
1109.5275947072666,46.1,61.1,1,0,0,3.311,2.988,2.048,716,900
1109.5707209050881,46.1,61.1,0,0,0,0.0,0.0,0.0,716,900
1109.586152422525,46.1,61.1,1,1,0,9.246,7.695,5.518,717,900
1109.6261084831922,46.1,61.1,2,1,0,13.279,10.07,9.16,717,900
1109.6480524225249,46.1,61.1,2,0,0,7.006,5.591,4.53,717,900
1109.6724919706908,46.1,61.1,3,0,0,10.385,7.547,7.321,717,900
1109.684151135343,46.1,61.1,3,1,0,17.589,12.354,12.134,718,900
1109.7369511353431,46.1,61.1,3,0,0,10.385,7.547,7.321,718,900
1109.7754580880808,46.1,61.1,2,0,0,7.006,5.591,4.53,718,900
1109.821536554549,46.1,61.1,1,0,0,3.311,2.988,2.048,718,900
1109.8315551993433,46.1,61.1,0,0,0,0.0,0.0,0.0,718,900
1109.847363910525,46.1,61.1,1,0,0,3.311,2.988,2.048,718,900
1109.8770970217479,46.1,61.1,2,0,0,7.006,5.591,4.53,718,900
1109.9219840843525,46.1,61.1,3,0,0,10.385,7.547,7.321,718,900
1110.039044486525,46.1,61.1,2,0,0,7.006,5.591,4.53,718,900
1110.072617503647,46.1,61.1,1,0,0,3.311,2.988,2.048,718,900
1110.0731859482478,46.1,61.1,0,0,0,0.0,0.0,0.0,718,900
1110.1173431026466,46.1,61.1,1,0,0,3.311,2.988,2.048,718,900
1110.1344474277844,46.1,61.1,2,0,0,7.006,5.591,4.53,718,900
1110.1438203265247,46.1,61.1,3,0,0,10.385,7.547,7.321,718,900
1110.3086362053782,46.1,61.1,2,0,0,7.006,5.591,4.53,718,900
1110.3357457665256,46.1,61.1,1,0,0,3.311,2.988,2.048,718,900
1110.3594936246625,46.1,61.1,0,0,0,0.0,0.0,0.0,718,900
1110.3979132353043,46.1,61.1,1,0,0,3.311,2.988,2.048,718,900
1110.413978880545,46.1,60.08473089670297,2,0,0,7.006,5.591,4.53,718,900
1110.440487143526,46.1,49.20211444084532,3,0,0,10.385,7.547,7.321,718,900
1110.6040225472025,46.1,19.8,2,0,0,7.006,5.591,4.53,718,900
1110.6330981835251,46.1,19.8,1,0,0,3.311,2.988,2.048,718,900
1110.653597964515,46.1,19.8,0,0,0,0.0,0.0,0.0,718,900
1110.6900731034366,46.1,19.8,1,1,0,9.246,7.695,5.518,719,900
1110.706110430266,46.1,19.8,2,1,0,13.279,10.07,9.16,719,900
1110.7118010642957,46.1,19.8,3,1,0,17.589,12.354,12.134,719,900
1110.8170731034363,46.1,19.8,3,0,0,10.385,7.547,7.321,719,900
1110.9296105355247,46.1,19.8,2,0,0,7.006,5.591,4.53,719,900
1110.9493079194363,46.1,19.8,1,0,0,3.311,2.988,2.048,719,900
1110.9551386498076,46.1,19.8,0,0,0,0.0,0.0,0.0,719,900
1111.0172740089017,46.1,19.8,1,0,0,3.311,2.988,2.048,719,900
1111.0215655296365,46.1,19.8,2,0,0,7.006,5.591,4.53,719,900
1111.0659508379417,46.1,19.8,3,0,0,10.385,7.547,7.321,719,900
1111.214974259414,46.1,19.8,2,0,0,7.006,5.591,4.53,719,900
1111.2243674201554,46.1,19.8,1,0,0,3.311,2.988,2.048,719,900
1111.257421601489,46.1,19.8,1,1,0,9.246,7.695,5.518,720,900
1111.2644357735408,46.1,19.8,0,1,0,4.554,4.957,2.003,720,900
1111.3285226860573,46.1,19.8,1,1,0,9.246,7.695,5.518,720,900
1111.3435490294146,46.1,19.8,2,1,0,13.279,10.07,9.16,720,900
1111.3659390816165,46.1,19.8,2,0,0,7.006,5.591,4.53,720,900
1111.3794665153944,46.1,19.8,3,0,0,10.385,7.547,7.321,720,900
1111.530312011597,46.1,19.8,2,0,0,7.006,5.591,4.53,720,900
1111.5508795836367,46.1,19.8,1,0,0,3.311,2.988,2.048,720,900
1111.5826794147126,46.1,19.8,0,0,0,0.0,0.0,0.0,720,900
1111.6464000594144,46.1,19.8,1,0,0,3.311,2.988,2.048,720,900
1111.6736553596002,46.1,19.8,2,0,0,7.006,5.591,4.53,720,900
1111.7015324922863,46.1,19.8,3,0,0,10.385,7.547,7.321,720,900
1111.850102576128,46.1,19.8,2,0,0,7.006,5.591,4.53,720,900
1111.884444049526,46.1,19.8,1,0,0,3.311,2.988,2.048,720,900
1111.9077947313249,46.1,19.8,0,0,0,0.0,0.0,0.0,720,900
1111.9686720091183,46.1,19.8,1,0,0,3.311,2.988,2.048,720,900
1112.030777497618,46.1,19.8,2,0,0,7.006,5.591,4.53,720,900
1112.174486405005,46.1,19.8,1,0,0,3.311,2.988,2.048,720,900
1112.2412693003757,46.1,19.8,0,0,0,0.0,0.0,0.0,720,900
1112.2954609931692,46.1,19.8,1,0,0,3.311,2.988,2.048,720,900
1112.3595663224473,47.34554121130033,19.8,1,1,0,9.246,7.695,5.518,721,900
1112.4384105131933,48.7,14.908248256391502,2,1,0,13.279,10.07,9.16,721,900
1112.5036480682302,48.7,3.105249515656034,1,1,0,9.246,7.695,5.518,721,900
1112.6647221004478,48.7,1.64,1,0,0,3.311,2.988,2.048,721,900
1112.6912289585323,48.7,1.64,0,0,0,0.0,0.0,0.0,721,900
1113.3030138255233,48.7,1.64,1,0,0,3.311,2.988,2.048,721,900
1113.308367075389,48.7,1.64,2,0,0,7.006,5.591,4.53,721,900
1113.5676615646648,48.7,1.64,1,0,0,3.311,2.988,2.048,721,900
1113.6499388235457,48.7,1.64,0,0,0,0.0,0.0,0.0,721,900
1118.119726214566,55.7,1.88,1,0,0,3.311,2.988,2.048,721,900
1118.3711576130452,55.7,1.88,0,0,0,0.0,0.0,0.0,721,900
1118.4640400450453,55.7,1.88,0,0,1,0.528,0.57,0.438,721,900
1118.5512513410454,55.7,19.85921494144854,0,0,0,0.0,0.0,0.0,721,900
1119.6871826050458,77.7,47.5,1,1,0,9.246,7.695,5.518,722,900
1119.7421826050456,77.7,47.5,1,0,0,3.311,2.988,2.048,722,900
1119.836786669045,77.7,47.5,0,0,0,0.0,0.0,0.0,722,900
1119.912171757583,77.7,47.5,1,0,0,3.311,2.988,2.048,722,900
1120.0377640765814,77.7,47.5,0,0,0,0.0,0.0,0.0,722,900
1120.1152192013383,77.7,47.5,1,0,0,3.311,2.988,2.048,722,900
1120.2435412055547,77.7,47.5,0,0,0,0.0,0.0,0.0,722,900
1120.3233168625293,77.7,47.5,1,0,0,3.311,2.988,2.048,722,900
1120.4537723599638,77.7,47.5,0,0,0,0.0,0.0,0.0,722,900
1120.5355812551563,77.7,36.430484606273545,1,0,0,3.311,2.988,2.048,722,900
1120.6680438138087,77.7,1.57,0,0,0,0.0,0.0,0.0,722,900
1120.7520236762193,77.7,1.57,1,0,0,3.311,2.988,2.048,722,900
1120.8863644000892,77.7,1.57,0,0,0,0.0,0.0,0.0,722,900
1120.972397659718,77.7,1.57,1,0,0,3.311,2.988,2.048,722,900
1121.1093019888062,77.7,1.57,0,0,0,0.0,0.0,0.0,722,900
1121.1975706276526,77.7,1.57,1,0,0,3.311,2.988,2.048,722,900
1121.3363240979588,77.7,1.57,0,0,0,0.0,0.0,0.0,722,900
1121.4341074237464,77.7,1.57,1,0,0,3.311,2.988,2.048,722,900
1121.5863035735158,77.7,1.57,0,0,0,0.0,0.0,0.0,722,900
1121.6911133904034,77.7,1.57,1,0,0,3.311,2.988,2.048,722,900
1121.8465187799761,77.7,1.57,0,0,0,0.0,0.0,0.0,722,900
1121.9540326496672,77.7,1.57,1,0,0,3.311,2.988,2.048,722,900
1122.1121680150443,77.7,1.57,0,0,0,0.0,0.0,0.0,722,900
1122.2222839595395,77.7,1.57,1,0,0,3.311,2.988,2.048,722,900
1122.3834737167215,77.7,1.57,0,0,0,0.0,0.0,0.0,722,900
1122.4668324835302,84.17905172892704,1.57,1,1,0,9.246,7.695,5.518,723,900
1122.4794324835302,85.65853359726718,1.57,1,0,0,3.311,2.988,2.048,723,900
1122.4962753180205,87.63620567981425,1.57,2,0,0,7.006,5.591,4.53,723,900
1122.5426132835305,89.4,1.6074216139526418,1,0,0,3.311,2.988,2.048,723,900
1122.6288177837837,89.4,1.69,2,0,0,7.006,5.591,4.53,723,900
1122.6965943470057,89.4,1.69,1,0,0,3.311,2.988,2.048,723,900
1122.734542105776,89.4,1.69,0,0,0,0.0,0.0,0.0,723,900
1122.812590615795,89.4,1.69,1,0,0,3.311,2.988,2.048,723,900
1122.8231443514605,89.4,1.69,2,0,0,7.006,5.591,4.53,723,900
1122.9626699398843,89.4,1.69,1,0,0,3.311,2.988,2.048,723,900
1123.0162695622716,89.4,1.69,0,0,0,0.0,0.0,0.0,723,900
1123.0542569857378,89.4,1.69,1,0,0,3.311,2.988,2.048,723,900
1123.1352930145513,89.4,1.69,2,0,0,7.006,5.591,4.53,723,900
1123.1965366223296,89.4,1.69,1,0,0,3.311,2.988,2.048,723,900
1123.2689928225516,89.4,1.69,0,0,0,0.0,0.0,0.0,723,900
1123.2907943253524,89.4,1.69,1,0,0,3.311,2.988,2.048,723,900
1123.2960512437458,89.4,1.69,1,1,0,9.246,7.695,5.518,724,900
1123.3436750896649,89.4,1.69,2,2,0,21.094,15.238,15.196,725,900
1123.3574921811191,89.4,1.69,2,1,0,13.279,10.07,9.16,725,900
1123.3912460443212,89.4,1.69,3,1,0,17.589,12.354,12.134,725,900
1123.425862348546,89.4,1.69,3,2,0,24.826,17.679,18.858,726,900
1123.4520962451188,89.4,1.69,2,2,0,21.094,15.238,15.196,726,900
1123.4569974836807,89.4,1.69,2,1,0,13.279,10.07,9.16,726,900
1123.5331194393045,89.4,1.69,3,1,0,17.589,12.354,12.134,726,900
1123.5732070217457,89.4,1.69,3,0,0,10.385,7.547,7.321,726,900
1123.598679353777,89.4,1.69,2,0,0,7.006,5.591,4.53,726,900
1123.6809263082348,89.4,1.69,1,0,0,3.311,2.988,2.048,726,900
1123.687522331128,89.4,1.69,0,0,0,0.0,0.0,0.0,726,900
1123.7240634710367,89.4,1.69,1,0,0,3.311,2.988,2.048,726,900
1123.7811813565957,89.4,1.69,2,0,0,7.006,5.591,4.53,726,900
1123.7832518134567,89.4,1.69,3,0,0,10.385,7.547,7.321,726,900
1123.874552268311,89.4,1.69,3,1,0,17.589,12.354,12.134,727,900
1123.931933537694,89.4,1.69,2,1,0,13.279,10.07,9.16,727,900
1123.9374258179823,89.4,1.69,1,1,0,9.246,7.695,5.518,727,900
1124.0025522683104,89.4,1.69,1,0,0,3.311,2.988,2.048,727,900
1124.0291905200497,89.4,1.69,2,0,0,7.006,5.591,4.53,727,900
1124.0350833042237,89.4,1.69,3,0,0,10.385,7.547,7.321,727,900
1124.179212705315,89.4,1.69,2,0,0,7.006,5.591,4.53,727,900
1124.1887519974914,89.4,1.69,1,0,0,3.311,2.988,2.048,727,900
1124.2812357961677,89.4,1.69,0,0,0,0.0,0.0,0.0,727,900
1124.2815575360323,89.4,1.69,1,0,0,3.311,2.988,2.048,727,900
1124.2946204231896,89.4,1.69,2,0,0,7.006,5.591,4.53,727,900
1124.4125568054078,89.4,1.69,3,0,0,10.385,7.547,7.321,727,900
1124.4347175714927,89.4,1.69,2,0,0,7.006,5.591,4.53,727,900
1124.450786812627,89.4,1.69,1,0,0,3.311,2.988,2.048,727,900
1124.5403641584057,89.4,1.7211960225909309,2,0,0,7.006,5.591,4.53,727,900
1124.559689026495,89.4,1.7421706555292185,3,0,0,10.385,7.547,7.321,727,900
1124.6319427953347,89.4,1.8,2,0,0,7.006,5.591,4.53,727,900
1124.696533148061,89.4,1.8,1,0,0,3.311,2.988,2.048,727,900
1124.7559332721016,89.4,1.8,0,0,0,0.0,0.0,0.0,727,900
1124.7664044240653,89.4,1.8,1,0,0,3.311,2.988,2.048,727,900
1124.8053639211691,89.4,1.8,2,0,0,7.006,5.591,4.53,727,900
1124.8269425774367,89.4,1.8,2,1,0,13.279,10.07,9.16,728,900
1124.868274987877,89.4,1.8,3,1,0,17.589,12.354,12.134,728,900
1124.9207357180742,89.4,1.8,3,0,0,10.385,7.547,7.321,728,900
1124.9971814638536,89.4,1.8,2,0,0,7.006,5.591,4.53,728,900
1125.00262122502,89.4,1.8,1,0,0,3.311,2.988,2.048,728,900
1125.0684528473917,89.4,1.8,0,0,0,0.0,0.0,0.0,728,900
1125.1151783630646,89.4,1.8,1,0,0,3.311,2.988,2.048,728,900
1125.1438917109986,89.4,1.8,2,0,0,7.006,5.591,4.53,728,900
1125.1838257800741,89.4,1.8,3,0,0,10.385,7.547,7.321,728,900
1125.3158214568518,89.4,1.8,2,0,0,7.006,5.591,4.53,728,900
1125.373629836617,89.4,1.8,2,1,0,13.279,10.07,9.16,729,900
1125.3779915530254,89.4,1.8,1,1,0,9.246,7.695,5.518,729,900
1125.3875669174956,89.4,1.8,0,1,0,4.554,4.957,2.003,729,900
1125.4323395538336,89.4,1.8,1,1,0,9.246,7.695,5.518,729,900
1125.506512024086,89.4,1.8,2,1,0,13.279,10.07,9.16,729,900
1125.528095902224,89.4,1.8,3,1,0,17.589,12.354,12.134,729,900
1125.5547856146168,89.4,1.8,3,0,0,10.385,7.547,7.321,729,900
1125.6360194775575,89.4,1.8,2,0,0,7.006,5.591,4.53,729,900
1125.7129050474146,89.4,1.8,1,0,0,3.311,2.988,2.048,729,900
1125.7561179894765,89.4,1.8,2,0,0,7.006,5.591,4.53,729,900
1125.7656317353046,89.4,1.8,1,0,0,3.311,2.988,2.048,729,900
1125.8351013029123,89.4,1.8,2,0,0,7.006,5.591,4.53,729,900
1125.9191060605565,87.25308391506371,1.8,3,0,0,10.385,7.547,7.321,729,900
1125.9643709991371,73.23484317582394,1.8,2,0,0,7.006,5.591,4.53,729,900
1126.0652672908318,58.4,1.8,1,0,0,3.311,2.988,2.048,729,900
1126.0881080999927,58.4,1.8,2,0,0,7.006,5.591,4.53,729,900
1126.1597546526907,58.4,1.8,1,0,0,3.311,2.988,2.048,729,900
1126.2390869368317,58.4,1.8,2,0,0,7.006,5.591,4.53,729,900
1126.2998636675911,58.4,1.8,1,0,0,3.311,2.988,2.048,729,900
1126.3166046169972,58.4,1.8,2,0,0,7.006,5.591,4.53,729,900
1126.4747876090032,58.4,1.8,1,0,0,3.311,2.988,2.048,729,900
1126.560256144185,58.4,1.9015246907564491,0,0,0,0.0,0.0,0.0,729,900
1126.672412855445,58.4,2.01,1,1,0,9.246,7.695,5.518,730,900
1126.7666128554451,58.4,2.01,1,0,0,3.311,2.988,2.048,730,900
1126.8548358783837,58.4,2.01,2,0,0,7.006,5.591,4.53,730,900
1126.8988476714449,58.4,2.01,1,0,0,3.311,2.988,2.048,730,900
1127.116790763911,58.4,2.01,0,0,0,0.0,0.0,0.0,730,900
1133.0605247185465,70.4,1.68,1,1,0,9.246,7.695,5.518,731,900
1133.0705748821233,70.4,1.68,1,0,0,3.311,2.988,2.048,731,900
1133.133755682123,70.4,1.68,0,0,0,0.0,0.0,0.0,731,900
1133.2123881790171,70.4,1.68,1,0,0,3.311,2.988,2.048,731,900
1133.31046846908,70.4,1.68,0,0,0,0.0,0.0,0.0,731,900
1133.3910665399883,70.4,1.68,1,0,0,3.311,2.988,2.048,731,900
1133.5225159250656,70.4,1.68,0,0,0,0.0,0.0,0.0,731,900
1133.605594596157,70.4,1.68,1,0,0,3.311,2.988,2.048,731,900
1133.7392938294172,70.4,1.68,0,0,0,0.0,0.0,0.0,731,900
1133.8245389576923,70.4,1.68,1,0,0,3.311,2.988,2.048,731,900
1133.9604366471362,70.4,1.68,0,0,0,0.0,0.0,0.0,731,900
1134.0482626935946,70.4,1.68,1,0,0,3.311,2.988,2.048,731,900
1134.1864807592215,70.4,1.68,0,0,0,0.0,0.0,0.0,731,900
1134.2767148328633,70.4,1.68,1,0,0,3.311,2.988,2.048,731,900
1134.4173740106728,70.4,1.68,0,0,0,0.0,0.0,0.0,731,900
1134.5099986024975,70.4,1.68,1,0,0,3.311,2.988,2.048,731,900
1134.6530700924907,70.4,1.7131436685526595,0,0,0,0.0,0.0,0.0,731,900
1134.7479091434984,70.4,1.76,1,0,0,3.311,2.988,2.048,731,900
1134.892974129675,70.4,1.76,0,0,0,0.0,0.0,0.0,731,900
1135.006152971945,70.4,1.76,1,0,0,3.311,2.988,2.048,731,900
1135.1695973540154,70.4,1.76,0,0,0,0.0,0.0,0.0,731,900
1135.2857459698878,70.4,1.76,1,0,0,3.311,2.988,2.048,731,900
1135.4899723165593,70.4,1.76,0,0,0,0.0,0.0,0.0,731,900
1135.6095502918338,70.4,1.76,1,0,0,3.311,2.988,2.048,731,900
1135.7229324329119,70.4,1.76,1,0,1,3.994,3.474,2.656,731,900
1135.7541836542123,70.4,1.76,1,0,0,3.311,2.988,2.048,731,900
1135.8174830849086,70.4,1.76,0,0,0,0.0,0.0,0.0,731,900
1135.889608834241,70.4,1.76,1,1,0,9.246,7.695,5.518,732,900
1135.9030214704687,70.4,1.76,1,0,0,3.311,2.988,2.048,732,900
1135.9406415245858,70.4,1.76,2,0,0,7.006,5.591,4.53,732,900
1135.9662022704686,70.4,1.76,1,0,0,3.311,2.988,2.048,732,900
1136.0539503044436,61.32264383807405,1.76,2,0,0,7.006,5.591,4.53,732,900
1136.151373948062,48.8,1.76,1,0,0,3.311,2.988,2.048,732,900
1136.1921634669986,48.8,1.76,0,0,0,0.0,0.0,0.0,732,900
1136.2781795041403,48.8,1.76,1,0,0,3.311,2.988,2.048,732,900
1136.2828057050338,48.8,1.76,2,0,0,7.006,5.591,4.53,732,900
1136.42471611165,48.8,1.76,1,0,0,3.311,2.988,2.048,732,900
1136.4927242940203,48.8,1.76,0,0,0,0.0,0.0,0.0,732,900
1136.518268296746,48.8,1.76,1,0,0,3.311,2.988,2.048,732,900
1136.6230094825014,48.8,1.783441131041883,2,0,0,7.006,5.591,4.53,732,900
1136.6628906674223,48.8,1.8628563259972628,1,0,0,3.311,2.988,2.048,732,900
1136.7568392905016,48.8,1.96,0,0,0,0.0,0.0,0.0,732,900
1136.7594735695782,48.8,1.96,1,0,0,3.311,2.988,2.048,732,900
1136.8908066973847,48.8,1.96,2,0,0,7.006,5.591,4.53,732,900
1136.9069596163142,48.8,1.96,1,0,0,3.311,2.988,2.048,732,900
1136.9099808147434,48.8,1.96,2,1,0,13.279,10.07,9.16,733,900
1136.9274808147434,48.8,1.96,2,0,0,7.006,5.591,4.53,733,900
1136.9906616147437,48.8,1.96,1,0,0,3.311,2.988,2.048,733,900
1137.0065598265307,48.8,1.96,2,0,0,7.006,5.591,4.53,733,900
1137.080737505996,48.8,1.96,3,0,0,10.385,7.547,7.321,733,900
1137.1100107480693,48.8,1.96,2,0,0,7.006,5.591,4.53,733,900
1137.156701741327,48.8,1.96,1,0,0,3.311,2.988,2.048,733,900
1137.221300669535,48.8,1.96,0,0,0,0.0,0.0,0.0,733,900
1137.2475614993534,48.8,1.96,1,0,0,3.311,2.988,2.048,733,900
1137.2594015946024,48.8,1.96,2,0,0,7.006,5.591,4.53,733,900
1137.3144257708009,48.8,1.96,3,0,0,10.385,7.547,7.321,733,900
1137.4129198574597,48.8,1.96,2,0,0,7.006,5.591,4.53,733,900
1137.452963452613,48.8,1.96,3,1,0,17.589,12.354,12.134,734,900
1137.4588411843554,48.8,1.96,2,1,0,13.279,10.07,9.16,734,900
1137.47314703644,48.8,1.96,1,1,0,9.246,7.695,5.518,734,900
1137.5186513897959,48.8,1.96,2,1,0,13.279,10.07,9.16,734,900
1137.5247634526127,48.8,1.96,2,0,0,7.006,5.591,4.53,734,900
1137.5550312386356,48.8,1.96,3,0,0,10.385,7.547,7.321,734,900
1137.5808977767447,48.8,1.96,3,1,0,17.589,12.354,12.134,735,900
1137.7023136222044,48.8,1.96,2,1,0,13.279,10.07,9.16,735,900
1137.7119186727127,48.8,1.96,1,1,0,9.246,7.695,5.518,735,900
1137.7636899183813,48.8,1.96,1,0,0,3.311,2.988,2.048,735,900
1137.8016893994995,48.8,1.96,2,0,0,7.006,5.591,4.53,735,900
1137.8209259826897,48.8,1.96,3,0,0,10.385,7.547,7.321,735,900
1137.8422517366164,48.8,1.96,2,0,0,7.006,5.591,4.53,735,900
1137.9519904650824,48.8,1.96,1,0,0,3.311,2.988,2.048,735,900
1137.9866442777065,48.8,1.96,2,0,0,7.006,5.591,4.53,735,900
1138.015175860528,48.8,1.96,3,1,0,17.589,12.354,12.134,736,900
1138.017062870247,48.8,1.96,2,1,0,13.279,10.07,9.16,736,900
1138.039475860528,48.8,1.96,2,0,0,7.006,5.591,4.53,736,900
1138.0545385563921,48.8,1.96,3,0,0,10.385,7.547,7.321,736,900
1138.2076504959887,48.8,1.96,2,0,0,7.006,5.591,4.53,736,900
1138.2191583555964,48.8,1.96,1,0,0,3.311,2.988,2.048,736,900
1138.2375976584776,48.8,1.96,2,0,0,7.006,5.591,4.53,736,900
1138.3134532363122,48.8,1.96,3,0,0,10.385,7.547,7.321,736,900
1138.3298615420601,48.8,1.96,2,0,0,7.006,5.591,4.53,736,900
1138.3884288793654,48.8,1.96,3,0,0,10.385,7.547,7.321,736,900
1138.389346894915,48.8,1.96,2,0,0,7.006,5.591,4.53,736,900
1138.4457516123173,48.8,1.96,3,0,0,10.385,7.547,7.321,736,900
1138.4700965299232,48.8,1.96,2,0,0,7.006,5.591,4.53,736,900
1138.4944239686588,48.8,1.96,3,0,0,10.385,7.547,7.321,736,900
1138.675815123801,48.8,1.96,2,0,0,7.006,5.591,4.53,736,900
1138.6878203817873,48.8,1.96,1,0,0,3.311,2.988,2.048,736,900
1138.7685475770515,48.8,10.767449652452953,2,0,0,7.006,5.591,4.53,736,900
1138.7756332748875,48.8,11.868084730216399,1,0,0,3.311,2.988,2.048,736,900
1138.7973592346082,48.8,15.242819854176062,2,0,0,7.006,5.591,4.53,736,900
1138.8880756275282,48.8,17.4,3,0,0,10.385,7.547,7.321,736,900
1138.9284264730745,48.8,17.4,3,1,0,17.589,12.354,12.134,737,900
1138.9949470908125,48.8,17.4,2,1,0,13.279,10.07,9.16,737,900
1139.0082264730743,48.8,17.4,2,0,0,7.006,5.591,4.53,737,900
1139.0876697014567,48.8,17.4,1,0,0,3.311,2.988,2.048,737,900
1139.1088260607091,48.8,17.4,2,0,0,7.006,5.591,4.53,737,900
1139.1404612890747,48.8,17.4,1,0,0,3.311,2.988,2.048,737,900
1139.2037603133988,48.8,17.4,2,0,0,7.006,5.591,4.53,737,900
1139.2686211550674,48.8,17.4,3,0,0,10.385,7.547,7.321,737,900
1139.3103667039893,48.8,17.4,2,0,0,7.006,5.591,4.53,737,900
1139.4077149016298,48.8,17.4,1,0,0,3.311,2.988,2.048,737,900
1139.4285198679618,48.8,17.4,2,0,0,7.006,5.591,4.53,737,900
1139.5261308623456,50.66805056910326,17.4,1,0,0,3.311,2.988,2.048,737,900
1139.527394313874,50.83206636190311,17.4,2,0,0,7.006,5.591,4.53,737,900
1139.5624763696173,55.386266548363736,17.4,3,1,0,17.589,12.354,12.134,738,900
1139.6109763696172,61.6823260113333,17.4,3,0,0,10.385,7.547,7.321,738,900
1139.6343993143175,61.8,17.4,2,0,0,7.006,5.591,4.53,738,900
1139.7055804336171,61.8,17.4,1,0,0,3.311,2.988,2.048,738,900
1139.7347295764062,61.8,17.4,0,0,0,0.0,0.0,0.0,738,900
1139.810726320963,61.8,17.4,1,0,0,3.311,2.988,2.048,738,900
1139.8579682559532,61.8,17.4,2,0,0,7.006,5.591,4.53,738,900
1139.9663598703241,61.8,17.4,1,0,0,3.311,2.988,2.048,738,900
1140.0686645970834,61.8,17.4,0,0,0,0.0,0.0,0.0,738,900
1140.0755388147754,61.8,17.4,1,0,0,3.311,2.988,2.048,738,900
1140.2730733582414,61.8,17.4,0,0,0,0.0,0.0,0.0,738,900
1140.3665388121522,61.8,17.4,1,0,0,3.311,2.988,2.048,738,900
1140.387004158813,61.8,17.4,2,0,0,7.006,5.591,4.53,738,900
1140.5890202223995,61.8,17.4,1,0,0,3.311,2.988,2.048,738,900
1140.6265769619765,61.8,17.4,0,0,0,0.0,0.0,0.0,738,900
1140.7075812170908,61.8,17.4,1,0,0,3.311,2.988,2.048,738,900
1140.79695617306,61.8,3.9365551521199045,1,1,0,9.246,7.695,5.518,739,900
1140.9094051841423,61.8,1.55,1,0,0,3.311,2.988,2.048,739,900
1140.9138401447979,61.8,1.55,0,0,0,0.0,0.0,0.0,739,900
1141.0369654106098,61.8,1.55,1,0,0,3.311,2.988,2.048,739,900
1141.247853218437,61.8,1.55,0,0,0,0.0,0.0,0.0,739,900
1141.3631848226134,61.8,1.55,1,0,0,3.311,2.988,2.048,739,900
1141.6984168757556,61.8,1.55,0,0,0,0.0,0.0,0.0,739,900
1141.7240314423643,61.8,1.55,1,0,0,3.311,2.988,2.048,739,900
1142.0033221374824,61.8,1.55,0,0,0,0.0,0.0,0.0,739,900
1142.8645973403932,61.8,46.341345503601296,1,0,0,3.311,2.988,2.048,739,900
1143.1779502310314,53.40403377162674,86.2,0,0,0,0.0,0.0,0.0,739,900
1143.342747525368,49.1,86.2,1,0,0,3.311,2.988,2.048,739,900
1143.5978350206876,49.1,86.2,0,0,0,0.0,0.0,0.0,739,900
1145.103109114115,49.1,1.9,1,0,0,3.311,2.988,2.048,739,900
1145.4255172818587,49.1,1.9,0,0,0,0.0,0.0,0.0,739,900
1146.6184991378586,50.752488899649435,1.9,1,1,0,9.246,7.695,5.518,740,900
1146.6290558388896,53.14701338033453,1.9,1,0,0,3.311,2.988,2.048,740,900
1146.6922366388897,67.47800294480142,1.9,0,0,0,0.0,0.0,0.0,740,900
1146.7726747506738,71.9,1.9,1,0,0,3.311,2.988,2.048,740,900
1146.872577831512,71.9,1.9547899585435629,0,0,0,0.0,0.0,0.0,740,900
1146.955084572619,71.9,1.99,1,0,0,3.311,2.988,2.048,740,900
1147.088459803781,71.9,1.99,0,0,0,0.0,0.0,0.0,740,900
1147.1735673762653,71.9,1.99,1,0,0,3.311,2.988,2.048,740,900
1147.3093126868039,71.9,1.99,0,0,0,0.0,0.0,0.0,740,900
1147.3967069476655,71.9,1.99,1,0,0,3.311,2.988,2.048,740,900
1147.5347709455807,71.9,1.99,0,0,0,0.0,0.0,0.0,740,900
1147.624866355819,71.9,1.99,1,0,0,3.311,2.988,2.048,740,900
1147.7653709611109,71.9,1.99,0,0,0,0.0,0.0,0.0,740,900
1147.8579946297255,71.9,1.99,1,0,0,3.311,2.988,2.048,740,900
1148.0010605783946,71.9,1.99,0,0,0,0.0,0.0,0.0,740,900
1148.0961949963864,71.9,1.99,1,0,0,3.311,2.988,2.048,740,900
1148.1745725313424,71.9,1.99,1,0,1,3.994,3.474,2.656,740,900
1148.2031648033421,71.9,1.99,1,0,0,3.311,2.988,2.048,740,900
1148.2417934884322,71.9,1.99,0,0,0,0.0,0.0,0.0,740,900
1148.3392625968015,71.9,1.99,1,0,0,3.311,2.988,2.048,740,900
1148.4869748162243,71.9,1.99,0,0,0,0.0,0.0,0.0,740,900
1148.5870937439706,71.9,1.99,1,0,0,3.311,2.988,2.048,740,900
1148.73739665077,71.9,1.99,0,0,0,0.0,0.0,0.0,740,900
1148.8399144268926,71.9,11.890870073009538,1,0,0,3.311,2.988,2.048,740,900
1149.0299859070553,71.9,36.6,0,0,0,0.0,0.0,0.0,740,900
1149.1346408838583,71.9,36.6,1,0,0,3.311,2.988,2.048,740,900
1149.3275654650508,71.9,36.6,0,0,0,0.0,0.0,0.0,740,900
1149.3637454932937,71.9,36.6,1,1,0,9.246,7.695,5.518,741,900
1149.4094454932938,71.9,36.6,1,0,0,3.311,2.988,2.048,741,900
1149.435119198974,71.9,36.6,2,0,0,7.006,5.591,4.53,741,900
1149.5040495572937,71.9,36.6,1,0,0,3.311,2.988,2.048,741,900
1149.5996094444283,71.9,36.6,2,0,0,7.006,5.591,4.53,741,900
1149.630161703287,71.9,36.6,1,0,0,3.311,2.988,2.048,741,900
1149.7406808463302,71.9,36.6,2,0,0,7.006,5.591,4.53,741,900
1149.7432707964224,71.9,36.6,1,0,0,3.311,2.988,2.048,741,900
1149.839806988695,71.9,36.6,2,0,0,7.006,5.591,4.53,741,900
1149.9388540097634,71.9,36.6,1,0,0,3.311,2.988,2.048,741,900
1150.0245870208469,77.699814673192,36.6,0,0,0,0.0,0.0,0.0,741,900
1150.0521710779262,90.58788720748203,36.6,1,0,0,3.311,2.988,2.048,741,900
1150.1249809961575,118.2,36.6,2,0,0,7.006,5.591,4.53,741,900
1150.2247108859253,118.2,36.6,1,0,0,3.311,2.988,2.048,741,900
1150.3133484753464,118.2,36.6,0,0,0,0.0,0.0,0.0,741,900
1150.3410284652086,118.2,36.6,1,0,0,3.311,2.988,2.048,741,900
1150.4174785716955,118.2,36.6,2,0,0,7.006,5.591,4.53,741,900
1150.4176204869748,118.2,36.6,3,1,0,17.589,12.354,12.134,742,900
1150.4853204869744,118.2,36.6,3,0,0,10.385,7.547,7.321,742,900
1150.542497474882,118.2,36.6,2,0,0,7.006,5.591,4.53,742,900
1150.609194841923,118.2,36.6,1,0,0,3.311,2.988,2.048,742,900
1150.6175553029739,118.2,36.6,0,0,0,0.0,0.0,0.0,742,900
1150.6617166912847,118.2,36.6,1,0,0,3.311,2.988,2.048,742,900
1150.7169951363094,118.2,36.6,2,0,0,7.006,5.591,4.53,742,900
1150.7279747579737,118.2,36.6,3,0,0,10.385,7.547,7.321,742,900
1150.8688854800782,118.2,16.591381162224604,2,0,0,7.006,5.591,4.53,742,900
1150.9124462135753,118.2,1.68,1,0,0,3.311,2.988,2.048,742,900
1150.925561861973,118.2,1.68,0,0,0,0.0,0.0,0.0,742,900
1150.990867962602,118.2,1.68,1,0,0,3.311,2.988,2.048,742,900
1151.0242893449997,118.2,1.68,2,0,0,7.006,5.591,4.53,742,900
1151.036187879973,118.2,1.68,3,0,0,10.385,7.547,7.321,742,900
1151.1998784825164,118.2,1.68,2,0,0,7.006,5.591,4.53,742,900
1151.2242926693048,118.2,1.68,1,0,0,3.311,2.988,2.048,742,900
1151.2339599119737,118.2,1.68,0,0,0,0.0,0.0,0.0,742,900
1151.324576074161,118.2,1.68,1,0,0,3.311,2.988,2.048,742,900
1151.3397824197684,118.2,1.68,2,0,0,7.006,5.591,4.53,742,900
1151.3443666639746,118.2,1.68,3,0,0,10.385,7.547,7.321,742,900
1151.4769704007542,118.2,1.68,3,1,0,17.589,12.354,12.134,743,900
1151.5373099891945,118.2,1.68,2,1,0,13.279,10.07,9.16,743,900
1151.54265936711,118.2,1.68,1,1,0,9.246,7.695,5.518,743,900
1151.5432133839736,118.2,1.68,0,1,0,4.554,4.957,2.003,743,900
1151.5699423949698,118.2,1.68,0,0,0,0.0,0.0,0.0,743,900
1151.6536514009733,118.2,1.68,1,0,0,3.311,2.988,2.048,743,900
1151.8271656624802,118.2,1.68,2,1,0,13.279,10.07,9.16,745,900
1151.8512200409732,118.2,1.68,1,1,0,9.246,7.695,5.518,745,900
1151.9511656624804,118.2,1.68,1,0,0,3.311,2.988,2.048,745,900
1151.9624017529734,118.2,1.68,2,0,0,7.006,5.591,4.53,745,900
1152.0834004784808,118.2,1.68,1,0,0,3.311,2.988,2.048,745,900
1152.1614258241748,118.2,1.68,0,0,0,0.0,0.0,0.0,745,900
1152.2765521147849,118.2,1.68,1,0,0,3.311,2.988,2.048,745,900
1152.4792780115954,118.2,1.68,0,0,0,0.0,0.0,0.0,745,900
1152.5981909248153,118.2,1.68,1,0,0,3.311,2.988,2.048,745,900
1152.8042972712376,118.2,1.68,0,0,0,0.0,0.0,0.0,745,900
1152.927192139068,118.2,9.600988548320501,1,0,0,3.311,2.988,2.048,745,900
1152.9445781946108,118.2,18.226772968374558,2,0,0,7.006,5.591,4.53,745,900
1152.9934937560301,118.2,42.495364919130296,3,1,0,17.589,12.354,12.134,746,900
1153.0135721874028,118.2,51.4,3,0,0,10.385,7.547,7.321,746,900
1153.1379926950997,118.2,51.4,2,0,0,7.006,5.591,4.53,746,900
1153.1458070034028,118.2,51.4,1,0,0,3.311,2.988,2.048,746,900
1153.2064756878442,118.2,51.4,0,0,0,0.0,0.0,0.0,746,900
1153.2614601457663,118.2,51.4,1,0,0,3.311,2.988,2.048,746,900
1153.3996785456866,118.2,51.4,2,1,0,13.279,10.07,9.16,747,900
1153.4649617650173,92.84383569309408,51.4,1,1,0,9.246,7.695,5.518,747,900
1153.5086785456867,71.8234264183229,51.4,1,0,0,3.311,2.988,2.048,747,900
1153.5862680934752,70.2,51.4,2,0,0,7.006,5.591,4.53,747,900
1153.640913361687,70.2,51.4,1,0,0,3.311,2.988,2.048,747,900
1153.795401263819,70.2,51.4,0,0,0,0.0,0.0,0.0,747,900
1154.1195497475405,70.2,51.4,1,0,0,3.311,2.988,2.048,747,900
1154.3769221603234,70.2,51.4,0,0,0,0.0,0.0,0.0,747,900
1154.91709593914,70.2,49.13770127180175,0,1,0,4.554,4.957,2.003,748,900
1155.0100679333557,70.2,6.803142639027662,0,0,0,0.0,0.0,0.0,748,900
1155.8417870324809,70.2,6.29,1,0,0,3.311,2.988,2.048,748,900
1156.2029743731314,70.2,6.29,0,0,0,0.0,0.0,0.0,748,900
1156.82906809937,70.2,6.29,1,0,0,3.311,2.988,2.048,748,900
1157.2325045175915,51.0,1.67,0,0,0,0.0,0.0,0.0,748,900
1157.3842999156857,51.0,1.67,1,0,0,3.311,2.988,2.048,748,900
1158.210300117121,51.0,1.67,0,0,0,0.0,0.0,0.0,748,900
1158.2308416309586,51.0,1.67,1,0,0,3.311,2.988,2.048,748,900
1158.6945247586434,51.0,1.67,0,0,0,0.0,0.0,0.0,748,900
1159.998526614643,51.0,1.74,1,1,0,9.246,7.695,5.518,749,900
1160.1115266146428,51.0,1.74,1,0,0,3.311,2.988,2.048,749,900
1160.2437614306427,51.0,1.74,0,0,0,0.0,0.0,0.0,749,900
1162.9898692128409,52.4,1.72,1,1,0,9.246,7.695,5.518,750,900
1163.0611692128412,52.4,7.688601467180955,1,0,0,3.311,2.988,2.048,750,900
1163.1934040288406,52.4,13.9,0,0,0,0.0,0.0,0.0,750,900
1163.3074234838414,52.4,13.9,1,0,0,3.311,2.988,2.048,750,900
1163.5086105878413,52.4,13.9,0,0,0,0.0,0.0,0.0,750,900
1163.6228366058422,52.4,13.9,1,0,0,3.311,2.988,2.048,750,900
1163.8242086378416,125.8,13.9,0,0,0,0.0,0.0,0.0,750,900
1163.9382153898418,125.8,13.9,1,0,0,3.311,2.988,2.048,750,900
1164.0766164956417,125.8,13.9,2,0,0,7.006,5.591,4.53,750,900
1164.1406621098417,125.8,13.9,1,0,0,3.311,2.988,2.048,750,900
1164.1528756853206,125.8,13.9,2,1,0,13.279,10.07,9.16,751,900
1164.1660413996065,125.8,13.9,2,0,0,7.006,5.591,4.53,751,900
1164.2292221996063,125.8,13.9,1,0,0,3.311,2.988,2.048,751,900
1164.2547001268417,125.8,13.9,2,0,0,7.006,5.591,4.53,751,900
1164.3093640270806,125.8,13.9,1,0,0,3.311,2.988,2.048,751,900
1164.3189604591773,125.8,13.9,2,0,0,7.006,5.591,4.53,751,900
1164.4558687668416,125.8,13.9,1,0,0,3.311,2.988,2.048,751,900
1164.4591827793201,125.8,13.9,0,0,0,0.0,0.0,0.0,751,900
1164.5519477668913,125.8,13.9,1,0,0,3.311,2.988,2.048,751,900
1164.5699911038414,125.8,13.9,2,0,0,7.006,5.591,4.53,751,900
1164.6959998550342,125.8,13.9,1,0,0,3.311,2.988,2.048,751,900
1164.7714644478408,125.8,13.9,0,0,0,0.0,0.0,0.0,751,900
1164.7918073136047,125.8,13.9,1,0,0,3.311,2.988,2.048,751,900
1164.881616157114,125.8,13.9,2,0,0,7.006,5.591,4.53,751,900
1164.938703889747,125.8,13.9,1,0,0,3.311,2.988,2.048,751,900
1165.0376745893186,125.8,10.80741957317925,2,0,0,7.006,5.591,4.53,751,900
1165.0793336606512,125.8,5.839834964213946,1,0,0,3.311,2.988,2.048,751,900
1165.1875673654615,125.8,2.04,0,0,0,0.0,0.0,0.0,751,900
1165.1930014970335,125.8,2.04,1,0,0,3.311,2.988,2.048,751,900
1165.289687897033,125.8,2.04,2,0,0,7.006,5.591,4.53,751,900
1165.3938289546793,125.8,2.04,1,0,0,3.311,2.988,2.048,751,900
1165.4423690651765,125.8,2.04,0,0,0,0.0,0.0,0.0,751,900
1165.51120825017,125.8,2.04,1,0,0,3.311,2.988,2.048,751,900
1165.5477217637476,125.8,2.04,2,0,0,7.006,5.591,4.53,751,900
1165.577633149966,125.8,2.04,2,1,0,13.279,10.07,9.16,752,900
1165.6861506300932,125.8,2.04,2,0,0,7.006,5.591,4.53,752,900
1165.70391180389,125.8,2.04,1,0,0,3.311,2.988,2.048,752,900
1165.7164594219234,125.8,2.04,0,0,0,0.0,0.0,0.0,752,900
1165.8124287054613,125.8,2.04,1,0,0,3.311,2.988,2.048,752,900
1165.837490717522,125.8,2.04,2,0,0,7.006,5.591,4.53,752,900
1165.978707898127,125.8,2.04,3,1,0,17.589,12.354,12.134,753,900
1166.0085002896033,125.8,2.04,2,1,0,13.279,10.07,9.16,753,900
1166.009123739711,125.8,2.04,2,0,0,7.006,5.591,4.53,753,900
1166.0461857633836,125.8,2.04,1,0,0,3.311,2.988,2.048,753,900
1166.120444424746,125.8,2.04,2,0,0,7.006,5.591,4.53,753,900
1166.141358555711,125.8,2.04,1,0,0,3.311,2.988,2.048,753,900
1166.170839526091,125.8,2.04,2,0,0,7.006,5.591,4.53,753,900
1166.3283384087474,125.8,2.04,1,0,0,3.311,2.988,2.048,753,900
1166.3582272063752,125.8,2.04,2,1,0,13.279,10.07,9.16,754,900
1166.3828369740627,125.8,2.04,1,1,0,9.246,7.695,5.518,754,900
1166.405527206375,125.8,2.04,1,0,0,3.311,2.988,2.048,754,900
1166.449581448747,125.8,2.04,2,0,0,7.006,5.591,4.53,754,900
1166.5377620223746,125.8,2.04,1,0,0,3.311,2.988,2.048,754,900
1166.6582388247466,125.8,2.04,0,0,0,0.0,0.0,0.0,754,900
1166.6791574172717,125.8,2.04,1,0,0,3.311,2.988,2.048,754,900
1166.7794735427467,125.8,2.04,2,0,0,7.006,5.591,4.53,754,900
1166.9376002782863,125.8,2.04,1,0,0,3.311,2.988,2.048,754,900
1166.9879144707472,125.8,2.04,0,0,0,0.0,0.0,0.0,754,900
1167.0081480425877,125.8,2.04,0,1,0,4.554,4.957,2.003,755,900
1167.109786103903,125.8,30.309810815873785,1,1,0,9.246,7.695,5.518,755,900
1167.173303820588,118.52696008250092,31.0,1,0,0,3.311,2.988,2.048,755,900
1167.318985890546,114.0,31.0,0,0,0,0.0,0.0,0.0,755,900
1167.6151891795946,114.0,31.0,1,0,0,3.311,2.988,2.048,755,900
1167.873511756075,114.0,31.0,0,0,0,0.0,0.0,0.0,755,900
1168.010543642118,114.0,31.0,1,1,0,9.246,7.695,5.518,756,900
1168.150543642118,114.0,31.0,1,0,0,3.311,2.988,2.048,756,900
1168.2827784581177,114.0,31.0,0,0,0,0.0,0.0,0.0,756,900
1169.0177586883538,114.0,29.11173955839819,1,1,0,9.246,7.695,5.518,757,900
1169.1091422745944,114.0,2.5517236072685954,1,0,0,3.311,2.988,2.048,757,900
1169.2413770905948,114.0,1.75,0,0,0,0.0,0.0,0.0,757,900
1173.0626480605968,77.2,1.66,1,0,0,3.311,2.988,2.048,757,900
1173.3188789718697,77.2,54.2,0,0,0,0.0,0.0,0.0,757,900
1174.1452494363887,58.2,54.2,1,1,0,9.246,7.695,5.518,758,900
1174.1854494363888,58.2,54.2,1,0,0,3.311,2.988,2.048,758,900
1174.2800535003885,58.2,54.2,0,0,0,0.0,0.0,0.0,758,900
1174.3792623912254,58.2,54.2,1,0,0,3.311,2.988,2.048,758,900
1174.528903000647,58.2,54.2,0,0,0,0.0,0.0,0.0,758,900
1174.6317533445783,58.2,54.2,1,0,0,3.311,2.988,2.048,758,900
1174.822903344095,58.2,54.2,0,0,0,0.0,0.0,0.0,758,900
1174.9300579967073,58.2,54.2,1,0,0,3.311,2.988,2.048,758,900
1175.125241968904,58.2,49.531716603113175,0,0,0,0.0,0.0,0.0,758,900
1175.2365792681965,58.2,18.6,1,0,0,3.311,2.988,2.048,758,900
1175.4355585570736,58.2,18.6,0,0,0,0.0,0.0,0.0,758,900
1175.5510125800463,58.2,18.6,1,0,0,3.311,2.988,2.048,758,900
1175.7541732016025,58.2,18.6,0,0,0,0.0,0.0,0.0,758,900
1175.874116587256,58.2,18.6,1,0,0,3.311,2.988,2.048,758,900
1176.081720377958,58.2,18.6,0,0,0,0.0,0.0,0.0,758,900
1176.197321154988,58.2,18.6,1,0,0,3.311,2.988,2.048,758,900
1176.4003098539697,58.2,18.6,0,0,0,0.0,0.0,0.0,758,900
1176.5351534250728,58.2,18.6,0,0,1,0.528,0.57,0.438,758,900
1176.5877356970727,58.2,18.6,0,0,0,0.0,0.0,0.0,758,900
1176.7134138032854,58.2,18.6,1,1,0,9.246,7.695,5.518,759,900
1176.7271690271662,58.2,18.6,1,0,0,3.311,2.988,2.048,759,900
1176.8217730911665,58.2,18.6,0,0,0,0.0,0.0,0.0,759,900
1176.914079115913,58.2,18.6,1,0,0,3.311,2.988,2.048,759,900
1177.0567518145695,58.2,18.6,0,0,0,0.0,0.0,0.0,759,900
1177.152243979689,58.2,18.6,1,0,0,3.311,2.988,2.048,759,900
1177.2987624677191,58.2,36.483625754735996,0,0,0,0.0,0.0,0.0,759,900
1177.3976912692117,59.74444563872515,39.1,1,0,0,3.311,2.988,2.048,759,900
1177.5474593546148,60.0,39.1,0,0,0,0.0,0.0,0.0,759,900
1177.6495374984804,60.0,39.1,1,0,0,3.311,2.988,2.048,759,900
1177.7427172970743,60.0,39.1,2,1,0,13.279,10.07,9.16,760,900
1177.7686172970741,60.0,39.1,2,0,0,7.006,5.591,4.53,760,900
1177.8023455086109,60.0,39.1,3,0,0,10.385,7.547,7.321,760,900
1177.8024287492567,60.0,39.1,2,0,0,7.006,5.591,4.53,760,900
1177.863221361074,60.0,39.1,1,0,0,3.311,2.988,2.048,760,900
1177.9077939644956,60.0,39.1,2,0,0,7.006,5.591,4.53,760,900
1177.9517093119334,60.0,39.1,3,0,0,10.385,7.547,7.321,760,900
1178.0636794846446,60.0,39.1,2,0,0,7.006,5.591,4.53,760,900
1178.0672701657388,60.0,39.1,1,0,0,3.311,2.988,2.048,760,900
1178.0905279595643,60.0,39.1,0,0,0,0.0,0.0,0.0,760,900
1178.1722142012568,60.0,39.1,1,0,0,3.311,2.988,2.048,760,900
1178.1819502108235,60.0,39.1,2,0,0,7.006,5.591,4.53,760,900
1178.3243628078535,60.0,39.1,1,0,0,3.311,2.988,2.048,760,900
1178.3691733507785,60.0,39.1,0,0,0,0.0,0.0,0.0,760,900
1178.4189698555117,60.0,39.1,1,0,0,3.311,2.988,2.048,760,900
1178.4814176496745,60.0,39.1,2,0,0,7.006,5.591,4.53,760,900
1178.5643802099419,60.0,39.1,1,0,0,3.311,2.988,2.048,760,900
1178.66188476,60.0,39.1,2,0,0,7.006,5.591,4.53,760,900
1178.6817458064809,60.0,39.1,1,0,0,3.311,2.988,2.048,760,900
1178.7979342816602,60.0,39.1,2,0,0,7.006,5.591,4.53,760,900
1178.8101664398293,60.0,39.1,1,0,0,3.311,2.988,2.048,760,900
1178.9107062212865,60.0,39.1,2,0,0,7.006,5.591,4.53,760,900
1179.0012824857495,60.0,39.1,1,0,0,3.311,2.988,2.048,760,900
1179.0617303305155,60.0,39.1,0,0,0,0.0,0.0,0.0,760,900
1179.1210345932132,60.0,39.1,1,0,0,3.311,2.988,2.048,760,900
1179.1651877733723,60.0,39.1,2,0,0,7.006,5.591,4.53,760,900
1179.3289391005856,60.0,1.84,1,0,0,3.311,2.988,2.048,760,900
1179.3570336720002,60.0,1.84,0,0,0,0.0,0.0,0.0,760,900
1179.452313014332,60.0,1.84,1,0,0,3.311,2.988,2.048,760,900
1179.463912880028,60.0,1.84,2,0,0,7.006,5.591,4.53,760,900
1179.6588399688274,60.0,1.84,1,0,0,3.311,2.988,2.048,760,900
1179.6637032969893,60.0,1.84,0,0,0,0.0,0.0,0.0,760,900
1179.769375536026,60.0,1.84,1,0,0,3.311,2.988,2.048,761,900
1179.9670348549964,60.0,1.84,0,0,0,0.0,0.0,0.0,761,900
1180.0024769183347,60.0,1.84,0,1,0,4.554,4.957,2.003,762,900
1180.080846237365,60.0,1.84,1,1,0,9.246,7.695,5.518,762,900
1180.2182955380194,60.0,1.84,2,1,0,13.279,10.07,9.16,762,900
1180.2827740425055,60.0,1.84,1,1,0,9.246,7.695,5.518,762,900
1180.3076326963344,60.0,1.84,1,0,0,3.311,2.988,2.048,762,900
1180.3970868183635,60.0,1.84,2,1,0,13.279,10.07,9.16,763,900
1180.4010384369626,60.0,1.84,3,1,0,17.589,12.354,12.134,763,900
1180.4779602548524,60.0,1.84,2,1,0,13.279,10.07,9.16,763,900
1180.5000868183636,60.0,1.84,2,0,0,7.006,5.591,4.53,763,900
1180.607637946047,60.0,1.84,1,0,0,3.311,2.988,2.048,763,900
1180.6323216343637,60.0,1.84,0,0,0,0.0,0.0,0.0,763,900
1180.7298748765918,60.0,1.84,1,0,0,3.311,2.988,2.048,763,900
1180.9396773656304,53.97614210127062,1.84,0,0,0,0.0,0.0,0.0,763,900
1181.1440928715115,38.6,1.84,1,0,0,3.311,2.988,2.048,763,900
1181.180994575588,38.6,1.84,2,1,0,13.279,10.07,9.16,764,900
1181.2411945755885,38.6,19.772056098969728,2,0,0,7.006,5.591,4.53,764,900
1181.3357986395874,38.6,63.2,1,0,0,3.311,2.988,2.048,764,900
1181.3950644157014,38.6,63.2,0,0,0,0.0,0.0,0.0,764,900
1181.438806063587,38.6,63.2,1,0,0,3.311,2.988,2.048,764,900
1181.6287866395871,38.6,63.2,0,0,0,0.0,0.0,0.0,764,900
1181.731862479587,38.6,63.2,1,0,0,3.311,2.988,2.048,764,900
1181.884921551587,38.6,63.2,0,0,0,0.0,0.0,0.0,764,900
1181.987902798587,38.6,63.2,1,0,0,3.311,2.988,2.048,764,900
1182.1734131161163,38.6,63.2,2,1,0,13.279,10.07,9.16,765,900
1182.178856087802,38.6,63.2,1,1,0,9.246,7.695,5.518,765,900
1182.1905432276405,38.6,63.2,1,0,0,3.311,2.988,2.048,765,900
1182.2851472916402,38.6,63.2,0,0,0,0.0,0.0,0.0,765,900
1182.2857202084645,38.6,63.2,1,0,0,3.311,2.988,2.048,765,900
1182.3895979544873,38.6,63.2,2,0,0,7.006,5.591,4.53,765,900
1182.4801916764768,38.6,63.2,1,0,0,3.311,2.988,2.048,765,900
1182.5445297283534,38.6,63.2,0,0,0,0.0,0.0,0.0,765,900
1182.5908953829378,38.6,63.2,1,0,0,3.311,2.988,2.048,765,900
1182.652967591331,38.6,63.2,2,0,0,7.006,5.591,4.53,765,900
1182.7892710457488,38.6,63.2,1,0,0,3.311,2.988,2.048,765,900
1182.8497545023276,38.6,63.2,0,0,0,0.0,0.0,0.0,765,900
1182.904186977008,38.6,63.2,1,0,0,3.311,2.988,2.048,765,900
1182.9628918134545,38.6,63.2,2,0,0,7.006,5.591,4.53,765,900
1183.0947824968657,38.6,63.2,3,1,0,17.589,12.354,12.134,766,900
1183.1045330378374,38.6,63.2,3,0,0,10.385,7.547,7.321,766,900
1183.1072842746175,38.6,63.2,2,0,0,7.006,5.591,4.53,766,900
1183.1641078366,38.6,63.2,1,0,0,3.311,2.988,2.048,766,900
1183.1677138378375,38.6,63.2,0,0,0,0.0,0.0,0.0,766,900
1183.2260162126747,38.6,63.2,1,0,0,3.311,2.988,2.048,766,900
1183.2423542032366,38.6,63.2,2,0,0,7.006,5.591,4.53,766,900
1183.2818229338745,38.6,63.2,3,0,0,10.385,7.547,7.321,766,900
1183.3364043867132,38.6,52.0251100846639,2,0,0,7.006,5.591,4.53,766,900
1183.4127824755776,38.6,17.2,3,0,0,10.385,7.547,7.321,766,900
1183.4321565210814,38.6,17.2,2,0,0,7.006,5.591,4.53,766,900
1183.487229413168,38.6,17.2,1,0,0,3.311,2.988,2.048,766,900
1183.508903215519,38.6,17.2,0,0,0,0.0,0.0,0.0,766,900
1183.555011818937,38.6,17.2,1,0,0,3.311,2.988,2.048,766,900
1183.5871253988487,38.6,17.2,2,0,0,7.006,5.591,4.53,766,900
1183.609456373592,38.6,17.2,3,0,0,10.385,7.547,7.321,766,900
1183.6847775592557,38.6,17.2,2,0,0,7.006,5.591,4.53,766,900
1183.76476780205,38.6,17.2,3,0,0,10.385,7.547,7.321,766,900
1183.7653753621416,38.6,17.2,2,0,0,7.006,5.591,4.53,766,900
1183.8194393250342,38.6,17.2,1,0,0,3.311,2.988,2.048,766,900
1183.8961166629222,38.6,17.2,0,0,0,0.0,0.0,0.0,766,900
1183.9783228322597,38.6,17.2,1,0,0,3.311,2.988,2.048,766,900
1184.1108154916747,38.6,17.2,0,0,0,0.0,0.0,0.0,766,900
1184.1949155395548,38.6,17.2,1,0,0,3.311,2.988,2.048,766,900
1184.329395997512,50.8,17.2,0,0,0,0.0,0.0,0.0,766,900
1184.369708188362,50.8,17.2,1,0,0,3.311,2.988,2.048,766,900
1184.4157264979349,50.8,17.2,2,0,0,7.006,5.591,4.53,766,900
1184.5529586264347,50.8,17.2,1,0,0,3.311,2.988,2.048,766,900
1184.6414254724002,50.8,17.2,2,0,0,7.006,5.591,4.53,766,900
1184.6978497361665,50.8,17.2,1,0,0,3.311,2.988,2.048,766,900
1184.7809046954424,50.8,17.2,0,0,0,0.0,0.0,0.0,766,900
1184.8323393397957,50.8,17.2,1,0,0,3.311,2.988,2.048,766,900
1184.8715521709494,50.8,17.2,2,0,0,7.006,5.591,4.53,766,900
1185.012247512535,50.8,17.2,1,0,0,3.311,2.988,2.048,766,900
1185.104983876585,50.8,17.2,2,0,0,7.006,5.591,4.53,766,900
1185.126301402261,50.8,17.2,1,0,0,3.311,2.988,2.048,766,900
1185.2484431127134,50.8,17.2,0,0,0,0.0,0.0,0.0,766,900
1185.3433000413065,50.8,17.2,1,0,0,3.311,2.988,2.048,766,900
1185.4887210919774,50.8,67.31900163911497,0,0,0,0.0,0.0,0.0,766,900
1185.5856588101133,50.8,82.1,1,0,0,3.311,2.988,2.048,766,900
1185.7327365873268,50.8,82.1,0,0,0,0.0,0.0,0.0,766,900
1185.8319105540052,50.8,82.1,1,0,0,3.311,2.988,2.048,766,900
1185.9133829186078,50.8,82.1,2,0,0,7.006,5.591,4.53,766,900
1185.981552737761,50.8,82.1,1,0,0,3.311,2.988,2.048,766,900
1186.0826170289815,50.8,82.1,2,0,0,7.006,5.591,4.53,766,900
1186.192673613726,50.8,82.1,1,0,0,3.311,2.988,2.048,766,900
1186.23387040328,50.8,82.1,0,0,0,0.0,0.0,0.0,766,900
1186.27887600228,50.8,82.1,1,0,0,3.311,2.988,2.048,766,900
1186.4708114151213,50.8,82.1,0,0,0,0.0,0.0,0.0,766,900
1186.5770254607971,50.8,82.1,1,0,0,3.311,2.988,2.048,766,900
1186.7707585927567,50.8,82.1,0,0,0,0.0,0.0,0.0,766,900
1186.882350071899,50.8,82.1,1,0,0,3.311,2.988,2.048,766,900
1187.081596346924,50.8,82.1,0,0,0,0.0,0.0,0.0,766,900
1187.195607722132,50.8,82.1,1,0,0,3.311,2.988,2.048,766,900
1187.397279716223,50.8,82.1,0,0,0,0.0,0.0,0.0,766,900
1187.5137710204967,50.8,61.9,1,0,0,3.311,2.988,2.048,766,900
1187.7185159016535,51.91905134608366,61.9,0,0,0,0.0,0.0,0.0,766,900
1187.8376482509939,67.1,61.9,1,0,0,3.311,2.988,2.048,766,900
1187.8431136907386,67.1,61.9,2,1,0,13.279,10.07,9.16,767,900
1187.8610088363694,67.1,61.9,2,0,0,7.006,5.591,4.53,767,900
1187.9556129003697,67.1,61.9,1,0,0,3.311,2.988,2.048,767,900
1188.044407747217,67.1,61.9,0,0,0,0.0,0.0,0.0,767,900
1188.0628165622336,67.1,61.9,1,0,0,3.311,2.988,2.048,767,900
1188.1661229056233,67.1,61.9,2,0,0,7.006,5.591,4.53,767,900
1188.2576001722143,67.1,61.9,1,0,0,3.311,2.988,2.048,767,900
1188.3697266190102,67.1,61.9,2,0,0,7.006,5.591,4.53,767,900
1188.3750957049124,67.1,61.9,1,0,0,3.311,2.988,2.048,767,900
1188.5696094619234,67.1,61.9,0,0,0,0.0,0.0,0.0,767,900
1188.6865558146512,67.1,61.9,1,0,0,3.311,2.988,2.048,767,900
1188.891978626496,67.1,61.9,0,0,0,0.0,0.0,0.0,767,900
1189.013740979156,67.1,61.9,1,0,0,3.311,2.988,2.048,767,900
1189.0892019238506,67.1,61.9,1,0,1,3.994,3.474,2.656,767,900
1189.1244951083193,67.1,61.9,1,0,0,3.311,2.988,2.048,767,900
1189.2232164639322,67.1,61.9,0,0,0,0.0,0.0,0.0,767,900
1190.2786405003226,67.1,48.0,1,1,0,9.246,7.695,5.518,768,900
1190.296740500323,67.1,48.0,1,0,0,3.311,2.988,2.048,768,900
1190.359921300323,67.1,48.0,0,0,0,0.0,0.0,0.0,768,900
1190.4465308396566,67.1,48.0,1,0,0,3.311,2.988,2.048,768,900
1190.5526640536568,67.1,48.0,0,0,0,0.0,0.0,0.0,768,900
1190.6416944559903,67.1,48.0,1,0,0,3.311,2.988,2.048,768,900
1190.78165205399,67.1,48.0,0,0,0,0.0,0.0,0.0,768,900
1190.8736942269902,67.1,48.0,1,0,0,3.311,2.988,2.048,768,900
1191.0164328436558,67.1,48.0,0,0,0,0.0,0.0,0.0,768,900
1191.1111726443223,67.1,48.0,1,0,0,3.311,2.988,2.048,768,900
1191.1710979407017,47.83028131159044,48.0,2,1,0,13.279,10.07,9.16,769,900
1191.190790248394,41.48611920229797,48.0,2,0,0,7.006,5.591,4.53,769,900
1191.2566408876555,34.6,48.0,1,0,0,3.311,2.988,2.048,769,900
1191.3230250643937,34.6,48.0,0,0,0,0.0,0.0,0.0,769,900
1191.354492776989,34.6,48.0,1,0,0,3.311,2.988,2.048,769,900
1191.4372756358466,34.6,48.0,2,0,0,7.006,5.591,4.53,769,900
1191.5028125669883,34.6,48.0,1,0,0,3.311,2.988,2.048,769,900
1191.603603653988,34.6,5.5260371567294655,2,0,0,7.006,5.591,4.53,769,900
1191.616105505524,34.6,1.78,3,0,0,10.385,7.547,7.321,769,900
1191.6393615913419,34.6,1.78,2,0,0,7.006,5.591,4.53,769,900
1191.7548957266545,34.6,1.78,1,0,0,3.311,2.988,2.048,769,900
1191.7591606061364,34.6,1.78,2,0,0,7.006,5.591,4.53,769,900
1191.8586085023207,34.6,1.78,3,0,0,10.385,7.547,7.321,769,900
1191.8726637977836,34.6,1.78,2,0,0,7.006,5.591,4.53,769,900
1191.9667733699728,34.6,1.78,1,0,0,3.311,2.988,2.048,769,900
1192.0128440576534,34.6,1.78,0,0,0,0.0,0.0,0.0,769,900
1192.1193024629865,34.6,1.78,1,0,0,3.311,2.988,2.048,769,900
1192.2760626849863,34.6,1.78,0,0,0,0.0,0.0,0.0,769,900
1192.3855818489865,34.6,1.78,1,0,0,3.311,2.988,2.048,769,900
1192.5824468976532,34.6,1.78,0,0,0,0.0,0.0,0.0,769,900
1192.6954363869868,34.6,1.78,1,0,0,3.311,2.988,2.048,769,900
1192.8962658729868,34.6,1.78,0,0,0,0.0,0.0,0.0,769,900
1193.012317402653,34.6,1.78,1,0,0,3.311,2.988,2.048,769,900
1193.2167409899864,34.6,1.78,0,0,0,0.0,0.0,0.0,769,900
1193.3363955169866,34.6,1.78,1,0,0,3.311,2.988,2.048,769,900
1193.5437774235738,34.6,3.3035542151659465,0,0,0,0.0,0.0,0.0,769,900
1193.6670354172168,34.6,6.53,1,0,0,3.311,2.988,2.048,769,900
1193.8780633348874,34.6,6.53,0,0,0,0.0,0.0,0.0,769,900
1194.1136429808869,34.6,6.53,1,0,0,3.311,2.988,2.048,769,900
1194.2806879180887,34.6,6.53,2,1,0,13.279,10.07,9.16,770,900
1194.2980112263597,34.6,6.53,2,0,0,7.006,5.591,4.53,770,900
1194.3153234513284,34.6,6.53,3,1,0,17.589,12.354,12.134,771,900
1194.3251341108516,34.6,6.53,2,1,0,13.279,10.07,9.16,771,900
1194.335202657381,34.6,6.53,3,1,0,17.589,12.354,12.134,771,900
1194.3926152903596,34.6,6.53,2,1,0,13.279,10.07,9.16,771,900
1194.4095234513281,34.6,6.53,2,0,0,7.006,5.591,4.53,771,900
1194.4737632611618,34.6,6.53,3,1,0,17.589,12.354,12.134,772,900
1194.5094632611617,34.6,6.53,3,0,0,10.385,7.547,7.321,772,900
1194.6040673251616,34.6,6.53,2,0,0,7.006,5.591,4.53,772,900
1194.6533947270661,34.6,6.53,1,0,0,3.311,2.988,2.048,772,900
1194.713070482695,34.6,6.53,2,0,0,7.006,5.591,4.53,772,900
1194.7625736715174,34.6,6.53,3,0,0,10.385,7.547,7.321,772,900
1194.802534344668,34.6,6.53,2,0,0,7.006,5.591,4.53,772,900
1194.904304927257,32.1025018838079,6.53,3,1,0,17.589,12.354,12.134,773,900
1194.9096705447223,31.95768221095692,6.53,2,1,0,13.279,10.07,9.16,773,900
1194.9221653923735,31.9,6.53,2,0,0,7.006,5.591,4.53,773,900
1194.9474167766682,31.9,6.53,2,0,1,7.412,5.635,5.165,773,900
1194.9601082149836,31.9,6.53,1,0,1,3.994,3.474,2.656,773,900
1194.9988281491078,31.9,6.53,2,0,1,7.412,5.635,5.165,773,900
1195.0167694563736,31.9,6.53,1,0,1,3.994,3.474,2.656,773,900
1195.0237321382156,31.9,6.53,2,0,1,7.412,5.635,5.165,773,900
1195.0740390155547,31.9,6.53,3,0,1,11.271,8.091,7.803,773,900
1195.086628072668,31.9,6.53,3,0,0,10.385,7.547,7.321,773,900
1195.2562005618909,31.9,6.53,2,0,0,7.006,5.591,4.53,773,900
1195.2760550791413,31.9,6.53,1,0,0,3.311,2.988,2.048,773,900
1195.3185059544358,31.9,6.53,0,0,0,0.0,0.0,0.0,773,900
1195.3445842346568,31.9,6.53,1,0,0,3.311,2.988,2.048,773,900
1195.394616073833,31.9,6.53,2,0,0,7.006,5.591,4.53,773,900
1195.4304981946293,31.9,6.53,3,0,0,10.385,7.547,7.321,773,900
1195.5520948006044,31.9,6.53,2,0,0,7.006,5.591,4.53,773,900
1195.6008750015394,31.9,6.53,1,0,0,3.311,2.988,2.048,773,900
1195.6302456549777,31.9,15.602516860994864,0,0,0,0.0,0.0,0.0,773,900
1195.6760636020176,31.9,37.81384426396411,1,0,0,3.311,2.988,2.048,773,900
1195.7240002673518,31.9,55.1,2,0,0,7.006,5.591,4.53,773,900
1195.7470483934121,31.9,55.1,3,0,0,10.385,7.547,7.321,773,900
1195.8877624919257,31.9,55.1,2,0,0,7.006,5.591,4.53,773,900
1195.9348880751793,31.9,55.1,1,0,0,3.311,2.988,2.048,773,900
1195.952326415002,31.9,55.1,0,0,0,0.0,0.0,0.0,773,900
1195.9687471387217,31.9,55.1,1,1,0,9.246,7.695,5.518,774,900
1195.9917871387215,31.9,55.1,1,0,0,3.311,2.988,2.048,774,900
1196.0739357456766,31.9,55.1,2,0,0,7.006,5.591,4.53,774,900
1196.1240219547221,31.9,55.1,1,0,0,3.311,2.988,2.048,774,900
1196.2745593366697,31.9,55.1,2,1,0,13.279,10.07,9.16,775,900
1196.2832570325068,31.9,55.1,1,1,0,9.246,7.695,5.518,775,900
1196.3299593366696,31.9,55.1,1,0,0,3.311,2.988,2.048,775,900
1196.4621941526698,31.9,55.1,0,0,0,0.0,0.0,0.0,775,900
1198.0062378903024,31.9,275.2050516649241,1,0,0,3.311,2.988,2.048,775,900
1198.282993633301,31.9,287.0,2,0,0,7.006,5.591,4.53,775,900
1198.290639586303,31.9,287.0,1,0,0,3.311,2.988,2.048,775,900
1198.608009123493,29.6,287.0,0,0,0,0.0,0.0,0.0,775,900
1198.6759836444219,29.6,287.0,1,0,0,3.311,2.988,2.048,775,900
1199.004926953116,29.6,287.0,0,0,0,0.0,0.0,0.0,775,900
1199.842099914974,29.6,287.0,1,0,0,3.311,2.988,2.048,775,900
1200.1882973162592,29.6,1.98,2,0,0,7.006,5.591,4.53,775,900
1200.2575946049244,29.6,1.98,1,0,0,3.311,2.988,2.048,775,900
1200.6261882743738,29.6,1.98,0,0,0,0.0,0.0,0.0,775,900
1201.6485173227843,29.6,1.98,1,1,0,9.246,7.695,5.518,776,900
1201.6621706561177,29.6,1.98,1,0,0,3.311,2.988,2.048,776,900
1201.7567747201174,29.6,1.98,0,0,0,0.0,0.0,0.0,776,900
1201.848714088562,29.6,1.98,1,0,0,3.311,2.988,2.048,776,900
1201.9910166759691,29.6,54.73923425653393,0,0,0,0.0,0.0,0.0,776,900
1202.0861180001543,18.13172246908743,68.2,1,0,0,3.311,2.988,2.048,776,900
1202.232242192302,14.2,68.2,0,0,0,0.0,0.0,0.0,776,900
1202.3307559682282,14.2,68.2,1,0,0,3.311,2.988,2.048,776,900
1202.4801055731175,14.2,68.2,0,0,0,0.0,0.0,0.0,776,900
1202.5817445067842,14.2,68.2,1,0,0,3.311,2.988,2.048,776,900
1202.7341930924142,14.2,68.2,0,0,0,0.0,0.0,0.0,776,900
1202.839094912822,14.2,68.2,1,0,0,3.311,2.988,2.048,776,900
1202.9945135831924,14.2,68.2,0,0,0,0.0,0.0,0.0,776,900
1203.1207250721923,14.2,68.2,1,0,0,3.311,2.988,2.048,776,900
1203.3348945761923,14.2,68.2,0,0,0,0.0,0.0,0.0,776,900
1203.461084304192,14.2,68.2,1,0,0,3.311,2.988,2.048,776,900
1203.674891472193,14.2,68.2,0,0,0,0.0,0.0,0.0,776,900
1203.714915583008,14.2,68.2,1,1,0,9.246,7.695,5.518,777,900
1203.7578155830079,14.2,68.2,1,0,0,3.311,2.988,2.048,777,900
1203.8014423509098,14.2,68.2,2,0,0,7.006,5.591,4.53,777,900
1203.8524196470078,14.2,68.2,1,0,0,3.311,2.988,2.048,777,900
1203.9447996606937,14.2,68.2,2,0,0,7.006,5.591,4.53,777,900
1204.0152189085995,14.2,68.2,1,0,0,3.311,2.988,2.048,777,900
1204.0875470454769,14.2,68.2,0,0,0,0.0,0.0,0.0,777,900
1204.1458610200984,14.2,68.2,1,0,0,3.311,2.988,2.048,777,900
1204.183118079843,14.2,68.2,2,0,0,7.006,5.591,4.53,777,900
1204.329716134306,14.2,68.2,1,0,0,3.311,2.988,2.048,777,900
1204.3647214815696,14.2,68.2,0,0,0,0.0,0.0,0.0,777,900
1204.428728685352,14.2,68.2,1,0,0,3.311,2.988,2.048,777,900
1204.4995129998501,14.2,68.2,2,0,0,7.006,5.591,4.53,777,900
1204.578581217495,14.2,68.2,1,0,0,3.311,2.988,2.048,777,900
1204.6807479912218,14.2,68.2,2,0,0,7.006,5.591,4.53,777,900
1204.7223868371038,14.2,68.2,1,0,0,3.311,2.988,2.048,777,900
1204.8337285690448,14.2,68.2,0,0,0,0.0,0.0,0.0,777,900
1204.9391872944516,14.2,68.2,1,0,0,3.311,2.988,2.048,777,900
1205.0663440868927,14.2,68.2,2,1,0,13.279,10.07,9.16,778,900
1205.090158040381,14.2,68.2,2,0,0,7.006,5.591,4.53,778,900
1205.095167021955,14.2,68.2,1,0,0,3.311,2.988,2.048,778,900
1205.2038001290412,14.2,68.2,2,0,0,7.006,5.591,4.53,778,900
1205.2223928563803,14.2,68.2,1,0,0,3.311,2.988,2.048,778,900
1205.2889242831657,14.2,68.2,2,0,0,7.006,5.591,4.53,778,900
1205.400858366225,18.114665582762953,68.2,1,0,0,3.311,2.988,2.048,778,900
1205.5132066330889,18.6,68.2,2,0,0,7.006,5.591,4.53,778,900
1205.564607175929,18.6,68.2,1,0,0,3.311,2.988,2.048,778,900
1205.7136394550505,18.6,68.2,0,0,0,0.0,0.0,0.0,778,900
1205.8299374756916,18.6,68.2,1,0,0,3.311,2.988,2.048,778,900
1206.0333959224292,18.6,68.2,0,0,0,0.0,0.0,0.0,778,900
1206.1532631528478,18.6,68.2,1,0,0,3.311,2.988,2.048,778,900
1206.3612834803637,18.6,68.2,0,0,0,0.0,0.0,0.0,778,900
1206.4847780945595,18.6,68.2,1,0,0,3.311,2.988,2.048,778,900
1206.6962897748524,18.6,68.2,0,0,0,0.0,0.0,0.0,778,900
1207.2510082938259,18.6,1.87,1,0,0,3.311,2.988,2.048,778,900
1207.5236481096601,18.6,1.87,0,0,0,0.0,0.0,0.0,778,900
1208.383962648491,18.6,1.87,1,1,0,9.246,7.695,5.518,780,900
1208.4238587523873,18.6,1.87,1,0,0,3.311,2.988,2.048,780,900
1208.4398667689402,18.6,1.87,1,1,0,9.246,7.695,5.518,781,900
1208.5523157800235,18.6,1.87,1,0,0,3.311,2.988,2.048,781,900
1208.556093568388,18.6,1.87,0,0,0,0.0,0.0,0.0,781,900
1208.8080704781144,32.52906422766071,1.87,1,1,0,9.246,7.695,5.518,782,900
1208.841221557251,33.0,1.87,1,0,0,3.311,2.988,2.048,782,900
1208.943282155857,33.0,1.87,2,0,0,7.006,5.591,4.53,782,900
1208.973456373251,33.0,1.87,1,0,0,3.311,2.988,2.048,782,900
1209.2455230417725,33.0,1.74,0,0,0,0.0,0.0,0.0,782,900
1210.1557381299233,33.0,1.74,1,1,0,9.246,7.695,5.518,783,900
1210.206138129923,33.0,1.74,1,0,0,3.311,2.988,2.048,783,900
1210.3383729459226,33.0,1.74,0,0,0,0.0,0.0,0.0,783,900
1210.402401799372,33.0,1.74,1,1,0,9.246,7.695,5.518,784,900
1210.471201799372,33.0,1.74,1,0,0,3.311,2.988,2.048,784,900
1210.6034366153722,33.0,1.74,0,0,0,0.0,0.0,0.0,784,900
1214.1495888449283,24.5,118.0,0,0,1,0.528,0.57,0.438,784,900
1214.2240711169284,24.5,118.0,0,0,0,0.0,0.0,0.0,784,900
1215.4009527169294,24.5,71.8,1,1,0,9.246,7.695,5.518,785,900
1215.4159137558904,24.5,71.8,1,0,0,3.311,2.988,2.048,785,900
1215.5105178198903,24.5,71.8,0,0,0,0.0,0.0,0.0,785,900
1215.6071630076888,51.96043527895648,71.8,1,0,0,3.311,2.988,2.048,785,900
1215.7542157566818,53.3,71.8,0,0,0,0.0,0.0,0.0,785,900
1215.8543332958448,53.3,71.8,1,0,0,3.311,2.988,2.048,785,900
1216.0055180452016,53.3,71.8,0,0,0,0.0,0.0,0.0,785,900
1216.109358431728,53.3,71.8,1,0,0,3.311,2.988,2.048,785,900
1216.3013953734492,53.3,71.8,0,0,0,0.0,0.0,0.0,785,900
1216.409095133533,53.3,71.8,1,0,0,3.311,2.988,2.048,785,900
1216.604343476812,53.3,71.8,0,0,0,0.0,0.0,0.0,785,900
1216.7162905714547,53.3,71.8,1,0,0,3.311,2.988,2.048,785,900
1216.9129150154006,53.3,71.8,0,0,0,0.0,0.0,0.0,785,900
1217.0228254947447,53.3,71.8,1,0,0,3.311,2.988,2.048,785,900
1217.2210098499984,53.3,65.33242676982168,0,0,0,0.0,0.0,0.0,785,900
1217.2996716346602,53.3,11.060502384210345,1,1,0,9.246,7.695,5.518,786,900
1217.3136352710237,53.3,2.57,1,0,0,3.311,2.988,2.048,786,900
1217.3346303316248,53.3,2.57,2,0,0,7.006,5.591,4.53,786,900
1217.4082393350232,53.3,2.57,1,0,0,3.311,2.988,2.048,786,900
1217.5012953385683,53.3,2.57,2,0,0,7.006,5.591,4.53,786,900
1217.5358486861617,53.3,2.57,1,0,0,3.311,2.988,2.048,786,900
1217.6447250829626,53.3,2.57,0,0,0,0.0,0.0,0.0,786,900
1217.6533342680723,53.3,2.57,1,0,0,3.311,2.988,2.048,786,900
1217.7410166954476,53.3,2.57,2,0,0,7.006,5.591,4.53,786,900
1217.8582154858925,53.3,2.57,1,0,0,3.311,2.988,2.048,786,900
1217.8883416977803,53.3,2.57,0,0,0,0.0,0.0,0.0,786,900
1217.9881194152044,53.3,2.57,1,0,0,3.311,2.988,2.048,786,900
1218.1760598674769,53.3,2.57,0,0,0,0.0,0.0,0.0,786,900
1218.2794263956887,53.3,2.57,1,0,0,3.311,2.988,2.048,786,900
1218.4703076867497,53.3,2.57,0,0,0,0.0,0.0,0.0,786,900
1218.5776509867496,53.3,2.57,1,0,0,3.311,2.988,2.048,786,900
1218.7724466205982,53.3,2.57,0,0,0,0.0,0.0,0.0,786,900
1218.883375622386,53.3,2.57,1,0,0,3.311,2.988,2.048,786,900
1218.9625086390863,53.3,2.57,2,0,0,7.006,5.591,4.53,786,900
1219.0739665667709,53.3,2.57,3,1,0,17.589,12.354,12.134,787,900
1219.0825855670223,53.3,2.57,2,1,0,13.279,10.07,9.16,787,900
1219.124466566771,51.20453924434163,2.57,2,0,0,7.006,5.591,4.53,787,900
1219.197281106598,39.36360052037266,2.57,3,0,0,10.385,7.547,7.321,787,900
1219.225520876131,37.1,2.832483368466437,2,0,0,7.006,5.591,4.53,787,900
1219.2567013827706,37.1,3.404016832702081,1,0,0,3.311,2.988,2.048,787,900
1219.3767339151377,37.1,4.41,2,0,0,7.006,5.591,4.53,787,900
1219.399581586022,37.1,4.41,1,0,0,3.311,2.988,2.048,787,900
1219.5181987613855,37.1,4.41,2,0,0,7.006,5.591,4.53,787,900
1219.5846558055118,37.1,4.41,1,0,0,3.311,2.988,2.048,787,900
1219.7242186395974,37.1,4.41,0,0,0,0.0,0.0,0.0,787,900
1219.8467606857491,37.1,4.41,1,0,0,3.311,2.988,2.048,787,900
1220.0571995467496,37.1,4.41,0,0,0,0.0,0.0,0.0,787,900
1220.8244683296891,37.1,4.41,1,0,0,3.311,2.988,2.048,787,900
1221.088154330201,37.1,4.41,0,0,0,0.0,0.0,0.0,787,900
1222.451648410369,37.1,130.0,0,1,0,4.554,4.957,2.003,788,900
1222.5454415510067,37.1,130.0,0,0,0,0.0,0.0,0.0,788,900
1222.5600065350222,37.1,130.0,0,1,0,4.554,4.957,2.003,789,900
1222.6529785292387,37.1,130.0,0,0,0,0.0,0.0,0.0,789,900
1222.762629644301,37.1,130.0,1,1,0,9.246,7.695,5.518,790,900
1222.8432247056278,34.75174640009676,130.0,1,2,0,15.716,13.138,11.485,791,900
1222.8951427312647,30.915105110865753,130.0,1,1,0,9.246,7.695,5.518,791,900
1222.9600781359354,29.7,130.0,2,1,0,13.279,10.07,9.16,791,900
1223.027377547265,29.7,130.0,1,1,0,9.246,7.695,5.518,791,900
1223.0443804836282,29.7,130.0,1,0,0,3.311,2.988,2.048,791,900
1223.2835774881858,29.7,130.0,0,0,0,0.0,0.0,0.0,791,900
1224.1994913085434,29.7,2.13,0,1,0,4.554,4.957,2.003,792,900
1224.4996470865435,29.7,2.13,0,0,0,0.0,0.0,0.0,792,900
1224.5035202131041,29.7,2.13,1,1,0,9.246,7.695,5.518,793,900
1224.6575202131046,29.7,2.13,1,0,0,3.311,2.988,2.048,793,900
1224.7897550291045,29.7,2.13,0,0,0,0.0,0.0,0.0,793,900
1227.8211625451304,18.5,1.95,0,0,1,0.528,0.57,0.438,793,900
1227.8496148171307,18.5,1.95,0,0,0,0.0,0.0,0.0,793,900
1229.0088703026506,18.5,1.95,1,1,0,9.246,7.695,5.518,794,900
1229.02378292401,18.5,1.95,1,0,0,3.311,2.988,2.048,794,900
1229.1183869880103,18.5,1.95,0,0,0,0.0,0.0,0.0,794,900
1229.214857943564,18.5,1.95,1,0,0,3.311,2.988,2.048,794,900
1229.3617348185478,18.5,1.95,0,0,0,0.0,0.0,0.0,794,900
1229.4616666331144,18.5,1.95,1,0,0,3.311,2.988,2.048,794,900
1229.612664016111,18.5,23.5,0,0,0,0.0,0.0,0.0,794,900
1229.6864959992029,18.5,23.5,0,0,1,0.528,0.57,0.438,794,900
1229.7163071856905,18.5,23.5,1,0,1,3.994,3.474,2.656,794,900
1229.721748271203,18.5,23.5,1,0,0,3.311,2.988,2.048,794,900
1229.9081452687008,18.5,23.5,0,0,0,0.0,0.0,0.0,794,900
1230.0156346777235,26.6,23.5,1,0,0,3.311,2.988,2.048,794,900
1230.2106710281764,26.6,23.5,0,0,0,0.0,0.0,0.0,794,900
1230.322681047536,26.6,23.5,1,0,0,3.311,2.988,2.048,794,900
1230.5225689645113,26.6,23.5,0,0,0,0.0,0.0,0.0,794,900
1230.6388502018906,26.6,23.5,1,0,0,3.311,2.988,2.048,794,900
1230.8434495181848,26.6,23.5,0,0,0,0.0,0.0,0.0,794,900
1230.8773177422986,26.6,23.5,1,1,0,9.246,7.695,5.518,795,900
1230.8916728824854,26.6,23.5,1,0,0,3.311,2.988,2.048,795,900
1230.9637943818843,26.6,23.5,2,0,0,7.006,5.591,4.53,795,900
1230.9862769464853,26.6,23.5,1,0,0,3.311,2.988,2.048,795,900
1231.0807417887095,26.6,23.5,2,0,0,7.006,5.591,4.53,795,900
1231.1717813214984,26.6,23.5,1,0,0,3.311,2.988,2.048,795,900
1231.2255936470588,26.6,23.5,0,0,0,0.0,0.0,0.0,795,900
1231.296344909519,26.6,23.5,1,0,0,3.311,2.988,2.048,795,900
1231.323387025156,26.6,23.5,2,0,0,7.006,5.591,4.53,795,900
1231.4722270683776,26.6,23.5,1,0,0,3.311,2.988,2.048,795,900
1231.508348336454,26.6,23.5,0,0,0,0.0,0.0,0.0,795,900
1231.5735994783465,26.6,23.5,1,0,0,3.311,2.988,2.048,795,900
1231.7631478984395,26.6,80.081907554044,0,0,0,0.0,0.0,0.0,795,900
1231.8682153214052,26.6,134.0,1,0,0,3.311,2.988,2.048,795,900
1232.0608107824962,26.6,134.0,0,0,0,0.0,0.0,0.0,795,900
1232.1699611794588,26.6,134.0,1,0,0,3.311,2.988,2.048,795,900
1232.3665771855449,26.6,134.0,0,0,0,0.0,0.0,0.0,795,900
1232.4794194865044,26.6,134.0,1,0,0,3.311,2.988,2.048,795,900
1232.6200731197932,26.6,134.0,2,0,0,7.006,5.591,4.53,795,900
1232.6805560055889,26.6,134.0,1,0,0,3.311,2.988,2.048,795,900
1232.7972710465453,26.6,134.0,2,0,0,7.006,5.591,4.53,795,900
1232.891577859094,26.6,134.0,1,0,0,3.311,2.988,2.048,795,900
1233.001604302627,26.6,134.0,0,0,0,0.0,0.0,0.0,795,900
1233.12062101319,26.6,134.0,1,1,0,9.246,7.695,5.518,796,900
1233.1223471815795,26.6,134.0,2,1,0,13.279,10.07,9.16,796,900
1233.1836210131898,26.6,134.0,2,0,0,7.006,5.591,4.53,796,900
1233.3158558291902,26.6,134.0,1,0,0,3.311,2.988,2.048,796,900
1233.3305060386579,26.6,134.0,0,0,0,0.0,0.0,0.0,796,900
1233.4552799906082,26.6,134.0,1,0,0,3.311,2.988,2.048,796,900
1233.6679640326834,28.225750006130834,134.0,0,0,0,0.0,0.0,0.0,796,900
1234.4375709236322,29.5,103.0,1,0,0,3.311,2.988,2.048,796,900
1234.703340408094,29.5,103.0,0,0,0,0.0,0.0,0.0,796,900
1236.553132306017,29.5,3.7,1,1,0,9.246,7.695,5.518,797,900
1236.5955323060168,29.5,3.7,1,0,0,3.311,2.988,2.048,797,900
1236.6606692842486,29.5,3.7,2,1,0,13.279,10.07,9.16,798,900
1236.7277671220168,29.5,3.7,1,1,0,9.246,7.695,5.518,798,900
1236.7527863344735,29.5,3.7,1,0,0,3.311,2.988,2.048,798,900
1236.848520522239,29.5,3.7,2,0,0,7.006,5.591,4.53,798,900
1236.8850211504741,29.5,3.7,1,0,0,3.311,2.988,2.048,798,900
1236.9077663234916,29.5,3.7,2,1,0,13.279,10.07,9.16,799,900
1236.9320663234917,27.154891547912438,3.7,2,0,0,7.006,5.591,4.53,799,900
1237.0266703874915,18.3,3.7,1,0,0,3.311,2.988,2.048,799,900
1237.0399918805142,18.3,3.7,2,0,0,7.006,5.591,4.53,799,900
1237.0571700096884,18.3,3.7,1,0,0,3.311,2.988,2.048,800,900
1237.131121050339,18.3,3.7,2,0,0,7.006,5.591,4.53,800,900
1237.286052824205,18.3,3.7,1,0,0,3.311,2.988,2.048,800,900
1237.3844450366273,18.3,3.7,0,0,0,0.0,0.0,0.0,800,900
1237.3944906871825,18.3,3.7,1,0,0,3.311,2.988,2.048,800,900
1237.5912775981787,18.3,3.7,0,0,0,0.0,0.0,0.0,800,900
1237.7044149093058,18.3,3.7,1,0,0,3.311,2.988,2.048,800,900
1237.9056309324505,18.3,2.072866043843603,0,0,0,0.0,0.0,0.0,800,900
1238.023132701396,18.3,1.97,1,0,0,3.311,2.988,2.048,800,900
1238.2246733446768,18.3,1.97,0,0,0,0.0,0.0,0.0,800,900
1238.3428265086486,18.3,1.97,1,0,0,3.311,2.988,2.048,800,900
1238.5073378415532,18.3,1.97,2,1,0,13.279,10.07,9.16,801,900
1238.5479369604957,18.3,1.97,2,0,0,7.006,5.591,4.53,801,900
1238.5487059550048,18.3,1.97,1,0,0,3.311,2.988,2.048,801,900
1238.680171776496,18.3,1.97,0,0,0,0.0,0.0,0.0,801,900
1238.6943896871142,18.3,1.97,0,1,0,4.554,4.957,2.003,802,900
1238.9623259529192,18.3,1.97,0,0,0,0.0,0.0,0.0,802,900
1240.4333670417368,18.3,52.9,1,0,0,3.311,2.988,2.048,802,900
1240.6383380830512,18.3,52.9,2,0,0,7.006,5.591,4.53,802,900
1240.7062921204727,18.3,52.9,3,0,0,10.385,7.547,7.321,802,900
1240.7135998098001,18.231589512195377,52.9,2,0,0,7.006,5.591,4.53,802,900
1240.9176287781697,14.1,52.9,1,0,0,3.311,2.988,2.048,802,900
1240.962466124633,14.1,52.9,0,0,0,0.0,0.0,0.0,802,900
1241.4766395280974,14.1,52.9,0,0,1,0.528,0.57,0.438,802,900
1241.5050218000974,14.1,52.9,0,0,0,0.0,0.0,0.0,802,900
1242.65876935413,14.1,1.61,1,1,0,9.246,7.695,5.518,803,900
1242.6709598303205,14.1,1.61,1,0,0,3.311,2.988,2.048,803,900
1242.7341406303208,14.1,1.61,0,0,0,0.0,0.0,0.0,803,900
1242.8204025340724,14.1,1.61,1,0,0,3.311,2.988,2.048,803,900
1242.9261848056121,14.1,1.61,0,0,0,0.0,0.0,0.0,803,900
1243.0148477310936,14.1,1.61,1,0,0,3.311,2.988,2.048,803,900
1243.154434545364,14.1,1.61,0,0,0,0.0,0.0,0.0,803,900
1243.2460860933643,14.1,1.61,1,0,0,3.311,2.988,2.048,803,900
1243.3884307781525,14.1,1.61,0,0,0,0.0,0.0,0.0,803,900
1243.4827568056712,14.1,1.61,1,0,0,3.311,2.988,2.048,803,900
1243.627807968978,14.1,1.61,0,0,0,0.0,0.0,0.0,803,900
1243.7252229370145,14.1,1.61,1,0,0,3.311,2.988,2.048,803,900
1243.8722747907302,14.1,1.61,0,0,0,0.0,0.0,0.0,803,900
1243.9711236257972,14.1,1.61,1,0,0,3.311,2.988,2.048,803,900
1244.1204594860496,15.69039726540569,90.7,0,0,0,0.0,0.0,0.0,803,900
1244.222132286416,33.0,90.7,1,0,0,3.311,2.988,2.048,803,900
1244.3743139059673,33.0,90.7,0,0,0,0.0,0.0,0.0,803,900
1244.4786346126318,33.0,90.7,1,0,0,3.311,2.988,2.048,803,900
1244.531283933092,33.0,90.7,2,1,0,13.279,10.07,9.16,804,900
1244.554883933092,33.0,90.7,2,0,0,7.006,5.591,4.53,804,900
1244.6332431754818,33.0,90.7,1,0,0,3.311,2.988,2.048,804,900
1244.6494879970917,33.0,90.7,0,0,0,0.0,0.0,0.0,804,900
1244.7405269174458,33.0,90.7,1,0,0,3.311,2.988,2.048,804,900
1244.7420913107317,33.0,90.7,2,0,0,7.006,5.591,4.53,804,900
1244.8850640995904,33.0,90.7,1,0,0,3.311,2.988,2.048,804,900
1244.9351425835955,33.0,90.7,0,0,0,0.0,0.0,0.0,804,900
1244.9808731627647,33.0,90.7,1,0,0,3.311,2.988,2.048,804,900
1245.045784967044,33.0,90.7,2,0,0,7.006,5.591,4.53,804,900
1245.1277113501585,33.0,90.7,1,0,0,3.311,2.988,2.048,804,900
1245.2269766588668,33.0,90.7,2,0,0,7.006,5.591,4.53,804,900
1245.2442533866779,33.0,90.7,1,0,0,3.311,2.988,2.048,804,900
1245.357846126611,33.0,90.7,2,0,0,7.006,5.591,4.53,804,900
1245.3770840527948,33.0,90.7,1,0,0,3.311,2.988,2.048,804,900
1245.479518313038,33.0,90.7,2,0,0,7.006,5.591,4.53,804,900
1245.5597969637292,33.0,90.7,1,0,0,3.311,2.988,2.048,804,900
1245.6327684815,33.0,90.7,0,0,0,0.0,0.0,0.0,804,900
1245.6768810171466,33.0,90.7,1,0,0,3.311,2.988,2.048,804,900
1245.738509422278,33.0,90.7,2,0,0,7.006,5.591,4.53,804,900
1245.88140287975,33.0,90.7,1,0,0,3.311,2.988,2.048,804,900
1245.8947734692752,33.0,90.7,0,0,0,0.0,0.0,0.0,804,900
1246.0016572216523,33.0,90.7,1,0,0,3.311,2.988,2.048,804,900
1246.0037035205876,33.0,90.7,2,0,0,7.006,5.591,4.53,804,900
1246.20106080612,33.0,104.33184054166685,1,0,0,3.311,2.988,2.048,804,900
1246.2096658537407,33.0,105.63798807188503,0,0,0,0.0,0.0,0.0,804,900
1246.3137228501857,33.0,106.0,1,0,0,3.311,2.988,2.048,804,900
1246.3832654997398,33.0,106.0,2,0,0,7.006,5.591,4.53,804,900
1246.5144715534705,33.0,106.0,1,0,0,3.311,2.988,2.048,804,900
1246.5915653718682,33.0,106.0,0,0,0,0.0,0.0,0.0,804,900
1246.63110018429,33.0,106.0,1,0,0,3.311,2.988,2.048,804,900
1246.834891345329,33.0,106.0,0,0,0,0.0,0.0,0.0,804,900
1246.9551060189026,33.0,106.0,1,0,0,3.311,2.988,2.048,804,900
1247.1634758936955,33.0,106.0,0,0,0,0.0,0.0,0.0,804,900
1247.167348561624,33.0,106.0,1,1,0,9.246,7.695,5.518,805,900
1247.238048561624,33.0,106.0,1,0,0,3.311,2.988,2.048,805,900
1247.2873347840227,33.0,106.0,2,0,0,7.006,5.591,4.53,805,900
1247.370283377624,33.0,106.0,1,0,0,3.311,2.988,2.048,805,900
1247.4878944713266,33.0,106.0,2,0,0,7.006,5.591,4.53,805,900
1247.4992128445695,33.0,106.0,1,0,0,3.311,2.988,2.048,805,900
1247.6933723191744,33.0,106.0,0,0,0,0.0,0.0,0.0,805,900
1247.8167828170403,33.0,106.0,1,0,0,3.311,2.988,2.048,805,900
1248.0280384340513,25.2,106.0,0,0,0,0.0,0.0,0.0,805,900
1248.052318634971,25.2,106.0,1,0,0,3.311,2.988,2.048,805,900
1248.3137541469532,25.2,169.0,0,0,0,0.0,0.0,0.0,805,900
1250.5291433347957,25.2,64.3,1,1,0,9.246,7.695,5.518,806,900
1250.554727406368,25.2,64.3,1,0,0,3.311,2.988,2.048,806,900
1250.6869622223676,25.2,64.3,0,0,0,0.0,0.0,0.0,806,900
1250.7021655152917,25.2,64.3,1,1,0,9.246,7.695,5.518,807,900
1250.7383696496286,25.2,64.3,2,2,0,21.094,15.238,15.196,808,900
1250.7481031354323,25.2,64.3,2,1,0,13.279,10.07,9.16,808,900
1250.7925655152922,25.2,64.3,2,0,0,7.006,5.591,4.53,808,900
1250.8112839354328,25.2,64.3,1,0,0,3.311,2.988,2.048,808,900
1250.8859243008321,25.2,64.3,2,0,0,7.006,5.591,4.53,808,900
1250.9248003312925,25.2,64.3,1,0,0,3.311,2.988,2.048,808,900
1250.979974484309,25.2,64.3,0,0,0,0.0,0.0,0.0,808,900
1251.0563525731736,25.2,64.3,1,0,0,3.311,2.988,2.048,808,900
1251.06395565708,25.2,64.3,2,0,0,7.006,5.591,4.53,808,900
1251.1524733131153,25.2,64.3,1,0,0,3.311,2.988,2.048,808,900
1251.2306954964447,25.2,64.3,2,0,0,7.006,5.591,4.53,808,900
1251.328347656852,25.2,64.3,1,0,0,3.311,2.988,2.048,808,900
1251.4083378996465,25.2,64.3,2,0,0,7.006,5.591,4.53,808,900
1251.5166088065687,22.2,64.3,1,0,0,3.311,2.988,2.048,808,900
1251.5396867605189,22.2,64.3,0,0,0,0.0,0.0,0.0,808,900
1251.621892929856,22.2,64.3,1,0,0,3.311,2.988,2.048,808,900
1251.6389177716335,22.2,64.3,2,1,0,13.279,10.07,9.16,809,900
1251.6474828273956,22.2,64.3,2,0,0,7.006,5.591,4.53,809,900
1251.7106636273957,22.2,64.3,1,0,0,3.311,2.988,2.048,809,900
1251.7543855892707,22.2,64.3,0,0,0,0.0,0.0,0.0,809,900
1251.7891520899534,22.2,64.3,1,0,0,3.311,2.988,2.048,809,900
1251.8384856371504,22.2,64.3,2,0,0,7.006,5.591,4.53,809,900
1251.9000533523288,22.2,64.3,1,0,0,3.311,2.988,2.048,809,900
1251.972966095108,22.2,64.3,0,0,0,0.0,0.0,0.0,809,900
1251.99407644607,22.2,64.3,1,0,0,3.311,2.988,2.048,809,900
1252.05929659553,22.2,64.3,2,0,0,7.006,5.591,4.53,809,900
1252.1080009760847,22.2,64.3,1,0,0,3.311,2.988,2.048,809,900
1252.1965287240303,22.2,64.3,0,0,0,0.0,0.0,0.0,809,900
1252.2048208754659,22.2,64.3,1,0,0,3.311,2.988,2.048,809,900
1252.2849955699958,22.2,64.3,2,0,0,7.006,5.591,4.53,809,900
1252.3212295371206,22.2,64.3,1,0,0,3.311,2.988,2.048,809,900
1252.4207702071412,22.2,67.92662267918973,2,0,0,7.006,5.591,4.53,809,900
1252.4244747930381,22.2,69.4043912390894,1,0,0,3.311,2.988,2.048,809,900
1252.5151222685463,22.2,104.0,2,0,0,7.006,5.591,4.53,809,900
1252.5718282804353,22.2,104.0,1,0,0,3.311,2.988,2.048,809,900
1252.5782802781039,22.2,104.0,1,1,0,9.246,7.695,5.518,810,900
1252.6558176101314,22.2,104.0,0,1,0,4.554,4.957,2.003,810,900
1252.674696373369,22.2,104.0,1,1,0,9.246,7.695,5.518,810,900
1252.748553974182,22.2,104.0,2,1,0,13.279,10.07,9.16,810,900
1252.8280097415754,22.2,104.0,1,1,0,9.246,7.695,5.518,810,900
1252.8920132103094,22.2,104.0,0,1,0,4.554,4.957,2.003,810,900
1252.9094360561035,22.2,104.0,0,0,0,0.0,0.0,0.0,810,900
1252.9338832094218,22.2,104.0,1,0,0,3.311,2.988,2.048,810,900
1252.9700167079138,22.2,104.0,1,1,0,9.246,7.695,5.518,811,900
1252.9868701389025,22.2,104.0,2,1,0,13.279,10.07,9.16,811,900
1253.0902958725408,22.2,104.0,1,1,0,9.246,7.695,5.518,811,900
1253.1322911895727,22.2,104.0,0,1,0,4.554,4.957,2.003,811,900
1253.1971724859136,22.2,104.0,0,0,0,0.0,0.0,0.0,811,900
1253.1995112893003,22.2,104.0,1,0,0,3.311,2.988,2.048,811,900
1253.2292289077081,22.2,104.0,2,0,0,7.006,5.591,4.53,811,900
1253.359787119332,22.2,104.0,1,0,0,3.311,2.988,2.048,811,900
1253.3763066849206,22.2,104.0,0,0,0,0.0,0.0,0.0,811,900
1253.4722503780033,22.2,104.0,1,0,0,3.311,2.988,2.048,811,900
1253.4754806515982,22.2,104.0,2,0,0,7.006,5.591,4.53,811,900
1253.6251228353544,22.2,104.0,1,0,0,3.311,2.988,2.048,811,900
1253.6358847989488,22.2,104.0,0,0,0,0.0,0.0,0.0,811,900
1253.7261871265753,22.2,104.0,1,0,0,3.311,2.988,2.048,811,900
1253.7516401835337,22.2,104.0,2,0,0,7.006,5.591,4.53,811,900
1253.8774405008728,22.2,104.0,1,0,0,3.311,2.988,2.048,811,900
1253.917602219391,22.2,104.0,0,0,0,0.0,0.0,0.0,811,900
1253.9224460998728,22.2,104.0,1,0,0,3.311,2.988,2.048,811,900
1254.0365579888896,22.2,104.0,2,0,0,7.006,5.591,4.53,811,900
1254.1143815127148,22.2,104.0,1,0,0,3.311,2.988,2.048,811,900
1254.2063954156606,22.2,104.0,0,0,0,0.0,0.0,0.0,811,900
1254.220633250674,22.2,104.0,1,0,0,3.311,2.988,2.048,811,900
1254.328583246072,22.2,104.0,2,0,0,7.006,5.591,4.53,811,900
1254.4143663826342,22.2,104.0,1,0,0,3.311,2.988,2.048,811,900
1254.4496114679393,22.2,104.0,2,0,0,7.006,5.591,4.53,811,900
1254.5014939837563,22.2,104.0,1,0,0,3.311,2.988,2.048,811,900
1254.5259578617768,22.2,104.0,2,0,0,7.006,5.591,4.53,811,900
1254.6268741000797,22.2,109.05957764023023,3,0,0,10.385,7.547,7.321,811,900
1254.7870442932947,22.2,138.0,3,0,1,11.271,8.091,7.803,811,900
1254.802553060676,22.2,138.0,2,0,1,7.412,5.635,5.165,811,900
1254.8392155120093,19.073583607329017,138.0,3,0,1,11.271,8.091,7.803,811,900
1254.8476265652946,18.113745456765958,138.0,3,0,0,10.385,7.547,7.321,811,900
1254.8898534417165,13.294971208810031,138.0,2,0,0,7.006,5.591,4.53,811,900
1254.9312809219123,10.8,138.0,3,0,0,10.385,7.547,7.321,811,900
1255.0408875061012,10.8,138.0,2,0,0,7.006,5.591,4.53,811,900
1255.110635785422,10.8,138.0,1,0,0,3.311,2.988,2.048,811,900
1255.1159885812917,10.8,138.0,0,0,0,0.0,0.0,0.0,811,900
1255.157378810375,10.8,138.0,1,0,0,3.311,2.988,2.048,811,900
1255.2439691851005,10.8,138.0,2,0,0,7.006,5.591,4.53,811,900
1255.3621236915324,10.8,138.0,1,0,0,3.311,2.988,2.048,811,900
1255.4303467705927,10.8,138.0,0,0,0,0.0,0.0,0.0,811,900
1255.4812560408723,10.8,138.0,1,0,0,3.311,2.988,2.048,811,900
1255.4859323695928,10.8,138.0,2,0,0,7.006,5.591,4.53,811,900
1255.6774370099945,10.8,138.0,1,0,0,3.311,2.988,2.048,811,900
1255.688015537095,10.8,138.0,0,0,0,0.0,0.0,0.0,811,900
1255.809730695501,10.8,138.0,1,0,0,3.311,2.988,2.048,811,900
1255.820564381177,10.8,138.0,2,0,0,7.006,5.591,4.53,811,900
1256.0106081652941,10.8,138.0,3,1,0,17.589,12.354,12.134,812,900
1256.0187034947905,10.8,138.0,2,1,0,13.279,10.07,9.16,812,900
1256.0249857003955,10.8,138.0,2,0,0,7.006,5.591,4.53,812,900
1256.0489726204903,10.8,138.0,1,0,0,3.311,2.988,2.048,812,900
1256.1195897643956,10.8,138.0,0,0,0,0.0,0.0,0.0,812,900
1256.1960371307132,10.8,138.0,1,0,0,3.311,2.988,2.048,812,900
1256.2141351954162,10.8,138.0,2,0,0,7.006,5.591,4.53,812,900
1256.359068401937,10.8,138.0,1,0,0,3.311,2.988,2.048,812,900
1256.431180651066,10.8,138.0,0,0,0,0.0,0.0,0.0,812,900
1256.4569476844626,10.8,138.0,1,0,0,3.311,2.988,2.048,812,900
1256.5820439293288,10.8,138.0,2,0,0,7.006,5.591,4.53,812,900
1256.605874391489,10.8,138.0,1,0,0,3.311,2.988,2.048,812,900
1256.70733802152,10.8,138.0,2,0,0,7.006,5.591,4.53,812,900
1256.820064682722,10.8,138.0,1,0,0,3.311,2.988,2.048,812,900
1256.8969784210522,10.8,138.0,0,0,0,0.0,0.0,0.0,812,900
1256.9746785720251,10.8,138.0,1,0,0,3.311,2.988,2.048,812,900
1257.002143139089,10.8,138.0,2,0,0,7.006,5.591,4.53,812,900
1257.1948366546276,10.8,439.0,1,0,0,3.311,2.988,2.048,812,900
1257.2174582224586,10.8,439.0,0,0,0,0.0,0.0,0.0,812,900
1257.3040904216712,10.8,439.0,1,0,0,3.311,2.988,2.048,812,900
1257.3760189748027,10.8,439.0,2,0,0,7.006,5.591,4.53,812,900
1257.5008105572158,10.8,439.0,1,0,0,3.311,2.988,2.048,812,900
1257.6157923955057,10.8,439.0,2,0,0,7.006,5.591,4.53,812,900
1257.622250162277,10.8,439.0,1,0,0,3.311,2.988,2.048,812,900
1257.7847070286605,10.8,439.0,2,0,0,7.006,5.591,4.53,812,900
1257.8190832969308,10.8,439.0,1,0,0,3.311,2.988,2.048,812,900
1257.938056635311,10.8,439.0,2,0,0,7.006,5.591,4.53,812,900
1258.0346172091743,10.8,439.0,1,0,0,3.311,2.988,2.048,812,900
1258.0899776719511,10.8,439.0,2,1,0,13.279,10.07,9.16,813,900
1258.1021039877405,10.8,439.0,2,0,0,7.006,5.591,4.53,813,900
1258.1446630338278,10.8,439.0,1,0,0,3.311,2.988,2.048,813,900
1258.165284787741,10.8,439.0,0,0,0,0.0,0.0,0.0,813,900
1258.2009779315986,10.8,439.0,1,0,0,3.311,2.988,2.048,813,900
1258.2513179838725,10.8,439.0,2,0,0,7.006,5.591,4.53,813,900
1258.2677829702998,10.8,439.0,3,0,0,10.385,7.547,7.321,813,900
1258.3568693722145,10.8,439.0,2,0,0,7.006,5.591,4.53,813,900
1258.4452905366095,10.8,439.0,3,0,0,10.385,7.547,7.321,813,900
1258.454833857153,10.8,439.0,2,0,0,7.006,5.591,4.53,813,900
1258.4783337299086,10.8,439.0,1,0,0,3.311,2.988,2.048,813,900
1258.584633414215,10.8,439.0,0,0,0,0.0,0.0,0.0,813,900
1258.6056034994722,10.8,439.0,1,0,0,3.311,2.988,2.048,813,900
1258.625074309618,10.8,439.0,2,0,0,7.006,5.591,4.53,813,900
1258.6760279720834,10.8,439.0,3,0,0,10.385,7.547,7.321,813,900
1258.8181134911622,10.8,439.0,2,0,0,7.006,5.591,4.53,813,900
1258.8207982041718,10.8,439.0,1,0,0,3.311,2.988,2.048,813,900
1258.889431038159,10.8,439.0,0,0,0,0.0,0.0,0.0,813,900
1258.9121672995045,10.8,439.0,1,0,0,3.311,2.988,2.048,813,900
1259.0569440680576,10.8,246.9131955676328,0,0,0,0.0,0.0,0.0,813,900
1259.0706174661989,10.8,189.57930895196247,1,0,0,3.311,2.988,2.048,813,900
1259.1540715878732,10.8,18.6,2,0,0,7.006,5.591,4.53,813,900
1259.3016615258998,10.8,18.6,1,0,0,3.311,2.988,2.048,813,900
1259.338695218166,10.8,18.6,0,0,0,0.0,0.0,0.0,813,900
1259.401689866189,10.8,18.6,1,0,0,3.311,2.988,2.048,813,900
1259.523919213631,10.8,18.6,2,0,0,7.006,5.591,4.53,813,900
1259.552213709689,10.8,18.6,1,0,0,3.311,2.988,2.048,813,900
1259.593019672827,10.8,18.6,2,0,0,7.006,5.591,4.53,813,900
1259.6551253614523,10.8,18.6,3,0,0,10.385,7.547,7.321,813,900
1259.7961873650243,10.8,18.6,2,0,0,7.006,5.591,4.53,813,900
1259.808554310426,10.8,18.6,1,0,0,3.311,2.988,2.048,813,900
1259.862792255665,10.8,18.6,0,0,0,0.0,0.0,0.0,813,900
1259.9141732146627,10.8,18.6,1,0,0,3.311,2.988,2.048,813,900
1259.9855191349147,10.8,18.6,2,0,0,7.006,5.591,4.53,813,900
1260.07008845311,10.8,18.6,1,0,0,3.311,2.988,2.048,813,900
1260.178729738821,10.8,18.6,2,0,0,7.006,5.591,4.53,813,900
1260.2621734937343,10.8,18.6,1,0,0,3.311,2.988,2.048,813,900
1260.374711426742,10.8,18.6,0,0,0,0.0,0.0,0.0,813,900
1260.4867791781367,10.8,18.6,1,0,0,3.311,2.988,2.048,813,900
1260.686681443742,10.8,18.6,0,0,0,0.0,0.0,0.0,813,900
1260.8017673758206,10.8,18.6,1,0,0,3.311,2.988,2.048,813,900
1261.00521988311,10.8,18.6,0,0,0,0.0,0.0,0.0,813,900
1261.1211747749576,10.8,16.93458184400835,1,0,0,3.311,2.988,2.048,813,900
1261.3245613434099,10.8,1.83,0,0,0,0.0,0.0,0.0,813,900
1261.4436374630902,10.8,1.83,1,0,0,3.311,2.988,2.048,813,900
1261.502752331568,10.8,1.83,2,1,0,13.279,10.07,9.16,814,900
1261.5213329767294,10.8,1.83,2,0,0,7.006,5.591,4.53,814,900
1261.6504617403748,10.8,1.83,1,0,0,3.311,2.988,2.048,814,900
1261.6535677927295,10.8,1.83,0,0,0,0.0,0.0,0.0,814,900
1261.7637803172865,10.8,1.83,1,0,0,3.311,2.988,2.048,814,900
1261.8292013863754,10.8,1.83,2,0,0,7.006,5.591,4.53,814,900
1261.9617905311654,10.8,1.83,1,0,0,3.311,2.988,2.048,814,900
1261.9788104472652,10.8,1.83,2,0,0,7.006,5.591,4.53,814,900
1262.0362494453043,10.8,1.83,1,0,0,3.311,2.988,2.048,814,900
1262.0772499413026,10.8,1.83,2,0,0,7.006,5.591,4.53,814,900
1262.2804854057624,10.8,1.83,1,0,0,3.311,2.988,2.048,814,900
1262.3916557921048,10.8,1.83,2,0,0,7.006,5.591,4.53,814,900
1262.4461421345536,10.8,1.83,1,0,0,3.311,2.988,2.048,814,900
1262.5910245665532,10.8,1.83,1,0,1,3.994,3.474,2.656,814,900
1262.5918221962681,10.8,1.83,0,0,1,0.528,0.57,0.438,814,900
1262.7302358625527,10.8,1.83,0,0,0,0.0,0.0,0.0,814,900
1263.918167126553,75.2,31.8,1,1,0,9.246,7.695,5.518,815,900
1263.9735671265528,75.2,31.8,1,0,0,3.311,2.988,2.048,815,900
1264.1058019425523,75.2,31.8,0,0,0,0.0,0.0,0.0,815,900
1264.6180036280525,75.2,31.8,1,0,0,3.311,2.988,2.048,815,900
1264.7619969667194,75.2,31.8,1,1,0,9.246,7.695,5.518,816,900
1264.927152744719,75.2,31.8,1,0,0,3.311,2.988,2.048,816,900
1264.9281010387679,75.2,31.8,0,0,0,0.0,0.0,0.0,816,900
1264.9666980307682,75.2,31.8,0,0,1,0.528,0.57,0.438,816,900
1265.0259690610458,75.2,31.8,0,0,0,0.0,0.0,0.0,816,900
1265.0659706291044,75.2,31.8,0,0,1,0.528,0.57,0.438,816,900
1265.125577132126,75.2,27.699790087769685,0,0,0,0.0,0.0,0.0,816,900
1265.179391900929,75.2,11.750379265769023,0,0,1,0.528,0.57,0.438,816,900
1265.1831321062948,75.2,10.641871819483761,1,1,1,9.384,7.485,6.716,817,900
1265.2135479478789,75.2,2.28,1,0,1,3.994,3.474,2.656,817,900
1265.2424763550198,75.2,2.28,1,0,0,3.311,2.988,2.048,817,900
1265.2729497461874,75.2,2.28,2,0,0,7.006,5.591,4.53,817,900
1265.345782763879,75.2,2.28,1,0,0,3.311,2.988,2.048,817,900
1265.553182514251,75.2,2.28,0,0,0,0.0,0.0,0.0,817,900
1266.197584381966,75.2,2.28,1,1,0,9.246,7.695,5.518,818,900
1266.2182480590961,75.2,2.28,1,0,0,3.311,2.988,2.048,818,900
1266.350482875096,75.2,2.28,0,0,0,0.0,0.0,0.0,818,900
1266.4682618872714,75.2,2.28,1,0,0,3.311,2.988,2.048,818,900
1266.6739092210923,74.26905322932984,2.28,0,0,0,0.0,0.0,0.0,818,900
1266.7975001774334,73.7,2.28,1,0,0,3.311,2.988,2.048,818,900
1266.9171268111065,73.7,2.28,1,1,0,9.246,7.695,5.518,819,900
1267.0089378204189,73.7,2.28,0,1,0,4.554,4.957,2.003,819,900
1267.010098805322,73.7,2.28,0,0,0,0.0,0.0,0.0,819,900
1267.2048632409164,73.7,1.9360046627049032,0,1,0,4.554,4.957,2.003,820,900
1267.3940190189169,73.7,1.91,0,0,0,0.0,0.0,0.0,820,900
1267.831905106144,73.7,1.91,1,0,0,3.311,2.988,2.048,820,900
1268.26979606426,73.7,1.91,0,0,0,0.0,0.0,0.0,820,900
1268.4480039246698,73.7,1.91,0,0,1,0.528,0.57,0.438,820,900
1268.4761461966698,73.7,1.91,0,0,0,0.0,0.0,0.0,820,900
1269.6298937507038,73.7,48.5,1,1,0,9.246,7.695,5.518,821,900
1269.6420842268942,73.7,48.5,1,0,0,3.311,2.988,2.048,821,900
1269.7052650268945,73.7,48.5,0,0,0,0.0,0.0,0.0,821,900
1269.7915269306461,73.7,48.5,1,0,0,3.311,2.988,2.048,821,900
1269.8973092021854,73.7,48.5,0,0,0,0.0,0.0,0.0,821,900
1269.985972127667,73.7,48.5,1,0,0,3.311,2.988,2.048,821,900
1270.0450480419267,73.7,48.5,2,0,0,7.006,5.591,4.53,821,900
1270.1255589419366,73.7,48.5,1,0,0,3.311,2.988,2.048,821,900
1270.2172104899366,72.53806556966371,48.5,2,0,0,7.006,5.591,4.53,821,900
1270.230433625465,69.84386707510345,48.5,2,0,1,7.412,5.635,5.165,821,900
1270.258795897465,64.06508712066959,48.5,2,0,0,7.006,5.591,4.53,821,900
1270.2971378932348,56.252950047701134,48.5,1,0,0,3.311,2.988,2.048,821,900
1270.3595551747255,53.2,48.5,0,0,0,0.0,0.0,0.0,821,900
1270.4538812022438,53.2,48.5,1,0,0,3.311,2.988,2.048,821,900
1270.5989323655508,53.2,48.5,0,0,0,0.0,0.0,0.0,821,900
1270.6963473335875,53.2,48.5,1,0,0,3.311,2.988,2.048,821,900
1270.844226895413,53.2,48.5,0,0,0,0.0,0.0,0.0,821,900
1270.9455023158373,53.2,48.5,1,0,0,3.311,2.988,2.048,821,900
1271.0975833806217,53.2,48.5,0,0,0,0.0,0.0,0.0,821,900
1271.202118932189,53.2,48.5,1,0,0,3.311,2.988,2.048,821,900
1271.3571828940537,53.2,1.8,0,0,0,0.0,0.0,0.0,821,900
1271.4175236997696,53.2,1.8,1,1,0,9.246,7.695,5.518,822,900
1271.4313201069554,53.2,1.8,1,0,0,3.311,2.988,2.048,822,900
1271.4645034897019,53.2,1.8,2,0,0,7.006,5.591,4.53,822,900
1271.5259241709552,53.2,1.8,1,0,0,3.311,2.988,2.048,822,900
1271.6183783951046,53.2,1.8,2,0,0,7.006,5.591,4.53,822,900
1271.6221315326477,53.2,1.8,1,0,0,3.311,2.988,2.048,822,900
1271.7325523013776,53.2,1.8,2,0,0,7.006,5.591,4.53,822,900
1271.7612006896259,53.2,1.8,1,0,0,3.311,2.988,2.048,822,900
1271.8568508293743,53.2,1.8,2,0,0,7.006,5.591,4.53,822,900
1271.9303245854046,53.2,1.8,1,0,0,3.311,2.988,2.048,822,900
1272.0035286884938,53.2,1.8,0,0,0,0.0,0.0,0.0,822,900
1272.0442607245125,53.2,1.8,1,0,0,3.311,2.988,2.048,822,900
1272.102625239841,53.2,1.8,2,0,0,7.006,5.591,4.53,822,900
1272.2460424909177,53.2,1.8,1,0,0,3.311,2.988,2.048,822,900
1272.2525624715595,53.2,1.8,0,0,0,0.0,0.0,0.0,822,900
1272.3548181405051,53.2,1.8,1,0,0,3.311,2.988,2.048,822,900
1272.3630857154037,53.2,1.8,2,0,0,7.006,5.591,4.53,822,900
1272.5078883128224,53.2,1.8,1,0,0,3.311,2.988,2.048,822,900
1272.5685066281874,53.2,1.8,0,0,0,0.0,0.0,0.0,822,900
1272.6134408283674,53.2,1.8,1,0,0,3.311,2.988,2.048,822,900
1272.689197895052,53.2,1.8,2,0,0,7.006,5.591,4.53,822,900
1272.7695150452837,53.2,1.8,1,0,0,3.311,2.988,2.048,822,900
1272.878246837428,53.2,1.8,2,0,0,7.006,5.591,4.53,822,900
1272.897346562215,53.2,1.8,1,0,0,3.311,2.988,2.048,822,900
1273.021364846458,53.2,1.8,2,0,0,7.006,5.591,4.53,822,900
1273.0754044589426,53.2,1.8,1,0,0,3.311,2.988,2.048,822,900
1273.1878570050565,53.2,1.8,2,0,0,7.006,5.591,4.53,822,900
1273.2331570119989,53.2,7.255255902247976,1,0,0,3.311,2.988,2.048,822,900
1273.388394805542,53.2,27.7,0,0,0,0.0,0.0,0.0,822,900
1273.4067266579991,53.2,27.7,1,0,0,3.311,2.988,2.048,822,900
1273.5048026996255,53.2,27.7,2,0,0,7.006,5.591,4.53,822,900
1273.6190255658105,53.2,27.7,1,0,0,3.311,2.988,2.048,822,900
1273.708371719082,53.2,27.7,0,0,0,0.0,0.0,0.0,822,900
1273.828354417136,53.2,27.7,1,0,0,3.311,2.988,2.048,822,900
1274.0364909115617,73.5,27.7,0,0,0,0.0,0.0,0.0,822,900
1274.1601065875857,73.5,27.7,1,0,0,3.311,2.988,2.048,822,900
1274.3717400289797,73.5,27.7,0,0,0,0.0,0.0,0.0,822,900
1274.9265852039746,73.5,27.7,1,0,0,3.311,2.988,2.048,822,900
1275.1867485509863,73.5,27.7,0,0,0,0.0,0.0,0.0,822,900
1275.334326039253,73.5,46.54017033015472,1,1,0,9.246,7.695,5.518,823,900
1275.372408683881,73.5,78.3980920405984,1,0,0,3.311,2.988,2.048,823,900
1275.5046434998815,73.5,111.0,0,0,0,0.0,0.0,0.0,823,900
1278.04600958926,24.1,1.62,1,1,0,9.246,7.695,5.518,824,900
1278.1148095892602,24.1,1.62,1,0,0,3.311,2.988,2.048,824,900
1278.2470444052603,24.1,1.62,0,0,0,0.0,0.0,0.0,824,900
1278.9348434997225,24.1,1.62,1,1,0,9.246,7.695,5.518,825,900
1278.9494953280214,24.1,1.62,1,0,0,3.311,2.988,2.048,825,900
1279.0440993920213,24.1,1.62,0,0,0,0.0,0.0,0.0,825,900
1279.1396318756401,24.1,1.62,1,0,0,3.311,2.988,2.048,825,900
1279.2069011265025,24.1,1.62,1,1,0,9.246,7.695,5.518,826,900
1279.2855614356083,24.1,1.62,0,1,0,4.554,4.957,2.003,826,900
1279.384492876675,24.1,1.62,1,1,0,9.246,7.695,5.518,826,900
1279.5120569045027,24.1,1.95,1,0,0,3.311,2.988,2.048,826,900
1279.5716893310916,24.1,1.95,0,0,0,0.0,0.0,0.0,826,900
1279.6746479429562,24.1,1.95,1,0,0,3.311,2.988,2.048,826,900
1279.8656012321703,24.1,1.95,0,0,0,0.0,0.0,0.0,826,900
1279.972465352833,24.1,1.95,1,0,0,3.311,2.988,2.048,826,900
1280.1141828142556,24.1,1.95,1,1,0,9.246,7.695,5.518,827,900
1280.1669368208456,24.1,1.95,0,1,0,4.554,4.957,2.003,827,900
1280.277640527306,24.1,1.95,1,1,0,9.246,7.695,5.518,827,900
1280.3463385922548,24.1,1.95,1,0,0,3.311,2.988,2.048,827,900
1280.493878033367,24.1,1.95,0,0,0,0.0,0.0,0.0,827,900
1280.6277603059455,24.1,1.95,1,0,0,3.311,2.988,2.048,827,900
1280.8499546345645,58.7,1.95,0,0,0,0.0,0.0,0.0,827,900
1280.9886984314642,58.7,1.95,1,0,0,3.311,2.988,2.048,827,900
1281.017789560323,58.7,1.95,2,1,0,13.279,10.07,9.16,828,900
1281.0315859675088,58.7,1.95,2,0,0,7.006,5.591,4.53,828,900
1281.1261900315085,58.7,1.95,1,0,0,3.311,2.988,2.048,828,900
1281.2149812884036,58.7,1.95,0,0,0,0.0,0.0,0.0,828,900
1281.2186442556583,58.7,1.95,1,0,0,3.311,2.988,2.048,828,900
1281.3588939626243,58.7,1.95,2,0,0,7.006,5.591,4.53,828,900
1281.3614665501793,58.7,1.95,1,0,0,3.311,2.988,2.048,828,900
1281.4017097739172,58.7,1.95,2,1,0,13.279,10.07,9.16,829,900
1281.415085681029,58.7,1.9400835358215005,2,0,0,7.006,5.591,4.53,829,900
1281.4571166899275,58.7,1.830712063235785,3,0,0,10.385,7.547,7.321,829,900
1281.4782664810289,58.7,1.7756768913885645,2,0,0,7.006,5.591,4.53,829,900
1281.5687539987123,58.7,1.69,3,0,0,10.385,7.547,7.321,829,900
1281.590445571885,58.7,1.69,2,0,0,7.006,5.591,4.53,829,900
1281.6037945490473,58.7,1.69,1,0,0,3.311,2.988,2.048,829,900
1281.7028911003947,58.7,1.69,2,0,0,7.006,5.591,4.53,829,900
1281.7092555975607,58.7,1.69,1,0,0,3.311,2.988,2.048,829,900
1281.7947998212917,58.7,1.69,2,0,0,7.006,5.591,4.53,829,900
1281.8186406607022,58.7,1.69,2,0,1,7.412,5.635,5.165,829,900
1281.8471329327022,58.7,1.69,2,0,0,7.006,5.591,4.53,829,900
1281.8528283321134,58.7,1.69,1,0,0,3.311,2.988,2.048,829,900
1281.9315667463632,58.7,1.69,0,0,0,0.0,0.0,0.0,829,900
1281.9550840010597,58.7,1.69,1,0,0,3.311,2.988,2.048,829,900
1282.0197026464732,58.7,1.69,2,0,0,7.006,5.591,4.53,829,900
1282.1081541733777,58.7,1.69,1,0,0,3.311,2.988,2.048,829,900
1282.1588632649236,58.7,1.69,0,0,0,0.0,0.0,0.0,829,900
1282.213706688923,58.7,1.69,1,0,0,3.311,2.988,2.048,829,900
1282.249711611413,58.7,1.69,2,0,0,7.006,5.591,4.53,829,900
1282.3697809058383,58.7,1.69,1,0,0,3.311,2.988,2.048,829,900
1282.391417635241,58.7,1.69,0,0,0,0.0,0.0,0.0,829,900
1282.4785126979823,58.7,1.69,1,0,0,3.311,2.988,2.048,829,900
1282.4849650191093,58.7,1.69,2,0,0,7.006,5.591,4.53,829,900
1282.6290086403174,58.7,1.69,1,0,0,3.311,2.988,2.048,829,900
1282.6756703194976,58.7,1.69,0,0,0,0.0,0.0,0.0,829,900
1282.6795124434286,58.7,1.69,1,0,0,3.311,2.988,2.048,829,900
1282.7253373965646,58.7,1.69,2,0,0,7.006,5.591,4.53,829,900
1282.7881228656113,58.7,1.69,3,0,0,10.385,7.547,7.321,829,900
1282.8724390951509,58.7,1.69,2,0,0,7.006,5.591,4.53,829,900
1282.9714812597767,58.7,1.69,3,0,0,10.385,7.547,7.321,829,900
1282.973474505894,58.7,1.69,2,0,0,7.006,5.591,4.53,829,900
1282.9886606660964,58.7,1.69,1,0,0,3.311,2.988,2.048,829,900
1283.0082548441296,58.7,1.69,2,1,0,13.279,10.07,9.16,830,900
1283.024089895676,58.7,1.69,2,0,0,7.006,5.591,4.53,830,900
1283.1050685601806,58.7,1.69,3,0,0,10.385,7.547,7.321,830,900
1283.1186939596762,58.7,1.69,2,0,0,7.006,5.591,4.53,830,900
1283.1580137077433,58.7,1.69,1,0,0,3.311,2.988,2.048,830,900
1283.2184843089342,58.7,1.69,2,0,0,7.006,5.591,4.53,830,900
1283.2599679120883,58.7,1.69,3,0,0,10.385,7.547,7.321,830,900
1283.3086375796358,58.7,1.69,2,0,0,7.006,5.591,4.53,830,900
1283.368711855773,58.7,1.69,1,0,0,3.311,2.988,2.048,830,900
1283.42862027769,58.7,1.69,2,0,0,7.006,5.591,4.53,830,900
1283.4490062267726,58.7,1.69,1,0,0,3.311,2.988,2.048,830,900
1283.4721820110954,58.7,1.69,2,0,0,7.006,5.591,4.53,830,900
1283.5540678028358,58.7,47.03892883281512,3,0,0,10.385,7.547,7.321,830,900
1283.6367567721145,58.7,109.0,2,0,0,7.006,5.591,4.53,830,900
1283.663957300999,58.7,109.0,1,0,0,3.311,2.988,2.048,830,900
1283.7469257442392,58.7,109.0,0,0,0,0.0,0.0,0.0,830,900
1283.7906112185071,58.7,109.0,1,0,0,3.311,2.988,2.048,830,900
1283.790690219986,58.7,109.0,1,0,1,3.994,3.474,2.656,830,900
1283.819142491986,58.7,109.0,1,0,0,3.311,2.988,2.048,830,900
1283.8233820851144,58.7,109.0,2,0,0,7.006,5.591,4.53,830,900
1283.8550352330217,58.7,109.0,3,0,0,10.385,7.547,7.321,830,900
1284.0085903225065,58.7,109.0,2,0,0,7.006,5.591,4.53,830,900
1284.0507329611432,58.7,109.0,1,0,0,3.311,2.988,2.048,830,900
1284.0975573491141,58.7,109.0,0,0,0,0.0,0.0,0.0,830,900
1284.1390025155067,58.7,109.0,1,0,0,3.311,2.988,2.048,830,900
1284.1618608296444,58.7,109.0,2,0,0,7.006,5.591,4.53,830,900
1284.3565252355072,58.7,109.0,1,0,0,3.311,2.988,2.048,830,900
1284.3602568724862,58.7,109.0,0,0,0,0.0,0.0,0.0,830,900
1284.486802451507,40.87677289092404,109.0,1,0,0,3.311,2.988,2.048,830,900
1284.645236563706,34.9,109.0,2,0,0,7.006,5.591,4.53,830,900
1284.704254803507,34.9,109.0,1,0,0,3.311,2.988,2.048,830,900
1284.7116696461142,34.9,109.0,2,0,0,7.006,5.591,4.53,830,900
1284.8347696815067,34.9,109.0,3,0,0,10.385,7.547,7.321,830,900
1284.8920356466247,34.9,109.0,2,0,0,7.006,5.591,4.53,830,900
1284.9753674125818,34.9,109.0,3,1,0,17.589,12.354,12.134,831,900
1285.0004674125817,34.9,109.0,3,0,0,10.385,7.547,7.321,831,900
1285.0290713421132,34.9,109.0,2,0,0,7.006,5.591,4.53,831,900
1285.0529691055062,34.9,109.0,1,0,0,3.311,2.988,2.048,831,900
1285.0950714765818,34.9,109.0,0,0,0,0.0,0.0,0.0,831,900
1285.1833254275061,34.9,109.0,1,0,0,3.311,2.988,2.048,831,900
1285.1840684026708,34.9,109.0,2,0,0,7.006,5.591,4.53,831,900
1285.3234008215288,34.9,109.0,1,0,0,3.311,2.988,2.048,831,900
1285.4005932995062,34.9,109.0,0,0,0,0.0,0.0,0.0,831,900
1285.4153656199996,34.9,109.0,1,0,0,3.311,2.988,2.048,831,900
1285.5583255602392,34.9,109.0,0,0,0,0.0,0.0,0.0,831,900
1285.653508727091,34.9,109.0,1,0,0,3.311,2.988,2.048,831,900
1285.7994999967127,34.9,109.0,0,0,0,0.0,0.0,0.0,831,900
1285.8976142379468,34.9,277.1383457049428,1,0,0,3.311,2.988,2.048,831,900
1286.0465104049497,34.9,304.0,0,0,0,0.0,0.0,0.0,831,900
1286.1476934495654,34.9,304.0,1,0,0,3.311,2.988,2.048,831,900
1286.29936561795,34.9,304.0,0,0,0,0.0,0.0,0.0,831,900
1286.403499895947,34.9,304.0,1,0,0,3.311,2.988,2.048,831,900
1286.5960274257125,34.9,304.0,0,0,0,0.0,0.0,0.0,831,900
1286.7036218368605,34.9,304.0,1,0,0,3.311,2.988,2.048,831,900
1286.8135735235064,34.9,304.0,2,0,0,7.006,5.591,4.53,831,900
1286.8992689247768,34.9,304.0,1,0,0,3.311,2.988,2.048,831,900
1287.0105580630745,34.9,304.0,2,0,0,7.006,5.591,4.53,831,900
1287.0803485670951,34.9,304.0,1,0,0,3.311,2.988,2.048,831,900
1287.2089757491417,34.9,304.0,0,0,0,0.0,0.0,0.0,831,900
1287.3235790705905,34.9,304.0,1,0,0,3.311,2.988,2.048,831,900
1287.526303610808,34.9,304.0,0,0,0,0.0,0.0,0.0,831,900
1287.6442792894068,34.9,304.0,1,0,0,3.311,2.988,2.048,831,900
1287.8502401557746,24.982709531603458,196.76206143317515,0,0,0,0.0,0.0,0.0,831,900
1287.9719358495852,9.2,26.1,1,0,0,3.311,2.988,2.048,831,900
1288.186622622861,9.2,26.1,0,0,0,0.0,0.0,0.0,831,900
1288.4027593457497,9.2,26.1,1,0,0,3.311,2.988,2.048,831,900
1288.665638035043,9.2,26.1,0,0,0,0.0,0.0,0.0,831,900
1289.3936110607735,9.2,26.1,1,1,0,9.246,7.695,5.518,832,900
1289.4327110607735,9.2,26.1,1,0,0,3.311,2.988,2.048,832,900
1289.5649458767737,9.2,26.1,0,0,0,0.0,0.0,0.0,832,900
1289.7344704927586,9.2,26.1,1,0,0,3.311,2.988,2.048,832,900
1289.9923464698647,9.2,26.1,0,0,0,0.0,0.0,0.0,832,900
1290.1715473458194,9.2,124.0,1,0,0,3.311,2.988,2.048,832,900
1290.4390779478954,9.2,124.0,0,0,0,0.0,0.0,0.0,832,900
1290.6275292548198,9.2,124.0,1,0,0,3.311,2.988,2.048,832,900
1290.9056042418654,9.2,124.0,0,0,0,0.0,0.0,0.0,832,900
1291.597416174894,9.2,124.0,0,0,1,0.528,0.57,0.438,832,900
1291.626028446894,12.405741240927448,124.0,0,0,0,0.0,0.0,0.0,832,900
1292.1471280029914,31.4,124.0,1,1,0,9.246,7.695,5.518,833,900
1292.3011280029918,31.4,124.0,1,0,0,3.311,2.988,2.048,833,900
1292.4333628189916,31.4,370.0,0,0,0,0.0,0.0,0.0,833,900
1292.7912485376883,31.4,370.0,1,1,0,9.246,7.695,5.518,834,900
1292.8091090028047,31.4,370.0,1,0,0,3.311,2.988,2.048,834,900
1292.9037130668041,31.4,370.0,0,0,0,0.0,0.0,0.0,834,900
1293.0107919297575,31.4,370.0,1,0,0,3.311,2.988,2.048,834,900
1293.2054495648658,31.4,370.0,0,0,0,0.0,0.0,0.0,834,900
1293.3174418050598,31.4,370.0,1,0,0,3.311,2.988,2.048,834,900
1293.4806273156241,31.4,370.0,1,0,1,3.994,3.474,2.656,834,900
1293.5091095876242,31.4,370.0,1,0,0,3.311,2.988,2.048,834,900
1293.5171892654087,31.4,370.0,0,0,0,0.0,0.0,0.0,834,900
1293.5197476595008,31.4,370.0,1,1,0,9.246,7.695,5.518,835,900
1293.6139476595008,31.4,370.0,1,0,0,3.311,2.988,2.048,835,900
1293.6339920038426,31.4,370.0,2,0,0,7.006,5.591,4.53,835,900
1293.6690340107577,31.4,370.0,3,0,0,10.385,7.547,7.321,835,900
1293.7461824755007,31.4,370.0,2,0,0,7.006,5.591,4.53,835,900
1293.7562130111132,31.4,370.0,2,0,1,7.412,5.635,5.165,835,900
1293.7915836849415,31.4,370.0,2,0,0,7.006,5.591,4.53,835,900
1293.8392700254326,31.4,370.0,1,0,0,3.311,2.988,2.048,835,900
1293.9608793561067,31.4,370.0,2,0,0,7.006,5.591,4.53,835,900
1293.9752654910503,31.4,370.0,1,0,0,3.311,2.988,2.048,835,900
1294.190732742122,31.4,370.0,0,0,0,0.0,0.0,0.0,835,900
1294.3540293472545,31.4,370.0,1,1,0,9.246,7.695,5.518,836,900
1294.3829196293862,31.4,370.0,1,0,0,3.311,2.988,2.048,836,900
1294.515154445386,31.4,362.84858161468765,0,0,0,0.0,0.0,0.0,836,900
1294.673375076775,31.4,144.0,1,1,0,9.246,7.695,5.518,837,900
1294.6907637560205,31.4,144.0,1,0,0,3.311,2.988,2.048,837,900
1294.7853678200204,31.4,144.0,0,0,0,0.0,0.0,0.0,837,900
1294.8907489468509,31.4,144.0,1,0,0,3.311,2.988,2.048,837,900
1294.9550068342041,31.4,144.0,2,1,0,13.279,10.07,9.16,838,900
1295.010006834204,31.4,144.0,2,0,0,7.006,5.591,4.53,838,900
1295.0466199523214,31.4,144.0,1,0,0,3.311,2.988,2.048,838,900
1295.1046108982034,31.4,144.0,0,0,0,0.0,0.0,0.0,838,900
1295.156049652642,31.4,144.0,1,0,0,3.311,2.988,2.048,838,900
1295.2024183222034,31.4,144.0,2,0,0,7.006,5.591,4.53,838,900
1295.350126002203,31.4,144.0,1,0,0,3.311,2.988,2.048,838,900
1295.3538371686038,31.4,144.0,0,0,0,0.0,0.0,0.0,838,900
1295.4478546412035,26.50056840931577,144.0,1,0,0,3.311,2.988,2.048,838,900
1295.4516352215635,25.991310250397625,144.0,2,0,0,7.006,5.591,4.53,838,900
1295.5961431852038,17.9,144.0,1,0,0,3.311,2.988,2.048,838,900
1295.6373853466393,17.9,144.0,0,0,0,0.0,0.0,0.0,838,900
1295.6652802360945,17.9,144.0,0,0,1,0.528,0.57,0.438,838,900
1295.6940435352042,17.9,144.0,1,0,1,3.994,3.474,2.656,838,900
1295.7387480665295,17.9,144.0,2,0,1,7.412,5.635,5.165,838,900
1295.757262508095,17.9,144.0,2,0,0,7.006,5.591,4.53,838,900
1295.8423167512044,17.9,144.0,1,0,0,3.311,2.988,2.048,838,900
1295.9276755285355,17.9,144.0,0,0,0,0.0,0.0,0.0,838,900
1295.9289982723483,17.9,144.0,1,0,0,3.311,2.988,2.048,838,900
1296.0325369923553,17.9,144.0,2,0,0,7.006,5.591,4.53,838,900
1296.0663717863592,17.9,144.0,1,0,0,3.311,2.988,2.048,838,900
1296.1554925805751,17.9,144.0,2,0,0,7.006,5.591,4.53,838,900
1296.2250278072913,17.9,144.0,1,0,0,3.311,2.988,2.048,838,900
1296.2950125656573,17.9,144.0,0,0,0,0.0,0.0,0.0,838,900
1296.386455062945,17.9,144.0,1,0,0,3.311,2.988,2.048,838,900
1296.5288069590995,17.9,119.82044535098467,0,0,0,0.0,0.0,0.0,838,900
1296.6116320662359,17.9,1.57,1,0,0,3.311,2.988,2.048,838,900
1296.6227531414584,17.9,1.57,2,0,0,7.006,5.591,4.53,838,900
1296.7672224846845,17.9,1.57,1,0,0,3.311,2.988,2.048,838,900
1296.863479650115,17.9,1.57,2,0,0,7.006,5.591,4.53,838,900
1296.9405753749293,17.9,1.57,1,0,0,3.311,2.988,2.048,838,900
1296.9516441080941,17.9,1.57,2,1,0,13.279,10.07,9.16,839,900
1296.9658225696323,17.9,1.57,2,0,0,7.006,5.591,4.53,839,900
1297.0097958484128,17.9,1.57,1,0,0,3.311,2.988,2.048,839,900
1297.060426633632,17.9,1.57,0,0,0,0.0,0.0,0.0,839,900
1297.1084997429155,17.9,1.57,1,0,0,3.311,2.988,2.048,839,900
1297.1542556922475,17.9,1.57,2,0,0,7.006,5.591,4.53,839,900
1297.2577615482855,17.9,1.57,1,0,0,3.311,2.988,2.048,839,900
1297.2984657760937,17.9,1.57,0,0,0,0.0,0.0,0.0,839,900
1297.3589058628602,17.9,1.57,1,0,0,3.311,2.988,2.048,839,900
1297.3955814343244,17.9,1.57,2,0,0,7.006,5.591,4.53,839,900
1297.5106340113018,17.9,1.57,1,0,0,3.311,2.988,2.048,839,900
1297.5437377667854,17.9,1.57,0,0,0,0.0,0.0,0.0,839,900
1297.6141167679477,17.9,1.57,1,0,0,3.311,2.988,2.048,839,900
1297.6443905206309,17.9,1.57,2,0,0,7.006,5.591,4.53,839,900
1297.7631376184538,17.9,1.57,1,0,0,3.311,2.988,2.048,839,900
1297.8332132937087,17.9,1.57,0,0,0,0.0,0.0,0.0,839,900
1297.8612607239004,17.9,1.57,1,0,0,3.311,2.988,2.048,839,900
1297.9375131334011,17.9,1.57,2,0,0,7.006,5.591,4.53,839,900
1298.0468211014236,17.9,1.57,1,0,0,3.311,2.988,2.048,839,900
1298.129335020324,17.9,1.57,0,0,0,0.0,0.0,0.0,839,900
1298.1474976294894,17.9,1.57,1,0,0,3.311,2.988,2.048,839,900
1298.2386924804805,17.9,1.57,2,0,0,7.006,5.591,4.53,839,900
1298.3005927850393,17.9,1.57,3,0,0,10.385,7.547,7.321,839,900
1298.3357766796325,17.9,1.57,2,0,0,7.006,5.591,4.53,839,900
1298.435517070887,17.9,1.57,1,0,0,3.311,2.988,2.048,839,900
1298.4388391463192,17.9,1.57,2,0,0,7.006,5.591,4.53,839,900
1298.4416915600402,17.9,1.57,3,1,0,17.589,12.354,12.134,840,900
1298.4559799321332,17.9,1.57,3,0,0,10.385,7.547,7.321,840,900
1298.5612605602541,17.9,1.57,2,0,0,7.006,5.591,4.53,840,900
1298.5752989543184,17.9,1.57,1,0,0,3.311,2.988,2.048,840,900
1298.6448085712952,17.9,48.11524560196815,2,0,0,7.006,5.591,4.53,840,900
1298.6809499456244,17.9,98.12779266141862,3,0,0,10.385,7.547,7.321,840,900
1298.7499358764485,17.9,140.0,2,0,0,7.006,5.591,4.53,840,900
1298.7894178985819,17.9,140.0,1,0,0,3.311,2.988,2.048,840,900
1298.8668823186047,22.260512345574334,140.0,2,0,0,7.006,5.591,4.53,840,900
1298.871700869008,22.640763878342693,140.0,1,0,0,3.311,2.988,2.048,840,900
1298.8869551616126,23.84454253748813,140.0,2,0,0,7.006,5.591,4.53,840,900
1298.979841510934,25.8,140.0,3,0,0,10.385,7.547,7.321,840,900
1299.0355368257676,25.8,140.0,2,0,0,7.006,5.591,4.53,840,900
1299.0714484970108,25.8,140.0,1,0,0,3.311,2.988,2.048,840,900
1299.136637272667,25.8,140.0,2,0,0,7.006,5.591,4.53,840,900
1299.1758802269383,25.8,140.0,1,0,0,3.311,2.988,2.048,840,900
1299.192434946167,25.8,140.0,2,0,0,7.006,5.591,4.53,840,900
1299.2863721484846,25.8,140.0,3,0,0,10.385,7.547,7.321,840,900
1299.3259114656903,25.8,140.0,2,0,0,7.006,5.591,4.53,840,900
1299.4008388945738,25.8,140.0,1,0,0,3.311,2.988,2.048,840,900
1299.430688813582,25.8,140.0,2,0,0,7.006,5.591,4.53,840,900
1299.483840609109,25.8,140.0,1,0,0,3.311,2.988,2.048,840,900
1299.5258685857298,25.8,140.0,2,0,0,7.006,5.591,4.53,840,900
1299.5966356532758,25.8,140.0,3,0,0,10.385,7.547,7.321,840,900
1299.6229919355976,25.8,140.0,2,0,0,7.006,5.591,4.53,840,900
1299.7318341454811,25.8,140.0,3,0,0,10.385,7.547,7.321,840,900
1299.7388098881358,25.8,140.0,2,0,0,7.006,5.591,4.53,840,900
1299.7974155225197,25.8,140.0,1,0,0,3.311,2.988,2.048,840,900
1299.9127099413067,25.8,140.0,2,0,0,7.006,5.591,4.53,840,900
1299.928139700489,25.8,140.0,1,0,0,3.311,2.988,2.048,840,900
1300.040655702365,25.8,140.0,2,0,0,7.006,5.591,4.53,840,900
1300.115493859171,25.8,140.0,1,0,0,3.311,2.988,2.048,840,900
1300.2414636583646,25.8,140.0,0,0,0,0.0,0.0,0.0,840,900
1300.3578342882327,25.8,140.0,1,0,0,3.311,2.988,2.048,840,900
1300.5086846872919,25.8,140.0,2,0,0,7.006,5.591,4.53,840,900
1300.5618208692251,25.8,140.0,1,0,0,3.311,2.988,2.048,840,900
1300.6822012250855,25.8,140.0,2,0,0,7.006,5.591,4.53,840,900
1300.7758974184478,25.8,140.0,1,0,0,3.311,2.988,2.048,840,900
1300.8899952950694,25.8,130.57647329056994,0,0,0,0.0,0.0,0.0,840,900
1301.0143886119222,25.8,128.0,1,0,0,3.311,2.988,2.048,840,900
1301.226689754899,25.8,128.0,0,0,0,0.0,0.0,0.0,840,900
1301.9958978987434,25.8,128.0,1,0,0,3.311,2.988,2.048,840,900
1302.2559360485673,25.8,128.0,0,0,0,0.0,0.0,0.0,840,900
1303.8165090160458,53.5,2.02,0,1,0,4.554,4.957,2.003,841,900
1303.9279314607124,53.5,2.02,0,0,0,0.0,0.0,0.0,841,900
1306.3379974769816,79.2,16.2,0,1,0,4.554,4.957,2.003,842,900
1306.6059337427869,79.2,16.2,0,0,0,0.0,0.0,0.0,842,900
1306.7702075871784,79.2,16.2,1,1,0,9.246,7.695,5.518,843,900
1306.8030047402033,79.2,16.2,1,0,0,3.311,2.988,2.048,843,900
1306.9352395562034,79.2,1.82,0,0,0,0.0,0.0,0.0,843,900
1307.6442909771017,79.2,1.82,0,1,0,4.554,4.957,2.003,844,900
1307.9466669825695,79.2,1.82,1,2,0,15.716,13.138,11.485,845,900
1307.9626626307613,79.2,1.82,1,1,0,9.246,7.695,5.518,845,900
1307.975446755102,79.2,1.82,1,0,0,3.311,2.988,2.048,845,900
1308.0572666947617,79.2,1.82,0,0,0,0.0,0.0,0.0,845,900
1308.2070741187604,79.2,1.82,1,0,0,3.311,2.988,2.048,845,900
1308.3652040852435,79.2,1.82,2,1,0,13.279,10.07,9.16,846,900
1308.3707313055677,79.2,1.82,3,2,0,24.826,17.679,18.858,847,900
1308.3848446286916,79.2,1.82,3,1,0,17.589,12.354,12.134,847,900
1308.4047040852433,79.2,1.82,3,0,0,10.385,7.547,7.321,847,900
1308.4067817987593,79.2,1.82,2,0,0,7.006,5.591,4.53,847,900
1308.4794486926917,79.2,1.82,1,0,0,3.311,2.988,2.048,847,900
1308.4993081492435,79.2,1.82,0,0,0,0.0,0.0,0.0,847,900
1308.5565104377592,79.2,1.82,1,0,0,3.311,2.988,2.048,847,900
1308.578850080002,79.2,1.82,2,0,0,7.006,5.591,4.53,847,900
1308.6017631676677,79.2,1.82,3,0,0,10.385,7.547,7.321,847,900
1308.7286849997638,79.2,1.82,2,0,0,7.006,5.591,4.53,847,900
1308.7546804924523,79.2,1.82,1,0,0,3.311,2.988,2.048,847,900
1308.7940072697597,79.2,1.82,0,0,0,0.0,0.0,0.0,847,900
1308.831740537228,79.2,1.82,1,0,0,3.311,2.988,2.048,847,900
1308.860991078395,79.2,1.82,2,0,0,7.006,5.591,4.53,847,900
1308.9437885167604,79.2,12.46131413921699,3,0,0,10.385,7.547,7.321,847,900
1308.985889256143,79.2,26.17237973076225,2,0,0,7.006,5.591,4.53,847,900
1309.0556319076977,79.2,34.6,1,0,0,3.311,2.988,2.048,847,900
1309.092849439761,79.2,34.6,2,0,0,7.006,5.591,4.53,847,900
1309.1657107383855,50.86951822067851,34.6,3,0,0,10.385,7.547,7.321,847,900
1309.18106762076,42.79295598636507,34.6,2,0,0,7.006,5.591,4.53,847,900
1309.288032149829,26.9,34.6,1,0,0,3.311,2.988,2.048,847,900
1309.3343320397873,26.9,34.6,2,0,0,7.006,5.591,4.53,847,900
1309.3619090874383,26.9,34.6,2,0,1,7.412,5.635,5.165,847,900
1309.3637768095257,26.9,34.6,1,0,1,3.994,3.474,2.656,847,900
1309.3978413594384,26.9,34.6,1,0,0,3.311,2.988,2.048,847,900
1309.3990594770505,26.9,34.6,2,0,0,7.006,5.591,4.53,847,900
1309.4781614048352,26.9,34.6,3,0,0,10.385,7.547,7.321,847,900
1309.5755631501986,26.9,34.6,2,0,0,7.006,5.591,4.53,847,900
1309.5976613587234,26.9,34.6,1,0,0,3.311,2.988,2.048,847,900
1309.6802115893115,26.9,34.6,0,0,0,0.0,0.0,0.0,847,900
1309.7131437905493,26.9,34.6,1,0,0,3.311,2.988,2.048,847,900
1309.7355419072946,26.9,34.6,2,0,0,7.006,5.591,4.53,847,900
1309.7989017049556,26.9,34.6,3,0,0,10.385,7.547,7.321,847,900
1309.9161383478256,26.9,34.6,2,0,0,7.006,5.591,4.53,847,900
1309.9835519647738,26.9,34.6,1,0,0,3.311,2.988,2.048,847,900
1310.0053220187679,26.9,34.6,0,0,0,0.0,0.0,0.0,847,900
1310.0356848142555,26.9,34.6,1,0,0,3.311,2.988,2.048,847,900
1310.1286902937486,26.9,34.6,2,0,0,7.006,5.591,4.53,847,900
1310.1506176989387,26.9,34.6,3,0,0,10.385,7.547,7.321,847,900
1310.2435720151361,26.9,34.6,2,0,0,7.006,5.591,4.53,847,900
1310.3402981768959,26.9,34.6,1,0,0,3.311,2.988,2.048,847,900
1310.3673633521705,26.9,34.6,2,0,0,7.006,5.591,4.53,847,900
1310.4062241434865,26.9,34.6,1,0,0,3.311,2.988,2.048,847,900
1310.5543860835185,26.9,34.6,2,1,0,13.279,10.07,9.16,848,900
1310.567958984844,26.9,34.6,2,0,0,7.006,5.591,4.53,848,900
1310.5788194206552,26.9,34.6,1,0,0,3.311,2.988,2.048,848,900
1310.6625630488438,26.9,34.6,0,0,0,0.0,0.0,0.0,848,900
1310.707010726293,26.9,34.6,1,0,0,3.311,2.988,2.048,848,900
1310.754212980207,26.9,34.6,2,0,0,7.006,5.591,4.53,848,900
1310.8410577175582,26.9,34.6,2,0,1,7.412,5.635,5.165,848,900
1310.8697199895585,26.9,34.6,2,0,0,7.006,5.591,4.53,848,900
1310.8962234032113,26.9,34.6,1,0,0,3.311,2.988,2.048,848,900
1310.9226645263814,26.9,30.967468079931006,0,0,0,0.0,0.0,0.0,848,900
1310.991016199059,26.9,8.452548828323206,1,0,0,3.311,2.988,2.048,848,900
1311.055259035623,26.9,1.65,2,0,0,7.006,5.591,4.53,848,900
1311.1368291355482,26.9,1.65,1,0,0,3.311,2.988,2.048,848,900
1311.2350152918812,26.9,1.65,2,0,0,7.006,5.591,4.53,848,900
1311.2758101513157,26.9,1.65,1,0,0,3.311,2.988,2.048,848,900
1311.384034549854,26.9,1.65,0,0,0,0.0,0.0,0.0,848,900
1311.485326772671,26.9,1.65,1,0,0,3.311,2.988,2.048,848,900
1311.6374259201284,26.9,1.65,0,0,0,0.0,0.0,0.0,848,900
1311.74196193843,26.9,1.65,1,0,0,3.311,2.988,2.048,848,900
1311.8970120793729,26.9,1.65,0,0,0,0.0,0.0,0.0,848,900
1312.0046743231596,26.9,1.65,1,0,0,3.311,2.988,2.048,848,900
1312.0270553187236,26.9,1.65,2,1,0,13.279,10.07,9.16,849,900
1312.0404312258354,26.9,1.65,2,0,0,7.006,5.591,4.53,849,900
1312.0536097301615,26.9,1.65,3,0,0,10.385,7.547,7.321,849,900
1312.3728781580376,26.9,1.65,2,0,0,7.006,5.591,4.53,849,900
1312.4286423859112,26.9,1.65,3,0,0,10.385,7.547,7.321,849,900
1312.5114772290508,26.90418727266294,1.65,2,0,0,7.006,5.591,4.53,849,900
1312.5735007506187,43.573825371538696,1.65,1,0,0,3.311,2.988,2.048,849,900
1312.6266943150872,53.8,1.65,2,0,0,7.006,5.591,4.53,849,900
1312.642758344831,53.8,1.65,1,0,0,3.311,2.988,2.048,849,900
1312.6701572495951,53.8,1.65,2,0,0,7.006,5.591,4.53,849,900
1312.8179099934505,53.8,1.65,1,0,0,3.311,2.988,2.048,849,900
1312.829064947765,53.8,1.65,0,0,0,0.0,0.0,0.0,849,900
1312.9177796245735,53.8,1.6584698872971335,1,0,0,3.311,2.988,2.048,849,900
1312.9477962079268,53.8,1.6974216458951463,2,0,0,7.006,5.591,4.53,849,900
1313.0685784595746,53.8,1.78,1,0,0,3.311,2.988,2.048,849,900
1313.154673685729,53.8,1.78,0,0,0,0.0,0.0,0.0,849,900
1313.1716478138446,53.8,1.78,1,0,0,3.311,2.988,2.048,849,900
1313.2769772940162,53.8,1.78,2,0,0,7.006,5.591,4.53,849,900
1313.3252849319929,53.8,1.78,1,0,0,3.311,2.988,2.048,849,900
1313.4316363444098,53.8,1.78,2,0,0,7.006,5.591,4.53,849,900
1313.4872910889446,53.8,1.78,1,0,0,3.311,2.988,2.048,849,900
1313.5888322257044,53.8,1.78,0,0,0,0.0,0.0,0.0,849,900
1313.6983977322673,53.8,1.78,1,0,0,3.311,2.988,2.048,849,900
1313.8955250487086,53.8,1.78,0,0,0,0.0,0.0,0.0,849,900
1314.008574807296,53.8,1.78,1,0,0,3.311,2.988,2.048,849,900
1314.0407635663564,53.8,1.78,2,0,0,7.006,5.591,4.53,849,900
1314.208780202762,53.8,1.78,1,0,0,3.311,2.988,2.048,849,900
1314.3025880348157,53.8,1.78,0,0,0,0.0,0.0,0.0,849,900
1314.3255095453742,53.8,1.78,1,0,0,3.311,2.988,2.048,849,900
1314.530106779865,53.8,1.78,0,0,0,0.0,0.0,0.0,849,900
1314.650456247503,53.8,1.78,1,0,0,3.311,2.988,2.048,849,900
1314.8584654810181,53.8,1.78,0,0,0,0.0,0.0,0.0,849,900
1314.9822877969161,53.8,17.649551280177384,1,0,0,3.311,2.988,2.048,849,900
1315.1934491563661,53.8,24.3,0,0,0,0.0,0.0,0.0,849,900
1315.4916902486705,53.8,24.3,1,0,0,3.311,2.988,2.048,849,900
1315.752105078729,53.8,24.3,0,0,0,0.0,0.0,0.0,849,900
1317.9356222157044,56.7,1.93,0,1,0,4.554,4.957,2.003,850,900
1318.179125819791,56.7,1.93,0,0,0,0.0,0.0,0.0,850,900
1320.6136244977847,74.7,49.7,0,1,0,4.554,4.957,2.003,851,900
1320.8050078885792,74.7,49.7,0,2,0,11.362,10.917,4.906,852,900
1320.8407802757852,74.7,49.7,0,1,0,4.554,4.957,2.003,852,900
1320.9210241266555,74.7,49.7,0,1,1,5.364,5.595,3.203,852,900
1320.9591998111569,74.7,49.7,0,0,1,0.528,0.57,0.438,852,900
1320.9720063986551,74.7,49.7,0,0,0,0.0,0.0,0.0,852,900
1321.9831375101005,74.7,2.19,0,1,0,4.554,4.957,2.003,853,900
1322.0761095043163,74.7,2.19,0,0,0,0.0,0.0,0.0,853,900
1322.1475903957862,74.7,2.19,1,1,0,9.246,7.695,5.518,854,900
1322.166641761361,74.7,2.19,1,0,0,3.311,2.988,2.048,854,900
1322.1843216830391,74.7,2.19,2,1,0,13.279,10.07,9.16,855,900
1322.2008082662235,74.7,2.19,2,0,0,7.006,5.591,4.53,855,900
1322.295412330224,74.7,2.19,1,0,0,3.311,2.988,2.048,855,900
1322.2988765773619,74.7,2.19,0,0,0,0.0,0.0,0.0,855,900
1322.3975472363345,74.7,2.19,1,0,0,3.311,2.988,2.048,855,900
1322.4072363509888,74.7,2.19,2,0,0,7.006,5.591,4.53,855,900
1322.4188218698334,74.7,2.19,2,1,0,13.279,10.07,9.16,856,900
1322.508523102379,74.7,2.19,2,0,0,7.006,5.591,4.53,856,900
1322.5851549163342,74.7,2.19,1,0,0,3.311,2.988,2.048,856,900
1322.603376518714,74.7,2.19,0,0,0,0.0,0.0,0.0,856,900
1322.7168448161253,74.7,2.19,1,0,0,3.311,2.988,2.048,856,900
1322.7227835553338,74.7,2.19,2,0,0,7.006,5.591,4.53,856,900
1322.9013297038184,74.7,2.19,2,0,1,7.412,5.635,5.165,856,900
1322.918071872636,74.7,2.19,1,0,1,3.994,3.474,2.656,856,900
1322.9296819758185,74.7,2.19,1,0,0,3.311,2.988,2.048,856,900
1322.9481803873343,74.7,2.19,0,0,0,0.0,0.0,0.0,856,900
1323.0362228648312,74.7,2.19,1,0,0,3.311,2.988,2.048,856,900
1323.085861634334,74.7,2.19,2,0,0,7.006,5.591,4.53,856,900
1323.2434265701263,69.7503158441055,123.0,1,0,0,3.311,2.988,2.048,856,900
1323.3110407383347,59.383572681959926,123.0,0,0,0,0.0,0.0,0.0,856,900
1323.4486529313347,59.3,123.0,1,0,0,3.311,2.988,2.048,856,900
1323.6733756513352,59.3,123.0,0,0,0,0.0,0.0,0.0,856,900
1323.810852867335,59.3,123.0,1,0,0,3.311,2.988,2.048,856,900
1324.0355052193354,59.3,123.0,0,0,0,0.0,0.0,0.0,856,900
1324.0851764104514,59.3,123.0,1,1,0,9.246,7.695,5.518,857,900
1324.098230234814,59.3,123.0,1,0,0,3.311,2.988,2.048,857,900
1324.1732200973356,59.3,123.0,2,0,0,7.006,5.591,4.53,857,900
1324.1928342988142,59.3,123.0,1,0,0,3.311,2.988,2.048,857,900
1324.2826163155903,59.3,123.0,2,0,0,7.006,5.591,4.53,857,900
1324.3704467477312,59.3,123.0,2,0,1,7.412,5.635,5.165,857,900
1324.3986195213351,59.3,123.0,1,0,1,3.994,3.474,2.656,857,900
1324.417729019731,59.3,123.0,1,0,0,3.311,2.988,2.048,857,900
1324.422741222927,59.3,123.0,0,0,0,0.0,0.0,0.0,857,900
1324.5155428966293,59.3,123.0,1,0,0,3.311,2.988,2.048,857,900
1324.6593471098931,59.3,123.0,0,0,0,0.0,0.0,0.0,857,900
1324.7554189365223,59.3,123.0,1,0,0,3.311,2.988,2.048,857,900
1324.9023062637125,59.3,123.0,0,0,0,0.0,0.0,0.0,857,900
1325.001360949268,59.3,123.0,1,0,0,3.311,2.988,2.048,857,900
1325.1531153535482,59.3,73.06339047987632,0,0,0,0.0,0.0,0.0,857,900
1325.2617214227487,59.3,1.87,1,0,0,3.311,2.988,2.048,857,900
1325.4208719597973,59.3,1.87,0,0,0,0.0,0.0,0.0,857,900
1325.5328166709323,59.3,1.87,1,0,0,3.311,2.988,2.048,857,900
1325.573336169162,59.3,1.87,2,1,0,13.279,10.07,9.16,858,900
1325.593936169162,59.3,1.87,2,0,0,7.006,5.591,4.53,858,900
1325.6885402331623,59.3,1.87,1,0,0,3.311,2.988,2.048,858,900
1325.733209977915,59.3,1.87,0,0,0,0.0,0.0,0.0,858,900
1325.777281261733,59.3,1.87,1,0,0,3.311,2.988,2.048,858,900
1325.8490575748317,59.3,1.87,2,0,0,7.006,5.591,4.53,858,900
1325.9163553717883,59.3,1.87,1,0,0,3.311,2.988,2.048,858,900
1325.931988288107,59.3,1.87,2,0,0,7.006,5.591,4.53,858,900
1326.008047393752,59.3,1.87,3,0,0,10.385,7.547,7.321,858,900
1326.0530131925964,59.3,1.87,2,0,0,7.006,5.591,4.53,858,900
1326.1417574788015,59.3,1.87,3,0,0,10.385,7.547,7.321,858,900
1326.150732146201,59.3,1.87,2,0,0,7.006,5.591,4.53,858,900
1326.172998269295,59.3,1.87,3,0,0,10.385,7.547,7.321,858,900
1326.3751982373026,59.3,1.87,2,0,0,7.006,5.591,4.53,858,900
1326.3801672378424,59.3,1.87,1,0,0,3.311,2.988,2.048,858,900
1326.3913248604015,59.3,1.87,0,0,0,0.0,0.0,0.0,858,900
1326.4891325671524,59.3,1.87,1,0,0,3.311,2.988,2.048,858,900
1326.5039092503227,59.3,1.87,2,0,0,7.006,5.591,4.53,858,900
1326.6377197883883,59.3,1.87,1,0,0,3.311,2.988,2.048,858,900
1326.715827825651,59.3,1.87,0,0,0,0.0,0.0,0.0,858,900
1326.7385794195318,59.3,1.87,1,0,0,3.311,2.988,2.048,858,900
1326.8433849479127,53.132167695201716,1.87,2,0,0,7.006,5.591,4.53,858,900
1326.88992576316,44.13556069932436,1.87,1,0,0,3.311,2.988,2.048,858,900
1326.9937197486977,40.0,1.87,2,0,0,7.006,5.591,4.53,858,900
1327.058982602023,40.0,1.87,1,0,0,3.311,2.988,2.048,858,900
1327.1859045747199,40.0,1.87,0,0,0,0.0,0.0,0.0,858,900
1327.1905794120667,40.0,1.87,1,0,0,3.311,2.988,2.048,858,900
1327.2931394031355,40.0,74.19446413733819,2,0,0,7.006,5.591,4.53,858,900
1327.4097934569586,40.0,90.4,1,0,0,3.311,2.988,2.048,858,900
1327.4884244970358,40.0,90.4,0,0,0,0.0,0.0,0.0,858,900
1327.5993347623291,40.0,90.4,1,0,0,3.311,2.988,2.048,858,900
1327.6306314577841,40.0,90.4,2,0,0,7.006,5.591,4.53,858,900
1327.797371164108,40.0,90.4,1,0,0,3.311,2.988,2.048,858,900
1327.8982859991531,40.0,90.4,0,0,0,0.0,0.0,0.0,858,900
1327.9115763222796,40.0,90.4,1,0,0,3.311,2.988,2.048,858,900
1328.1139002879352,40.0,90.4,0,0,0,0.0,0.0,0.0,858,900
1328.2314585129852,40.0,90.4,1,0,0,3.311,2.988,2.048,858,900
1328.43699951452,40.0,90.4,0,0,0,0.0,0.0,0.0,858,900
1328.5603335491573,40.0,90.4,1,0,0,3.311,2.988,2.048,858,900
1328.7715063607284,40.0,90.4,0,0,0,0.0,0.0,0.0,858,900
1328.9839940623006,40.0,90.4,1,0,0,3.311,2.988,2.048,858,900
1329.2431658475866,40.0,90.4,0,0,0,0.0,0.0,0.0,858,900
1332.1868165747944,24.8,293.0,0,1,0,4.554,4.957,2.003,859,900
1332.4303201788812,24.8,293.0,0,0,0,0.0,0.0,0.0,859,900
1334.8484710307873,49.0,1.59,0,1,0,4.554,4.957,2.003,860,900
1334.9668905661595,49.0,1.59,1,2,0,15.716,13.138,11.485,861,900
1335.0105905661596,49.0,1.59,1,1,0,9.246,7.695,5.518,861,900
1335.0376268087873,49.0,1.59,1,0,0,3.311,2.988,2.048,861,900
1335.142825382159,49.0,1.59,0,0,0,0.0,0.0,0.0,861,900
1336.0674751218028,49.0,2.02,1,1,0,9.246,7.695,5.518,862,900
1336.0838002593187,49.0,2.02,2,2,0,21.094,15.238,15.196,863,900
1336.1120002593186,49.0,2.02,2,1,0,13.279,10.07,9.16,863,900
1336.1130751218027,49.0,2.02,2,0,0,7.006,5.591,4.53,863,900
1336.1510017623027,49.0,2.02,3,1,0,17.589,12.354,12.134,864,900
1336.159871829675,49.0,2.02,3,0,0,10.385,7.547,7.321,864,900
1336.2066043233192,49.0,2.02,2,0,0,7.006,5.591,4.53,864,900
1336.2230526296753,49.0,2.02,1,0,0,3.311,2.988,2.048,864,900
1336.2453099378033,49.0,2.02,0,0,0,0.0,0.0,0.0,864,900
1336.29747852889,49.0,2.02,1,0,0,3.311,2.988,2.048,864,900
1336.299058547469,49.0,2.02,2,0,0,7.006,5.591,4.53,864,900
1336.3913122060758,49.0,2.02,1,0,0,3.311,2.988,2.048,864,900
1336.4418808419898,49.0,2.02,0,0,0,0.0,0.0,0.0,864,900
1336.467463588117,49.0,2.02,1,0,0,3.311,2.988,2.048,864,900
1336.4829676681534,49.0,2.02,1,0,1,3.994,3.474,2.656,864,900
1336.5112699401534,49.0,2.02,1,0,0,3.311,2.988,2.048,864,900
1336.5162138573812,49.0,2.02,2,1,0,13.279,10.07,9.16,865,900
1336.5611539687068,49.0,2.02,3,1,0,17.589,12.354,12.134,865,900
1336.5633555811291,49.0,2.02,2,1,0,13.279,10.07,9.16,865,900
1336.6413388169979,49.0,2.02,3,1,0,17.589,12.354,12.134,865,900
1336.6702138573814,49.0,2.02,3,0,0,10.385,7.547,7.321,865,900
1336.7387499898373,49.0,2.02,2,0,0,7.006,5.591,4.53,865,900
1336.7984425127077,49.0,2.02,1,0,0,3.311,2.988,2.048,865,900
1336.8024486733816,49.0,2.02,0,0,0,0.0,0.0,0.0,865,900
1336.8184890445323,49.0,2.02,1,0,0,3.311,2.988,2.048,865,900
1336.9495846771983,49.0,2.02,0,0,0,0.0,0.0,0.0,865,900
1336.985342862708,49.0,2.02,1,0,0,3.311,2.988,2.048,865,900
1337.0315253776912,49.0,2.02,2,0,0,7.006,5.591,4.53,865,900
1337.1637505281549,52.79872040740091,2.02,1,0,0,3.311,2.988,2.048,865,900
1337.2226160787072,56.3,2.02,0,0,0,0.0,0.0,0.0,865,900
1337.247570826445,56.3,2.02,1,0,0,3.311,2.988,2.048,865,900
1337.3817694947074,56.3,2.02,0,0,0,0.0,0.0,0.0,865,900
1337.4094008457075,56.3,2.02,1,0,0,3.311,2.988,2.048,865,900
1337.4678059647956,56.3,2.02,2,0,0,7.006,5.591,4.53,865,900
1337.6047420228547,56.3,2.02,1,0,0,3.311,2.988,2.048,865,900
1337.6465323017067,56.3,2.02,0,0,0,0.0,0.0,0.0,865,900
1337.667143869535,56.3,2.02,1,1,0,9.246,7.695,5.518,866,900
1337.6803852488454,56.3,2.02,1,0,0,3.311,2.988,2.048,866,900
1337.6929005577408,56.3,2.02,2,0,0,7.006,5.591,4.53,866,900
1337.7435660488447,56.3,1.956511382237445,1,0,0,3.311,2.988,2.048,866,900
1337.8320694295985,56.3,1.82,0,0,0,0.0,0.0,0.0,866,900
1337.8333392147065,56.3,1.82,1,0,0,3.311,2.988,2.048,866,900
1337.8335740256787,56.3,1.82,2,0,0,7.006,5.591,4.53,866,900
1337.9223943132833,56.3,1.82,3,0,0,10.385,7.547,7.321,866,900
1337.9740686287653,56.3,1.82,2,0,0,7.006,5.591,4.53,866,900
1338.0627650229383,56.3,1.82,1,0,0,3.311,2.988,2.048,866,900
1338.0671212933682,56.3,1.82,2,0,0,7.006,5.591,4.53,866,900
1338.0702000147064,56.3,1.82,1,0,0,3.311,2.988,2.048,866,900
1338.1551645144202,56.3,1.82,2,0,0,7.006,5.591,4.53,866,900
1338.2114636242247,56.3,1.82,1,0,0,3.311,2.988,2.048,866,900
1338.2569115037065,56.3,1.82,2,0,0,7.006,5.591,4.53,866,900
1338.2982848378736,56.3,1.82,1,0,0,3.311,2.988,2.048,866,900
1338.3075767195978,56.3,1.82,2,0,0,7.006,5.591,4.53,866,900
1338.3927906131537,56.3,1.82,3,0,0,10.385,7.547,7.321,866,900
1338.4547814982245,56.3,1.82,2,0,0,7.006,5.591,4.53,866,900
1338.531581007706,56.3,1.82,1,0,0,3.311,2.988,2.048,866,900
1338.5378584704047,56.3,1.82,0,0,0,0.0,0.0,0.0,866,900
1338.5586463942243,56.3,1.82,1,0,0,3.311,2.988,2.048,866,900
1338.6344307544825,56.3,1.82,2,0,0,7.006,5.591,4.53,866,900
1338.7083401073223,56.3,1.82,3,0,0,10.385,7.547,7.321,866,900
1338.714886654394,56.3,1.82,2,0,0,7.006,5.591,4.53,866,900
1338.781141057532,56.3,1.82,1,0,0,3.311,2.988,2.048,866,900
1338.824352566182,56.3,1.82,2,0,0,7.006,5.591,4.53,866,900
1338.8611130953047,56.3,1.82,3,0,0,10.385,7.547,7.321,866,900
1338.984434291106,56.3,1.82,2,0,0,7.006,5.591,4.53,866,900
1339.0191093725853,56.3,1.82,3,1,0,17.589,12.354,12.134,867,900
1339.0291957382544,56.3,1.82,2,1,0,13.279,10.07,9.16,867,900
1339.0323128109808,56.3,1.82,2,0,0,7.006,5.591,4.53,867,900
1339.095493610981,56.3,1.82,1,0,0,3.311,2.988,2.048,867,900
1339.09751860585,56.3,1.82,2,0,0,7.006,5.591,4.53,867,900
1339.1055498363223,56.3,1.82,3,0,0,10.385,7.547,7.321,867,900
1339.1070257363535,56.3,1.82,2,0,0,7.006,5.591,4.53,867,900
1339.1298660339287,56.3,1.82,3,0,0,10.385,7.547,7.321,867,900
1339.2807233725734,56.3,1.82,2,0,0,7.006,5.591,4.53,867,900
1339.3257244142935,56.3,1.82,1,0,0,3.311,2.988,2.048,867,900
1339.3377089715734,56.3,1.82,2,0,0,7.006,5.591,4.53,867,900
1339.3471457083224,56.3,1.82,1,0,0,3.311,2.988,2.048,867,900
1339.3781301924278,56.3,1.82,2,0,0,7.006,5.591,4.53,867,900
1339.418632828236,56.3,1.82,3,0,0,10.385,7.547,7.321,867,900
1339.4958977233953,56.3,1.82,2,0,0,7.006,5.591,4.53,867,900
1339.501880558322,56.3,1.82,3,0,0,10.385,7.547,7.321,867,900
1339.562829621915,56.3,1.82,2,0,0,7.006,5.591,4.53,867,900
1339.5823748052621,56.3,1.82,1,0,0,3.311,2.988,2.048,867,900
1339.6060426379354,56.3,1.82,2,0,0,7.006,5.591,4.53,867,900
1339.6587894610122,56.3,1.82,3,0,0,10.385,7.547,7.321,867,900
1339.8013091812252,56.3,45.681570198029156,2,0,0,7.006,5.591,4.53,867,900
1339.8058396968463,56.3,47.88388297778029,1,0,0,3.311,2.988,2.048,867,900
1339.8998735978942,56.3,50.4,2,0,0,7.006,5.591,4.53,867,900
1339.9049717310984,56.3,50.4,3,0,0,10.385,7.547,7.321,867,900
1339.9105852909781,56.3,50.4,2,0,0,7.006,5.591,4.53,867,900
1339.914117319763,56.3,50.4,3,0,0,10.385,7.547,7.321,867,900
1340.1436481573012,56.3,50.4,2,0,0,7.006,5.591,4.53,867,900
1340.1573179414938,56.3,50.4,3,0,0,10.385,7.547,7.321,867,900
1340.310170677637,56.3,50.4,2,0,0,7.006,5.591,4.53,867,900
1340.3431149068294,56.3,50.4,1,0,0,3.311,2.988,2.048,867,900
1340.3762078848492,56.3,50.4,2,0,0,7.006,5.591,4.53,867,900
1340.4157026191983,56.3,50.4,3,0,0,10.385,7.547,7.321,867,900
1340.4325094478716,56.3,50.4,2,0,0,7.006,5.591,4.53,867,900
1340.5503191354048,56.3,50.4,3,0,0,10.385,7.547,7.321,867,900
1340.5720731814959,56.3,50.4,2,0,0,7.006,5.591,4.53,867,900
1340.5924875969579,56.3,50.4,1,0,0,3.311,2.988,2.048,867,900
1340.6807782802123,56.3,50.4,2,0,0,7.006,5.591,4.53,867,900
1340.7250344800223,56.3,50.4,3,0,0,10.385,7.547,7.321,867,900
1340.944969113223,30.3,50.4,2,0,0,7.006,5.591,4.53,867,900
1340.989181906272,30.3,50.4,3,0,0,10.385,7.547,7.321,867,900
1341.0261311942086,30.3,50.4,2,0,0,7.006,5.591,4.53,867,900
1341.0846118115014,30.3,50.4,1,0,0,3.311,2.988,2.048,867,900
1341.1884742606167,30.3,50.4,0,0,0,0.0,0.0,0.0,867,900
1341.2077166460317,30.3,50.4,1,0,0,3.311,2.988,2.048,867,900
1341.252324425379,30.3,50.4,2,0,0,7.006,5.591,4.53,867,900
1341.3042496251148,30.3,50.4,3,0,0,10.385,7.547,7.321,867,900
1341.4181155553104,30.3,50.4,2,0,0,7.006,5.591,4.53,867,900
1341.5078870333493,30.3,50.4,1,0,0,3.311,2.988,2.048,867,900
1341.5220970082162,30.3,50.4,0,0,0,0.0,0.0,0.0,867,900
1341.5438503308376,30.3,50.4,1,0,0,3.311,2.988,2.048,867,900
1341.627235737739,30.3,50.4,2,0,0,7.006,5.591,4.53,867,900
1341.7569210701154,30.3,50.4,1,0,0,3.311,2.988,2.048,867,900
1341.8342383598654,30.3,40.224737126668884,0,0,0,0.0,0.0,0.0,867,900
1341.8852616606403,30.3,17.1220711018154,1,0,0,3.311,2.988,2.048,867,900
1341.9571308711459,30.3,5.37,2,0,0,7.006,5.591,4.53,867,900
1342.1006809979158,30.3,5.37,1,0,0,3.311,2.988,2.048,867,900
1342.1684106316864,30.3,5.37,0,0,0,0.0,0.0,0.0,867,900
1342.2316330664394,30.3,5.37,1,0,0,3.311,2.988,2.048,867,900
1342.4492911777127,30.3,5.37,0,0,0,0.0,0.0,0.0,867,900
1342.466774726373,30.3,5.37,1,0,0,3.311,2.988,2.048,867,900
1342.5827985642338,30.3,5.37,2,0,0,7.006,5.591,4.53,867,900
1342.7273158454495,30.3,5.37,1,0,0,3.311,2.988,2.048,867,900
1342.8031648255046,30.3,5.37,0,0,0,0.0,0.0,0.0,867,900
1346.4380109338808,40.5,2.1,0,1,0,4.554,4.957,2.003,868,900
1346.6954922932764,40.5,2.1,0,0,0,0.0,0.0,0.0,868,900
1347.4378687164551,40.5,2.1,1,0,0,3.311,2.988,2.048,868,900
1347.6883591454643,40.5,2.1,0,0,0,0.0,0.0,0.0,868,900
1347.7157761374644,40.5,2.1,0,0,1,0.528,0.57,0.438,868,900
1347.7662553747002,40.5,2.1,0,0,0,0.0,0.0,0.0,868,900
1347.7969534204626,40.5,2.1,0,0,1,0.528,0.57,0.438,868,900
1347.8471711129794,41.4964775303084,2.1,0,0,0,0.0,0.0,0.0,868,900
1348.8758459180222,43.3,1.72,1,1,0,9.246,7.695,5.518,869,900
1348.8826592613557,43.3,1.72,2,2,0,21.094,15.238,15.196,870,900
1348.8889459180223,43.3,1.72,2,1,0,13.279,10.07,9.16,870,900
1348.8962722598787,43.3,1.72,2,0,0,7.006,5.591,4.53,870,900
1348.9521267180228,43.3,1.72,1,0,0,3.311,2.988,2.048,870,900
1348.9908763238793,43.3,1.72,0,0,0,0.0,0.0,0.0,870,900
1349.026953240787,43.3,1.72,1,0,0,3.311,2.988,2.048,870,900
1349.0453175637876,43.3,1.72,2,1,0,13.279,10.07,9.16,871,900
1349.0586934708995,43.3,1.72,2,0,0,7.006,5.591,4.53,871,900
1349.0826705462546,43.3,1.72,3,0,0,10.385,7.547,7.321,871,900
1349.1211913524478,43.3,1.72,2,0,0,7.006,5.591,4.53,871,900
1349.1218742708993,43.3,1.72,1,0,0,3.311,2.988,2.048,871,900
1349.1977662235915,43.3,1.72,2,0,0,7.006,5.591,4.53,871,900
1349.2123617885825,43.3,1.72,3,0,0,10.385,7.547,7.321,871,900
1349.2248266199024,43.3,1.72,2,0,0,7.006,5.591,4.53,871,900
1349.2940855166323,43.3,1.72,1,0,0,3.311,2.988,2.048,871,900
1349.3197732241904,43.3,1.72,2,0,0,7.006,5.591,4.53,871,900
1349.3527458024582,43.3,1.72,1,0,0,3.311,2.988,2.048,871,900
1349.3725151071567,43.3,1.72,2,0,0,7.006,5.591,4.53,871,900
1349.4382900261892,43.3,1.72,3,0,0,10.385,7.547,7.321,871,900
1349.4657413287514,43.3,1.72,2,0,0,7.006,5.591,4.53,871,900
1349.4703954609613,43.3,1.72,1,0,0,3.311,2.988,2.048,871,900
1349.5508243330596,43.3,1.72,2,0,0,7.006,5.591,4.53,871,900
1349.5640908109524,43.3,1.72,3,0,0,10.385,7.547,7.321,871,900
1349.57505695126,43.3,1.72,2,0,0,7.006,5.591,4.53,871,900
1349.6631928513705,43.3,1.72,3,0,0,10.385,7.547,7.321,871,900
1349.6826153857064,43.3,1.72,2,0,0,7.006,5.591,4.53,871,900
1349.7132747544263,43.3,1.72,1,0,0,3.311,2.988,2.048,871,900
1349.7652851216474,43.3,1.72,2,0,0,7.006,5.591,4.53,871,900
1349.8023534698195,43.3,1.72,1,0,0,3.311,2.988,2.048,871,900
1349.8147398205394,43.3,1.72,2,0,0,7.006,5.591,4.53,871,900
1349.893201816308,43.3,1.72,3,0,0,10.385,7.547,7.321,871,900
1349.8982449101368,43.3,1.72,2,0,0,7.006,5.591,4.53,871,900
1349.9670131709263,43.3,1.970401206268685,1,0,0,3.311,2.988,2.048,871,900
1349.9828334619215,43.3,2.0416017504367128,2,0,0,7.006,5.591,4.53,871,900
1350.0349078401366,43.3,2.17,1,0,0,3.311,2.988,2.048,871,900
1350.0717315499526,43.3,2.17,2,0,0,7.006,5.591,4.53,871,900
1350.1078786772184,43.3,2.17,2,0,1,7.412,5.635,5.165,871,900
1350.1178059862546,43.3,2.17,1,0,1,3.994,3.474,2.656,871,900
1350.128455224005,43.3,2.17,2,0,1,7.412,5.635,5.165,871,900
1350.1761584318306,43.3,2.17,3,1,1,17.687,12.75,13.432,872,900
1350.1906489978683,43.3,2.17,3,0,1,11.271,8.091,7.803,872,900
1350.1982609492181,43.3,2.17,3,0,0,10.385,7.547,7.321,872,900
1350.2724988452126,43.3,2.17,2,0,0,7.006,5.591,4.53,872,900
1350.2852530618686,43.3,2.17,1,0,0,3.311,2.988,2.048,872,900
1350.334819533192,43.3,2.17,2,0,0,7.006,5.591,4.53,872,900
1350.3423990600584,43.3,2.17,1,0,0,3.311,2.988,2.048,872,900
1350.3688276014598,43.3,2.17,2,0,0,7.006,5.591,4.53,872,900
1350.3802052382273,43.3,2.17,3,0,0,10.385,7.547,7.321,872,900
1350.5255490227864,43.3,2.17,2,0,0,7.006,5.591,4.53,872,900
1350.5310932654043,43.3,2.17,1,0,0,3.311,2.988,2.048,872,900
1350.5714254485479,43.3,2.17,0,0,0,0.0,0.0,0.0,872,900
1350.6149714646715,43.3,2.17,1,0,0,3.311,2.988,2.048,872,900
1350.6238618795535,43.3,2.17,2,0,0,7.006,5.591,4.53,872,900
1350.6426183885296,43.3,2.17,3,0,0,10.385,7.547,7.321,872,900
1350.7070833313803,43.3,2.17,3,1,0,17.589,12.354,12.134,873,900
1350.80203471921,43.3,2.17,3,2,0,24.826,17.679,18.858,874,900
1350.8104342815218,43.3,2.17,2,2,0,21.094,15.238,15.196,874,900
1350.8109649517683,43.3,2.17,2,1,0,13.279,10.07,9.16,874,900
1350.8422225469285,43.3,2.17,1,1,0,9.246,7.695,5.518,874,900
1350.8741457517683,43.3,2.17,0,1,0,4.554,4.957,2.003,874,900
1350.8772391093805,43.3,2.17,0,0,0,0.0,0.0,0.0,874,900
1350.8972230768813,43.3,2.17,1,0,0,3.311,2.988,2.048,874,900
1350.9034581169822,43.3,2.17,2,0,0,7.006,5.591,4.53,874,900
1350.9127305638992,43.3,2.17,3,0,0,10.385,7.547,7.321,874,900
1351.0924964316678,43.3,2.17,2,0,0,7.006,5.591,4.53,874,900
1351.103016055479,43.3,2.17,1,0,0,3.311,2.988,2.048,874,900
1351.1192143895096,45.61339028546773,2.17,2,0,0,7.006,5.591,4.53,874,900
1351.136744247588,51.268134932849776,2.17,3,0,0,10.385,7.547,7.321,874,900
1351.1658948093161,60.67146165483004,2.17,2,0,0,7.006,5.591,4.53,874,900
1351.1975580077312,70.88530941992764,2.17,3,0,0,10.385,7.547,7.321,874,900
1351.2827820511375,75.5,2.17,2,0,0,7.006,5.591,4.53,874,900
1351.2885082390378,75.5,2.17,3,0,0,10.385,7.547,7.321,874,900
1351.312237514452,75.5,2.17,3,0,1,11.271,8.091,7.803,874,900
1351.3421197864523,75.5,2.17,3,0,0,10.385,7.547,7.321,874,900
1351.3910425492193,75.5,2.17,3,1,0,17.589,12.354,12.134,875,900
1351.403379898617,75.5,2.17,3,0,0,10.385,7.547,7.321,875,900
1351.466560698617,75.5,2.17,2,0,0,7.006,5.591,4.53,875,900
1351.4711997159834,75.5,2.17,3,0,0,10.385,7.547,7.321,875,900
1352.031920439902,75.5,33.928598843323904,2,0,0,7.006,5.591,4.53,875,900
1352.035827911444,75.5,39.879678097415066,1,0,0,3.311,2.988,2.048,875,900
1352.076986038902,75.5,102.5635072250447,2,0,0,7.006,5.591,4.53,875,900
1352.1221584118664,75.5,155.0,3,0,0,10.385,7.547,7.321,875,900
1352.1239799073016,75.5,155.0,2,0,0,7.006,5.591,4.53,875,900
1352.1448235464857,75.5,155.0,3,0,0,10.385,7.547,7.321,875,900
1352.2593905403671,75.5,155.0,2,0,0,7.006,5.591,4.53,875,900
1352.2887267686024,75.5,155.0,3,0,0,10.385,7.547,7.321,875,900
1352.4989505847414,75.5,155.0,3,1,0,17.589,12.354,12.134,876,900
1352.5122110163961,75.5,155.0,3,0,0,10.385,7.547,7.321,876,900
1352.8060308711867,75.5,155.0,2,0,0,7.006,5.591,4.53,876,900
1352.8114157905177,75.5,155.0,3,0,0,10.385,7.547,7.321,876,900
1352.8364133225687,75.5,155.0,2,0,0,7.006,5.591,4.53,876,900
1352.8529941180216,75.5,155.0,1,0,0,3.311,2.988,2.048,876,900
1352.8991559724525,75.5,155.0,2,0,0,7.006,5.591,4.53,876,900
1352.9477986320742,75.5,155.0,3,0,0,10.385,7.547,7.321,876,900
1352.9548750266454,75.5,155.0,2,0,0,7.006,5.591,4.53,876,900
1352.9549718170476,75.5,155.0,3,0,0,10.385,7.547,7.321,876,900
1353.0435713860068,75.5,155.0,2,0,0,7.006,5.591,4.53,876,900
1353.0497319552383,75.5,155.0,3,0,0,10.385,7.547,7.321,876,900
1353.1074604218195,75.5,155.0,2,0,0,7.006,5.591,4.53,876,900
1353.1397614402872,75.5,155.0,3,0,0,10.385,7.547,7.321,876,900
1353.1462004348598,75.5,155.0,2,0,0,7.006,5.591,4.53,876,900
1353.1951530059084,75.5,155.0,1,0,0,3.311,2.988,2.048,876,900
1353.2121006330678,75.5,155.0,2,0,0,7.006,5.591,4.53,876,900
1353.2599579718635,75.5,155.0,3,0,0,10.385,7.547,7.321,876,900
1353.2870438238554,75.5,155.0,2,0,0,7.006,5.591,4.53,876,900
1353.2920907240443,75.5,155.0,3,0,0,10.385,7.547,7.321,876,900
1353.3670307870634,75.5,155.0,2,0,0,7.006,5.591,4.53,876,900
1353.386419601151,75.5,155.0,3,0,0,10.385,7.547,7.321,876,900
1353.4391685012579,75.5,155.0,2,0,0,7.006,5.591,4.53,876,900
1353.461704498328,75.5,155.0,1,0,0,3.311,2.988,2.048,876,900
1353.474648639535,75.5,155.0,2,0,0,7.006,5.591,4.53,876,900
1353.5367206667338,75.5,155.0,1,0,0,3.311,2.988,2.048,876,900
1353.5383424679364,75.5,155.0,2,0,0,7.006,5.591,4.53,876,900
1353.5779947250098,75.5,155.0,3,0,0,10.385,7.547,7.321,876,900
1353.6879846516927,75.5,155.0,2,0,0,7.006,5.591,4.53,876,900
1353.7476115155994,75.5,155.0,3,0,0,10.385,7.547,7.321,876,900
1354.0577764519192,75.5,155.0,2,0,0,7.006,5.591,4.53,876,900
1354.0933752337903,75.5,155.0,3,0,0,10.385,7.547,7.321,876,900
1354.1065994923315,75.5,155.0,2,0,0,7.006,5.591,4.53,876,900
1354.1428766595263,75.5,155.0,1,0,0,3.311,2.988,2.048,876,900
1354.1638161569151,75.5,155.0,2,0,0,7.006,5.591,4.53,876,900
1354.2278613423687,75.5,155.0,3,0,0,10.385,7.547,7.321,876,900
1354.3603634765414,75.5,204.3918125801865,2,0,0,7.006,5.591,4.53,876,900
1354.4131638943245,75.5,257.0,3,0,0,10.385,7.547,7.321,876,900
1354.4364416238661,75.5,257.0,2,0,0,7.006,5.591,4.53,876,900
1354.4452784407958,75.5,257.0,1,0,0,3.311,2.988,2.048,876,900
1354.4728058291817,75.5,257.0,2,0,0,7.006,5.591,4.53,876,900
1354.5565273820548,75.5,257.0,3,0,0,10.385,7.547,7.321,876,900
1354.6723999031094,75.5,257.0,2,0,0,7.006,5.591,4.53,876,900
1354.738727253796,63.975660286918185,257.0,3,0,0,10.385,7.547,7.321,876,900
1354.7556888461968,56.90657711596049,257.0,2,0,0,7.006,5.591,4.53,876,900
1354.7709576517564,50.542996747273854,257.0,1,0,0,3.311,2.988,2.048,876,900
1354.7884905150524,43.23582499496682,257.0,2,0,0,7.006,5.591,4.53,876,900
1354.8694046575222,33.5,257.0,3,0,0,10.385,7.547,7.321,876,900
1354.9924451032823,33.5,257.0,2,0,0,7.006,5.591,4.53,876,900
1355.0701114567296,33.5,257.0,1,0,0,3.311,2.988,2.048,876,900
1355.1100434150014,33.5,257.0,0,0,0,0.0,0.0,0.0,876,900
1355.1121245155266,33.5,257.0,1,0,0,3.311,2.988,2.048,876,900
1355.1493184988888,33.5,257.0,2,0,0,7.006,5.591,4.53,876,900
1355.18624598112,33.5,257.0,3,0,0,10.385,7.547,7.321,876,900
1355.319459778059,33.5,257.0,2,0,0,7.006,5.591,4.53,876,900
1355.3580442901896,33.5,257.0,1,0,0,3.311,2.988,2.048,876,900
1355.3903797793946,33.5,257.0,0,0,0,0.0,0.0,0.0,876,900
1355.442698457606,33.5,257.0,1,0,0,3.311,2.988,2.048,876,900
1355.5091292688517,33.5,257.0,2,0,0,7.006,5.591,4.53,876,900
1355.6645884474958,33.5,257.0,1,0,0,3.311,2.988,2.048,876,900
1355.7153827061913,33.5,257.0,0,0,0,0.0,0.0,0.0,876,900
1355.836696411714,33.5,257.0,1,0,0,3.311,2.988,2.048,876,900
1355.9745768762182,33.5,257.0,2,0,0,7.006,5.591,4.53,876,900
1356.0452969441199,33.5,257.0,1,0,0,3.311,2.988,2.048,876,900
1356.1691826077083,33.5,257.0,2,0,0,7.006,5.591,4.53,876,900
1356.247052932779,33.5,257.0,1,0,0,3.311,2.988,2.048,876,900
1356.38039698718,33.5,257.0,0,0,0,0.0,0.0,0.0,876,900
1356.5068304828353,33.5,257.0,1,0,0,3.311,2.988,2.048,876,900
1356.7203354773733,33.5,262.0,0,0,0,0.0,0.0,0.0,876,900
1356.8493224680944,33.5,262.0,1,0,0,3.311,2.988,2.048,876,900
1357.0650082536988,33.5,262.0,0,0,0,0.0,0.0,0.0,876,900
1360.0878084890726,31.4,102.0,1,0,0,3.311,2.988,2.048,876,900
1360.3836836209482,31.4,102.0,0,0,0,0.0,0.0,0.0,876,900
1360.4651806129482,31.4,102.0,0,0,1,0.528,0.57,0.438,876,900
1360.5536989169477,31.4,102.0,0,0,0,0.0,0.0,0.0,876,900
1360.6214080689476,31.4,102.0,0,0,1,0.528,0.57,0.438,876,900
1360.7031830482774,31.4,102.0,1,1,1,9.384,7.485,6.716,877,900
1360.7084655409478,31.4,102.0,1,1,0,9.246,7.695,5.518,877,900
1360.7364830482775,31.4,87.40815895436089,1,0,0,3.311,2.988,2.048,877,900
1360.8687178642772,31.4,43.4,0,0,0,0.0,0.0,0.0,877,900
1360.9850121819143,31.4,43.4,1,0,0,3.311,2.988,2.048,877,900
1361.1241175205225,31.4,43.4,1,0,1,3.994,3.474,2.656,877,900
1361.1525997925228,31.4,43.4,1,0,0,3.311,2.988,2.048,877,900
1361.1891609617394,31.4,43.4,0,0,0,0.0,0.0,0.0,877,900
1361.248896722578,31.4,43.4,0,0,1,0.528,0.57,0.438,877,900
1361.288378994578,31.4,43.4,0,0,0,0.0,0.0,0.0,877,900
1361.311156347871,31.4,43.4,1,0,0,3.311,2.988,2.048,877,900
1361.520984561189,31.4,43.4,0,0,0,0.0,0.0,0.0,877,900
1361.748534271508,41.4,43.4,1,1,0,9.246,7.695,5.518,878,900
1361.7609213682822,41.4,43.4,1,0,0,3.311,2.988,2.048,878,900
1361.8241021682825,41.4,43.4,0,0,0,0.0,0.0,0.0,878,900
1361.9110649502238,41.4,43.4,1,0,0,3.311,2.988,2.048,878,900
1362.0175547670467,41.4,43.4,0,0,0,0.0,0.0,0.0,878,900
1362.0456439674856,41.4,43.4,1,0,0,3.311,2.988,2.048,878,900
1362.106958573278,41.4,43.4,2,0,0,7.006,5.591,4.53,878,900
1362.2472929353905,41.4,43.4,1,0,0,3.311,2.988,2.048,878,900
1362.3168652816737,41.4,43.4,2,1,0,13.279,10.07,9.16,879,900
1362.334253960919,41.4,43.4,2,0,0,7.006,5.591,4.53,879,900
1362.339732033794,41.4,43.4,3,0,0,10.385,7.547,7.321,879,900
1362.428858024919,41.4,43.4,2,0,0,7.006,5.591,4.53,879,900
1362.4592710458112,41.4,43.4,3,1,0,17.589,12.354,12.134,880,900
1362.4799347229412,41.4,43.4,3,0,0,10.385,7.547,7.321,880,900
1362.4828709360788,41.4,43.4,2,0,0,7.006,5.591,4.53,880,900
1362.5129756547733,41.4,43.4,1,0,0,3.311,2.988,2.048,880,900
1362.534239151749,41.4,43.4,2,0,0,7.006,5.591,4.53,880,900
1362.578031183654,41.4,43.4,3,0,0,10.385,7.547,7.321,880,900
1362.6121695389415,41.4,43.4,2,0,0,7.006,5.591,4.53,880,900
1362.6457726467736,41.4,43.4,2,0,1,7.412,5.635,5.165,880,900
1362.6730999199854,41.4,43.4,2,0,2,8.213,6.043,5.534,880,900
1362.6901101572212,41.4,43.4,1,0,2,4.593,3.608,3.001,880,900
1362.7052821919854,41.4,43.4,1,0,1,3.994,3.474,2.656,880,900
1362.7239232341117,41.4,43.4,0,0,1,0.528,0.57,0.438,880,900
1362.7299485511166,41.4,43.4,1,0,1,3.994,3.474,2.656,880,900
1362.7855909507741,41.4,43.4,1,0,0,3.311,2.988,2.048,880,900
1362.7995398575424,41.4,43.4,2,0,0,7.006,5.591,4.53,880,900
1362.8222190918593,41.4,44.94363947616144,3,0,0,10.385,7.547,7.321,880,900
1362.9046001027748,41.4,57.430131506693286,3,0,1,11.271,8.091,7.803,880,900
1362.9355958849385,41.4,58.5,2,0,1,7.412,5.635,5.165,880,900
1362.970986210489,41.4,58.5,1,0,1,3.994,3.474,2.656,880,900
1362.9973273735052,41.4,58.5,0,0,1,0.528,0.57,0.438,880,900
1363.0405814807405,41.4,58.5,0,0,0,0.0,0.0,0.0,880,900
1363.0591868412787,41.4,58.5,1,0,0,3.311,2.988,2.048,880,900
1363.0716799315603,41.4,58.5,2,0,0,7.006,5.591,4.53,880,900
1363.0951254264646,41.4,58.5,3,0,0,10.385,7.547,7.321,880,900
1363.2170914586636,41.4,58.5,2,0,0,7.006,5.591,4.53,880,900
1363.2706244842657,41.4,58.5,1,0,0,3.311,2.988,2.048,880,900
1363.2808755515402,41.4,58.5,0,0,0,0.0,0.0,0.0,880,900
1363.3146718902055,41.4,58.5,1,0,0,3.311,2.988,2.048,880,900
1363.3822382714297,41.4,58.5,2,0,0,7.006,5.591,4.53,880,900
1363.4627331349873,41.4,58.5,1,0,0,3.311,2.988,2.048,880,900
1363.5534683532442,41.4,58.5,1,0,1,3.994,3.474,2.656,880,900
1363.5627654312084,41.4,58.5,2,0,1,7.412,5.635,5.165,880,900
1363.5711657334357,41.4,58.5,1,0,1,3.994,3.474,2.656,880,900
1363.5820306252442,41.4,58.5,1,0,0,3.311,2.988,2.048,880,900
1363.6760271972555,41.4,58.5,2,0,0,7.006,5.591,4.53,880,900
1363.7130575776691,41.4,58.5,1,0,0,3.311,2.988,2.048,880,900
1363.815856867568,41.4,58.5,2,0,0,7.006,5.591,4.53,880,900
1363.8685180121915,41.4,58.5,1,0,0,3.311,2.988,2.048,880,900
1363.9276010982367,41.4,58.5,2,1,0,13.279,10.07,9.16,881,900
1363.9601664692616,41.4,58.5,2,0,0,7.006,5.591,4.53,881,900
1364.0059600757072,41.4,58.5,1,0,0,3.311,2.988,2.048,881,900
1364.0924012852613,41.4,58.5,0,0,0,0.0,0.0,0.0,881,900
1364.1052729643297,41.4,58.5,1,1,0,9.246,7.695,5.518,882,900
1364.1118939595249,41.4,58.5,2,1,0,13.279,10.07,9.16,882,900
1364.16067296433,41.4,58.5,2,0,0,7.006,5.591,4.53,882,900
1364.2929077803303,41.4,58.5,1,0,0,3.311,2.988,2.048,882,900
1364.3056258735828,41.4,58.5,0,0,0,0.0,0.0,0.0,882,900
1364.4142860663196,41.4,58.5,1,0,0,3.311,2.988,2.048,882,900
1364.5553883368189,41.4,58.5,2,0,0,7.006,5.591,4.53,882,900
1364.611276350296,41.4,58.5,1,0,0,3.311,2.988,2.048,882,900
1364.7232038089508,41.4,58.5,2,0,0,7.006,5.591,4.53,882,900
1364.7419344752457,41.4,58.5,3,1,0,17.589,12.354,12.134,883,900
1364.7622344752456,41.4,58.5,3,0,0,10.385,7.547,7.321,883,900
1364.843794601783,41.4,58.5,3,0,1,11.271,8.091,7.803,883,900
1364.856838539246,41.4,58.5,2,0,1,7.412,5.635,5.165,883,900
1364.8849298643865,41.4,58.5,2,1,1,13.839,10.395,10.164,884,900
1364.9225410708452,41.4,58.5,1,1,1,9.384,7.485,6.716,884,900
1364.9352066483418,41.4,58.5,1,1,0,9.246,7.695,5.518,884,900
1364.9544625954773,41.4,58.5,2,1,0,13.279,10.07,9.16,884,900
1365.0343293615042,41.4,98.82078109003203,2,0,0,7.006,5.591,4.53,884,900
1365.0374147704185,41.4,104.26631230380131,3,0,0,10.385,7.547,7.321,884,900
1365.1025034366342,41.4,219.14326163292074,2,0,0,7.006,5.591,4.53,884,900
1365.2036644103446,41.4,235.0,3,0,0,10.385,7.547,7.321,884,900
1365.2400147542312,41.4,235.0,2,0,0,7.006,5.591,4.53,884,900
1365.3931101059807,41.4,235.0,1,0,0,3.311,2.988,2.048,884,900
1365.4136844002305,40.77450944871051,235.0,2,0,0,7.006,5.591,4.53,884,900
1365.498455919096,13.166284571307163,235.0,3,0,0,10.385,7.547,7.321,884,900
1365.5744106314098,8.8,235.0,2,0,0,7.006,5.591,4.53,884,900
1365.616267558681,8.8,235.0,1,0,0,3.311,2.988,2.048,884,900
1365.6907856900327,8.8,235.0,0,0,0,0.0,0.0,0.0,884,900
1365.796744846199,8.8,235.0,1,0,0,3.311,2.988,2.048,884,900
1365.944082989942,8.8,235.0,2,0,0,7.006,5.591,4.53,884,900
1365.9903043412778,8.8,235.0,1,0,0,3.311,2.988,2.048,884,900
1366.1000470157417,8.8,235.0,2,0,0,7.006,5.591,4.53,884,900
1366.1315882483407,8.8,235.0,3,1,0,17.589,12.354,12.134,885,900
1366.1988882483402,8.8,235.0,3,0,0,10.385,7.547,7.321,885,900
1366.2047507651564,8.8,235.0,2,0,0,7.006,5.591,4.53,885,900
1366.297454638117,8.8,235.0,1,0,0,3.311,2.988,2.048,885,900
1366.3067347057718,8.8,235.0,2,0,0,7.006,5.591,4.53,885,900
1366.3311230643394,8.8,235.0,1,0,0,3.311,2.988,2.048,885,900
1366.4113534698788,8.8,235.0,2,0,0,7.006,5.591,4.53,885,900
1366.4411425193398,8.8,235.0,3,0,0,10.385,7.547,7.321,885,900
1366.5588245570798,8.8,235.0,2,0,0,7.006,5.591,4.53,885,900
1366.6134266595527,8.8,235.0,1,0,0,3.311,2.988,2.048,885,900
1366.6383296233398,8.8,235.0,0,0,0,0.0,0.0,0.0,885,900
1366.731085430612,8.8,235.0,1,0,0,3.311,2.988,2.048,885,900
1366.7485556413394,8.8,235.0,2,0,0,7.006,5.591,4.53,885,900
1366.9361455635842,8.8,235.0,1,0,0,3.311,2.988,2.048,885,900
1366.9455047114582,8.8,235.0,0,0,0,0.0,0.0,0.0,885,900
1367.0465092854279,8.8,235.0,1,0,0,3.311,2.988,2.048,885,900
1367.2364273122462,8.8,1.77,0,0,0,0.0,0.0,0.0,885,900
1367.3412510300034,8.8,1.77,1,0,0,3.311,2.988,2.048,885,900
1367.5336788556097,8.8,1.77,0,0,0,0.0,0.0,0.0,885,900
1367.642374772155,8.8,1.77,1,0,0,3.311,2.988,2.048,885,900
1367.8388951805493,8.8,1.77,0,0,0,0.0,0.0,0.0,885,900
1367.9513927368826,8.8,1.77,1,0,0,3.311,2.988,2.048,885,900
1368.0190109439186,8.8,1.77,2,0,0,7.006,5.591,4.53,885,900
1368.1514720320642,8.8,1.77,1,0,0,3.311,2.988,2.048,885,900
1368.2676132721856,8.8,1.77,2,0,0,7.006,5.591,4.53,885,900
1368.3403467319417,8.8,1.77,3,0,0,10.385,7.547,7.321,885,900
1368.456901902033,8.8,1.77,2,0,0,7.006,5.591,4.53,885,900
1368.4709300781549,8.8,1.77,1,0,0,3.311,2.988,2.048,885,900
1368.5909103340634,8.8,1.77,2,0,0,7.006,5.591,4.53,885,900
1368.6078535415772,8.8,1.77,1,0,0,3.311,2.988,2.048,885,900
1368.7987784108211,8.8,1.77,0,0,0,0.0,0.0,0.0,885,900
1368.9225382235181,10.367617715753315,1.77,1,0,0,3.311,2.988,2.048,885,900
1369.1339777310636,22.7,2.3096957208278672,0,0,0,0.0,0.0,0.0,885,900
1369.7756890965256,22.7,4.15,1,0,0,3.311,2.988,2.048,885,900
1370.0414585809872,22.7,4.15,0,0,0,0.0,0.0,0.0,885,900
1373.805833724811,7.2,55.6,0,0,1,0.528,0.57,0.438,885,900
1373.8749159968106,7.2,55.6,0,0,0,0.0,0.0,0.0,885,900
1375.0463975968128,7.2,55.6,1,1,0,9.246,7.695,5.518,886,900
1375.0657183515295,7.2,55.6,1,0,0,3.311,2.988,2.048,886,900
1375.19795316753,7.2,55.6,0,0,0,0.0,0.0,0.0,886,900
1375.3108540952765,7.2,55.6,1,0,0,3.311,2.988,2.048,886,900
1375.511577808291,7.2,113.0,0,0,0,0.0,0.0,0.0,887,900
1375.629926389184,7.2,113.0,1,0,0,3.311,2.988,2.048,887,900
1375.836076120345,7.2,113.0,0,0,0,0.0,0.0,0.0,887,900
1375.959446525385,7.2,113.0,1,0,0,3.311,2.988,2.048,887,900
1376.008694290159,7.2,113.0,2,1,0,13.279,10.07,9.16,888,900
1376.0481942901588,7.2,113.0,2,0,0,7.006,5.591,4.53,888,900
1376.1427983541587,7.2,113.0,1,0,0,3.311,2.988,2.048,888,900
1376.1719120346927,7.2,113.0,0,0,0,0.0,0.0,0.0,888,900
1376.2452533725836,7.2,113.0,1,0,0,3.311,2.988,2.048,888,900
1376.3981706973677,7.2,113.0,0,0,0,0.0,0.0,0.0,889,900
1376.5044812833103,7.2,113.0,1,0,0,3.311,2.988,2.048,889,900
1376.6991221126132,7.2,113.0,0,0,0,0.0,0.0,0.0,889,900
1376.80919080829,7.2,113.0,1,0,0,3.311,2.988,2.048,889,900
1377.0072568794303,7.2,113.0,0,0,0,0.0,0.0,0.0,889,900
1377.1216414747396,7.2,113.0,1,0,0,3.311,2.988,2.048,889,900
1377.3236916592164,7.2,113.0,0,0,0,0.0,0.0,0.0,889,900
1377.4423817748605,7.2,113.0,1,0,0,3.311,2.988,2.048,889,900
1377.6488020886727,18.0,77.9,0,0,0,0.0,0.0,0.0,889,900
1377.7721703636535,18.0,77.9,1,0,0,3.311,2.988,2.048,889,900
1377.9837782468016,18.0,77.9,0,0,0,0.0,0.0,0.0,890,900
1378.2331154270385,18.0,77.9,1,1,0,9.246,7.695,5.518,891,900
1378.3019154270382,18.0,77.9,1,0,0,3.311,2.988,2.048,891,900
1378.3838070665834,18.0,77.9,2,1,0,13.279,10.07,9.16,892,900
1378.3976657131996,18.0,77.9,2,0,0,7.006,5.591,4.53,892,900
1378.4341502430382,18.0,77.9,1,0,0,3.311,2.988,2.048,892,900
1378.4922697772,18.0,77.9,0,0,0,0.0,0.0,0.0,892,900
1378.5849479718763,18.0,77.9,1,0,0,3.311,2.988,2.048,892,900
1378.7279963473654,18.0,77.9,0,0,0,0.0,0.0,0.0,892,900
1378.8238852307268,18.0,77.9,1,0,0,3.311,2.988,2.048,892,900
1378.866032294883,18.0,77.9,2,0,0,7.006,5.591,4.53,892,900
1378.9708039439004,18.0,77.9,1,0,0,3.311,2.988,2.048,892,900
1379.0721042939003,18.0,77.9,2,0,0,7.006,5.591,4.53,893,900
1379.1330986749708,18.0,77.9,1,0,0,3.311,2.988,2.048,893,900
1379.2610938939004,18.0,77.9,0,0,0,0.0,0.0,0.0,893,900
1379.3630245582967,18.0,77.9,1,0,0,3.311,2.988,2.048,893,900
1379.5524587787997,18.0,77.9,0,0,0,0.0,0.0,0.0,893,900
1379.6582765610485,18.0,77.9,1,0,0,3.311,2.988,2.048,893,900
1379.7363152131193,18.0,111.0811851249068,2,0,0,7.006,5.591,4.53,893,900
1379.8515354704039,18.0,213.0,1,0,0,3.311,2.988,2.048,893,900
1379.8700021059942,18.0,213.0,2,1,0,13.279,10.07,9.16,894,900
1379.9271021059944,18.0,213.0,2,0,0,7.006,5.591,4.53,894,900
1379.9608493005048,18.0,213.0,3,0,0,10.385,7.547,7.321,894,900
1380.0163582279474,18.0,213.0,2,0,0,7.006,5.591,4.53,894,900
1380.0217061699946,18.0,213.0,1,0,0,3.311,2.988,2.048,894,900
1380.1216135939942,18.0,213.0,2,0,0,7.006,5.591,4.53,894,900
1380.1584328667113,18.0,213.0,1,0,0,3.311,2.988,2.048,894,900
1380.271423580664,18.0,213.0,2,0,0,7.006,5.591,4.53,894,900
1380.308494169994,18.0,213.0,1,0,0,3.311,2.988,2.048,894,900
1380.4084700099943,18.0,213.0,2,0,0,7.006,5.591,4.53,894,900
1380.4720080277236,18.0,213.0,1,0,0,3.311,2.988,2.048,894,900
1380.5584290819945,18.0,213.0,0,0,0,0.0,0.0,0.0,894,900
1380.5888307235284,18.0,213.0,1,0,0,3.311,2.988,2.048,894,900
1380.6583103289947,18.0,213.0,2,0,0,7.006,5.591,4.53,894,900
1380.7930449154405,18.0,213.0,1,0,0,3.311,2.988,2.048,894,900
1380.8084355129954,18.0,213.0,0,0,0,0.0,0.0,0.0,894,900
1380.9082367949952,18.0,213.0,1,0,0,3.311,2.988,2.048,894,900
1380.913702828097,18.0,213.0,2,0,0,7.006,5.591,4.53,894,900
1381.058000314995,18.0,213.0,1,0,0,3.311,2.988,2.048,894,900
1381.12224634886,18.0,213.0,0,0,0,0.0,0.0,0.0,894,900
1381.1577015712921,18.0,213.0,1,0,0,3.311,2.988,2.048,894,900
1381.3450904068861,18.0,213.0,0,0,0,0.0,0.0,0.0,894,900
1381.4484033215615,18.0,213.0,1,0,0,3.311,2.988,2.048,894,900
1381.640474119535,18.0,213.0,0,0,0,0.0,0.0,0.0,894,900
1381.7469984715888,18.0,213.0,1,0,0,3.311,2.988,2.048,894,900
1381.8875413443682,18.0,213.0,2,0,0,7.006,5.591,4.53,894,900
1381.94183363194,13.509665607130568,204.20137179775585,1,0,0,3.311,2.988,2.048,894,900
1382.0517111123722,3.2,184.0,2,0,0,7.006,5.591,4.53,894,900
1382.149758221581,3.2,184.0,1,0,0,3.311,2.988,2.048,894,900
1382.248821899102,3.2,184.0,0,0,0,0.0,0.0,0.0,894,900
1382.3620918699128,3.2,184.0,1,0,0,3.311,2.988,2.048,894,900
1382.563422347021,3.2,184.0,0,0,0,0.0,0.0,0.0,894,900
1382.6797845420888,3.2,184.0,1,0,0,3.311,2.988,2.048,894,900
1382.8844831921865,3.2,184.0,0,0,0,0.0,0.0,0.0,894,900
1383.0042789494912,3.2,184.0,1,0,0,3.311,2.988,2.048,894,900
1383.2116303278256,3.2,184.0,0,0,0,0.0,0.0,0.0,894,900
1383.3349262993672,3.2,184.0,1,0,0,3.311,2.988,2.048,894,900
1383.589243173939,3.2,184.0,0,0,0,0.0,0.0,0.0,894,900
1390.7347498905804,49.1,6.76,0,0,1,0.528,0.57,0.438,896,900
1390.8152321625805,49.1,6.76,0,0,0,0.0,0.0,0.0,896,900
